returncode	checker	bc_file	stdout_file	stderr_file	elapsed_seconds
0	leak	workspace/openssl-bc/bc/apps/lib/libapps-lib-app_libctx.bc	-	-	0.114
0	dfree	workspace/openssl-bc/bc/apps/lib/libapps-lib-app_libctx.bc	-	-	0.016
0	fileck	workspace/openssl-bc/bc/apps/lib/libapps-lib-app_libctx.bc	-	-	0.016
0	null-deref	workspace/openssl-bc/bc/apps/lib/libapps-lib-app_libctx.bc	-	-	0.016
0	leak	workspace/openssl-bc/bc/apps/lib/libapps-lib-app_params.bc	-	-	0.032
0	dfree	workspace/openssl-bc/bc/apps/lib/libapps-lib-app_params.bc	-	-	0.032
0	fileck	workspace/openssl-bc/bc/apps/lib/libapps-lib-app_params.bc	-	-	0.032
0	null-deref	workspace/openssl-bc/bc/apps/lib/libapps-lib-app_params.bc	-	-	0.032
0	leak	workspace/openssl-bc/bc/apps/lib/libapps-lib-app_provider.bc	-	-	0.032
0	dfree	workspace/openssl-bc/bc/apps/lib/libapps-lib-app_provider.bc	-	-	0.032
0	fileck	workspace/openssl-bc/bc/apps/lib/libapps-lib-app_provider.bc	-	-	0.032
0	null-deref	workspace/openssl-bc/bc/apps/lib/libapps-lib-app_provider.bc	-	-	0.032
0	leak	workspace/openssl-bc/bc/apps/lib/libapps-lib-app_rand.bc	-	-	0.016
0	dfree	workspace/openssl-bc/bc/apps/lib/libapps-lib-app_rand.bc	-	-	0.032
0	fileck	workspace/openssl-bc/bc/apps/lib/libapps-lib-app_rand.bc	-	-	0.032
0	null-deref	workspace/openssl-bc/bc/apps/lib/libapps-lib-app_rand.bc	-	-	0.032
0	leak	workspace/openssl-bc/bc/apps/lib/libapps-lib-app_x509.bc	-	-	0.032
0	dfree	workspace/openssl-bc/bc/apps/lib/libapps-lib-app_x509.bc	-	-	0.032
0	fileck	workspace/openssl-bc/bc/apps/lib/libapps-lib-app_x509.bc	-	-	0.016
0	null-deref	workspace/openssl-bc/bc/apps/lib/libapps-lib-app_x509.bc	-	-	0.016
0	leak	workspace/openssl-bc/bc/apps/lib/libapps-lib-apps.bc	-	outputs/saber/openssl/workspace__openssl-bc__bc__apps__lib__libapps-lib-apps.leak.stderr.txt	0.365
0	dfree	workspace/openssl-bc/bc/apps/lib/libapps-lib-apps.bc	-	outputs/saber/openssl/workspace__openssl-bc__bc__apps__lib__libapps-lib-apps.dfree.stderr.txt	0.365
0	fileck	workspace/openssl-bc/bc/apps/lib/libapps-lib-apps.bc	-	-	0.215
0	null-deref	workspace/openssl-bc/bc/apps/lib/libapps-lib-apps.bc	-	outputs/saber/openssl/workspace__openssl-bc__bc__apps__lib__libapps-lib-apps.null-deref.stderr.txt	0.366
0	leak	workspace/openssl-bc/bc/apps/lib/libapps-lib-apps_opt_printf.bc	-	-	0.016
0	dfree	workspace/openssl-bc/bc/apps/lib/libapps-lib-apps_opt_printf.bc	-	-	0.016
0	fileck	workspace/openssl-bc/bc/apps/lib/libapps-lib-apps_opt_printf.bc	-	-	0.016
0	null-deref	workspace/openssl-bc/bc/apps/lib/libapps-lib-apps_opt_printf.bc	-	-	0.016
0	leak	workspace/openssl-bc/bc/apps/lib/libapps-lib-apps_ui.bc	-	-	0.032
0	dfree	workspace/openssl-bc/bc/apps/lib/libapps-lib-apps_ui.bc	-	-	0.032
0	fileck	workspace/openssl-bc/bc/apps/lib/libapps-lib-apps_ui.bc	-	-	0.032
0	null-deref	workspace/openssl-bc/bc/apps/lib/libapps-lib-apps_ui.bc	-	-	0.032
0	leak	workspace/openssl-bc/bc/apps/lib/libapps-lib-columns.bc	-	-	0.016
0	dfree	workspace/openssl-bc/bc/apps/lib/libapps-lib-columns.bc	-	-	0.016
0	fileck	workspace/openssl-bc/bc/apps/lib/libapps-lib-columns.bc	-	-	0.016
0	null-deref	workspace/openssl-bc/bc/apps/lib/libapps-lib-columns.bc	-	-	0.016
0	leak	workspace/openssl-bc/bc/apps/lib/libapps-lib-fmt.bc	-	-	0.016
0	dfree	workspace/openssl-bc/bc/apps/lib/libapps-lib-fmt.bc	-	-	0.016
0	fileck	workspace/openssl-bc/bc/apps/lib/libapps-lib-fmt.bc	-	-	0.016
0	null-deref	workspace/openssl-bc/bc/apps/lib/libapps-lib-fmt.bc	-	-	0.016
0	leak	workspace/openssl-bc/bc/apps/lib/libapps-lib-http_server.bc	-	-	0.032
0	dfree	workspace/openssl-bc/bc/apps/lib/libapps-lib-http_server.bc	-	-	0.032
0	fileck	workspace/openssl-bc/bc/apps/lib/libapps-lib-http_server.bc	-	-	0.064
0	null-deref	workspace/openssl-bc/bc/apps/lib/libapps-lib-http_server.bc	-	-	0.032
0	leak	workspace/openssl-bc/bc/apps/lib/libapps-lib-log.bc	-	-	0.032
0	dfree	workspace/openssl-bc/bc/apps/lib/libapps-lib-log.bc	-	-	0.032
0	fileck	workspace/openssl-bc/bc/apps/lib/libapps-lib-log.bc	-	-	0.016
0	null-deref	workspace/openssl-bc/bc/apps/lib/libapps-lib-log.bc	-	-	0.032
0	leak	workspace/openssl-bc/bc/apps/lib/libapps-lib-names.bc	-	-	0.016
0	dfree	workspace/openssl-bc/bc/apps/lib/libapps-lib-names.bc	-	-	0.016
0	fileck	workspace/openssl-bc/bc/apps/lib/libapps-lib-names.bc	-	-	0.016
0	null-deref	workspace/openssl-bc/bc/apps/lib/libapps-lib-names.bc	-	-	0.016
0	leak	workspace/openssl-bc/bc/apps/lib/libapps-lib-opt.bc	-	-	0.064
0	dfree	workspace/openssl-bc/bc/apps/lib/libapps-lib-opt.bc	-	-	0.064
0	fileck	workspace/openssl-bc/bc/apps/lib/libapps-lib-opt.bc	-	-	0.064
0	null-deref	workspace/openssl-bc/bc/apps/lib/libapps-lib-opt.bc	-	-	0.064
0	leak	workspace/openssl-bc/bc/apps/lib/libapps-lib-s_cb.bc	-	-	0.114
0	dfree	workspace/openssl-bc/bc/apps/lib/libapps-lib-s_cb.bc	-	-	0.115
0	fileck	workspace/openssl-bc/bc/apps/lib/libapps-lib-s_cb.bc	-	-	0.114
0	null-deref	workspace/openssl-bc/bc/apps/lib/libapps-lib-s_cb.bc	-	-	0.114
0	leak	workspace/openssl-bc/bc/apps/lib/libapps-lib-s_socket.bc	-	-	0.032
0	dfree	workspace/openssl-bc/bc/apps/lib/libapps-lib-s_socket.bc	-	-	0.032
0	fileck	workspace/openssl-bc/bc/apps/lib/libapps-lib-s_socket.bc	-	-	0.032
0	null-deref	workspace/openssl-bc/bc/apps/lib/libapps-lib-s_socket.bc	-	-	0.032
0	leak	workspace/openssl-bc/bc/apps/lib/libapps-lib-tlssrp_depr.bc	-	-	0.032
0	dfree	workspace/openssl-bc/bc/apps/lib/libapps-lib-tlssrp_depr.bc	-	-	0.032
0	fileck	workspace/openssl-bc/bc/apps/lib/libapps-lib-tlssrp_depr.bc	-	-	0.032
0	null-deref	workspace/openssl-bc/bc/apps/lib/libapps-lib-tlssrp_depr.bc	-	-	0.032
0	leak	workspace/openssl-bc/bc/apps/lib/openssl-bin-cmp_mock_srv.bc	-	-	0.064
0	dfree	workspace/openssl-bc/bc/apps/lib/openssl-bin-cmp_mock_srv.bc	-	-	0.064
0	fileck	workspace/openssl-bc/bc/apps/lib/openssl-bin-cmp_mock_srv.bc	-	-	0.064
0	null-deref	workspace/openssl-bc/bc/apps/lib/openssl-bin-cmp_mock_srv.bc	-	-	0.064
0	leak	workspace/openssl-bc/bc/apps/openssl-bin-asn1parse.bc	-	-	0.032
0	dfree	workspace/openssl-bc/bc/apps/openssl-bin-asn1parse.bc	-	-	0.032
0	fileck	workspace/openssl-bc/bc/apps/openssl-bin-asn1parse.bc	-	-	0.032
0	null-deref	workspace/openssl-bc/bc/apps/openssl-bin-asn1parse.bc	-	-	0.032
0	leak	workspace/openssl-bc/bc/apps/openssl-bin-ca.bc	-	outputs/saber/openssl/workspace__openssl-bc__bc__apps__openssl-bin-ca.leak.stderr.txt	0.164
0	dfree	workspace/openssl-bc/bc/apps/openssl-bin-ca.bc	-	-	0.164
0	fileck	workspace/openssl-bc/bc/apps/openssl-bin-ca.bc	-	-	0.164
0	null-deref	workspace/openssl-bc/bc/apps/openssl-bin-ca.bc	-	outputs/saber/openssl/workspace__openssl-bc__bc__apps__openssl-bin-ca.null-deref.stderr.txt	0.164
0	leak	workspace/openssl-bc/bc/apps/openssl-bin-ciphers.bc	-	-	0.032
0	dfree	workspace/openssl-bc/bc/apps/openssl-bin-ciphers.bc	-	-	0.032
0	fileck	workspace/openssl-bc/bc/apps/openssl-bin-ciphers.bc	-	-	0.032
0	null-deref	workspace/openssl-bc/bc/apps/openssl-bin-ciphers.bc	-	-	0.032
0	leak	workspace/openssl-bc/bc/apps/openssl-bin-cmp.bc	-	-	0.315
0	dfree	workspace/openssl-bc/bc/apps/openssl-bin-cmp.bc	-	-	0.315
0	fileck	workspace/openssl-bc/bc/apps/openssl-bin-cmp.bc	-	-	0.265
0	null-deref	workspace/openssl-bc/bc/apps/openssl-bin-cmp.bc	-	-	0.315
0	leak	workspace/openssl-bc/bc/apps/openssl-bin-cms.bc	-	outputs/saber/openssl/workspace__openssl-bc__bc__apps__openssl-bin-cms.leak.stderr.txt	0.114
0	dfree	workspace/openssl-bc/bc/apps/openssl-bin-cms.bc	-	-	0.114
0	fileck	workspace/openssl-bc/bc/apps/openssl-bin-cms.bc	-	-	0.114
0	null-deref	workspace/openssl-bc/bc/apps/openssl-bin-cms.bc	-	outputs/saber/openssl/workspace__openssl-bc__bc__apps__openssl-bin-cms.null-deref.stderr.txt	0.114
0	leak	workspace/openssl-bc/bc/apps/openssl-bin-configutl.bc	-	-	0.032
0	dfree	workspace/openssl-bc/bc/apps/openssl-bin-configutl.bc	-	-	0.032
0	fileck	workspace/openssl-bc/bc/apps/openssl-bin-configutl.bc	-	-	0.032
0	null-deref	workspace/openssl-bc/bc/apps/openssl-bin-configutl.bc	-	-	0.032
0	leak	workspace/openssl-bc/bc/apps/openssl-bin-crl.bc	-	-	0.032
0	dfree	workspace/openssl-bc/bc/apps/openssl-bin-crl.bc	-	-	0.032
0	fileck	workspace/openssl-bc/bc/apps/openssl-bin-crl.bc	-	-	0.032
0	null-deref	workspace/openssl-bc/bc/apps/openssl-bin-crl.bc	-	-	0.032
0	leak	workspace/openssl-bc/bc/apps/openssl-bin-crl2pkcs7.bc	-	-	0.032
0	dfree	workspace/openssl-bc/bc/apps/openssl-bin-crl2pkcs7.bc	-	-	0.032
0	fileck	workspace/openssl-bc/bc/apps/openssl-bin-crl2pkcs7.bc	-	-	0.032
0	null-deref	workspace/openssl-bc/bc/apps/openssl-bin-crl2pkcs7.bc	-	-	0.032
0	leak	workspace/openssl-bc/bc/apps/openssl-bin-dgst.bc	-	-	0.064
0	dfree	workspace/openssl-bc/bc/apps/openssl-bin-dgst.bc	-	-	0.064
0	fileck	workspace/openssl-bc/bc/apps/openssl-bin-dgst.bc	-	-	0.064
0	null-deref	workspace/openssl-bc/bc/apps/openssl-bin-dgst.bc	-	-	0.064
0	leak	workspace/openssl-bc/bc/apps/openssl-bin-dhparam.bc	-	-	0.032
0	dfree	workspace/openssl-bc/bc/apps/openssl-bin-dhparam.bc	-	-	0.032
0	fileck	workspace/openssl-bc/bc/apps/openssl-bin-dhparam.bc	-	-	0.032
0	null-deref	workspace/openssl-bc/bc/apps/openssl-bin-dhparam.bc	-	-	0.032
0	leak	workspace/openssl-bc/bc/apps/openssl-bin-dsa.bc	-	-	0.032
0	dfree	workspace/openssl-bc/bc/apps/openssl-bin-dsa.bc	-	-	0.032
0	fileck	workspace/openssl-bc/bc/apps/openssl-bin-dsa.bc	-	-	0.032
0	null-deref	workspace/openssl-bc/bc/apps/openssl-bin-dsa.bc	-	-	0.032
0	leak	workspace/openssl-bc/bc/apps/openssl-bin-dsaparam.bc	-	-	0.032
0	dfree	workspace/openssl-bc/bc/apps/openssl-bin-dsaparam.bc	-	-	0.032
0	fileck	workspace/openssl-bc/bc/apps/openssl-bin-dsaparam.bc	-	-	0.032
0	null-deref	workspace/openssl-bc/bc/apps/openssl-bin-dsaparam.bc	-	-	0.032
0	leak	workspace/openssl-bc/bc/apps/openssl-bin-ec.bc	-	-	0.032
0	dfree	workspace/openssl-bc/bc/apps/openssl-bin-ec.bc	-	-	0.032
0	fileck	workspace/openssl-bc/bc/apps/openssl-bin-ec.bc	-	-	0.032
0	null-deref	workspace/openssl-bc/bc/apps/openssl-bin-ec.bc	-	-	0.032
0	leak	workspace/openssl-bc/bc/apps/openssl-bin-ech.bc	-	-	0.032
0	dfree	workspace/openssl-bc/bc/apps/openssl-bin-ech.bc	-	-	0.032
0	fileck	workspace/openssl-bc/bc/apps/openssl-bin-ech.bc	-	-	0.032
0	null-deref	workspace/openssl-bc/bc/apps/openssl-bin-ech.bc	-	-	0.032
0	leak	workspace/openssl-bc/bc/apps/openssl-bin-ecparam.bc	-	-	0.032
0	dfree	workspace/openssl-bc/bc/apps/openssl-bin-ecparam.bc	-	-	0.032
0	fileck	workspace/openssl-bc/bc/apps/openssl-bin-ecparam.bc	-	-	0.032
0	null-deref	workspace/openssl-bc/bc/apps/openssl-bin-ecparam.bc	-	-	0.032
0	leak	workspace/openssl-bc/bc/apps/openssl-bin-enc.bc	-	-	0.064
0	dfree	workspace/openssl-bc/bc/apps/openssl-bin-enc.bc	-	-	0.064
0	fileck	workspace/openssl-bc/bc/apps/openssl-bin-enc.bc	-	-	0.064
0	null-deref	workspace/openssl-bc/bc/apps/openssl-bin-enc.bc	-	-	0.065
0	leak	workspace/openssl-bc/bc/apps/openssl-bin-errstr.bc	-	-	0.016
0	dfree	workspace/openssl-bc/bc/apps/openssl-bin-errstr.bc	-	-	0.016
0	fileck	workspace/openssl-bc/bc/apps/openssl-bin-errstr.bc	-	-	0.016
0	null-deref	workspace/openssl-bc/bc/apps/openssl-bin-errstr.bc	-	-	0.016
0	leak	workspace/openssl-bc/bc/apps/openssl-bin-fipsinstall.bc	-	-	0.064
0	dfree	workspace/openssl-bc/bc/apps/openssl-bin-fipsinstall.bc	-	-	0.064
0	fileck	workspace/openssl-bc/bc/apps/openssl-bin-fipsinstall.bc	-	-	0.064
0	null-deref	workspace/openssl-bc/bc/apps/openssl-bin-fipsinstall.bc	-	-	0.064
0	leak	workspace/openssl-bc/bc/apps/openssl-bin-gendsa.bc	-	-	0.032
0	dfree	workspace/openssl-bc/bc/apps/openssl-bin-gendsa.bc	-	-	0.032
0	fileck	workspace/openssl-bc/bc/apps/openssl-bin-gendsa.bc	-	-	0.032
0	null-deref	workspace/openssl-bc/bc/apps/openssl-bin-gendsa.bc	-	-	0.032
0	leak	workspace/openssl-bc/bc/apps/openssl-bin-genpkey.bc	-	outputs/saber/openssl/workspace__openssl-bc__bc__apps__openssl-bin-genpkey.leak.stderr.txt	0.165
0	dfree	workspace/openssl-bc/bc/apps/openssl-bin-genpkey.bc	-	outputs/saber/openssl/workspace__openssl-bc__bc__apps__openssl-bin-genpkey.dfree.stderr.txt	0.165
0	fileck	workspace/openssl-bc/bc/apps/openssl-bin-genpkey.bc	-	-	0.032
0	null-deref	workspace/openssl-bc/bc/apps/openssl-bin-genpkey.bc	-	outputs/saber/openssl/workspace__openssl-bc__bc__apps__openssl-bin-genpkey.null-deref.stderr.txt	0.164
0	leak	workspace/openssl-bc/bc/apps/openssl-bin-genrsa.bc	-	-	0.032
0	dfree	workspace/openssl-bc/bc/apps/openssl-bin-genrsa.bc	-	-	0.032
0	fileck	workspace/openssl-bc/bc/apps/openssl-bin-genrsa.bc	-	-	0.032
0	null-deref	workspace/openssl-bc/bc/apps/openssl-bin-genrsa.bc	-	-	0.032
0	leak	workspace/openssl-bc/bc/apps/openssl-bin-info.bc	-	-	0.016
0	dfree	workspace/openssl-bc/bc/apps/openssl-bin-info.bc	-	-	0.016
0	fileck	workspace/openssl-bc/bc/apps/openssl-bin-info.bc	-	-	0.016
0	null-deref	workspace/openssl-bc/bc/apps/openssl-bin-info.bc	-	-	0.016
0	leak	workspace/openssl-bc/bc/apps/openssl-bin-kdf.bc	-	-	0.032
0	dfree	workspace/openssl-bc/bc/apps/openssl-bin-kdf.bc	-	-	0.032
0	fileck	workspace/openssl-bc/bc/apps/openssl-bin-kdf.bc	-	-	0.032
0	null-deref	workspace/openssl-bc/bc/apps/openssl-bin-kdf.bc	-	-	0.032
0	leak	workspace/openssl-bc/bc/apps/openssl-bin-list.bc	-	-	0.164
0	dfree	workspace/openssl-bc/bc/apps/openssl-bin-list.bc	-	-	0.164
0	fileck	workspace/openssl-bc/bc/apps/openssl-bin-list.bc	-	-	0.165
0	null-deref	workspace/openssl-bc/bc/apps/openssl-bin-list.bc	-	-	0.164
0	leak	workspace/openssl-bc/bc/apps/openssl-bin-mac.bc	-	-	0.032
0	dfree	workspace/openssl-bc/bc/apps/openssl-bin-mac.bc	-	-	0.032
0	fileck	workspace/openssl-bc/bc/apps/openssl-bin-mac.bc	-	-	0.032
0	null-deref	workspace/openssl-bc/bc/apps/openssl-bin-mac.bc	-	-	0.032
0	leak	workspace/openssl-bc/bc/apps/openssl-bin-nseq.bc	-	-	0.032
0	dfree	workspace/openssl-bc/bc/apps/openssl-bin-nseq.bc	-	-	0.032
0	fileck	workspace/openssl-bc/bc/apps/openssl-bin-nseq.bc	-	-	0.032
0	null-deref	workspace/openssl-bc/bc/apps/openssl-bin-nseq.bc	-	-	0.032
0	leak	workspace/openssl-bc/bc/apps/openssl-bin-ocsp.bc	-	-	0.114
0	dfree	workspace/openssl-bc/bc/apps/openssl-bin-ocsp.bc	-	-	0.114
0	fileck	workspace/openssl-bc/bc/apps/openssl-bin-ocsp.bc	-	-	0.114
0	null-deref	workspace/openssl-bc/bc/apps/openssl-bin-ocsp.bc	-	-	0.123
0	leak	workspace/openssl-bc/bc/apps/openssl-bin-openssl.bc	-	-	0.066
0	dfree	workspace/openssl-bc/bc/apps/openssl-bin-openssl.bc	-	-	0.064
0	fileck	workspace/openssl-bc/bc/apps/openssl-bin-openssl.bc	-	-	0.032
0	null-deref	workspace/openssl-bc/bc/apps/openssl-bin-openssl.bc	-	-	0.064
0	leak	workspace/openssl-bc/bc/apps/openssl-bin-passwd.bc	-	-	0.065
0	dfree	workspace/openssl-bc/bc/apps/openssl-bin-passwd.bc	-	-	0.065
0	fileck	workspace/openssl-bc/bc/apps/openssl-bin-passwd.bc	-	-	0.064
0	null-deref	workspace/openssl-bc/bc/apps/openssl-bin-passwd.bc	-	-	0.064
0	leak	workspace/openssl-bc/bc/apps/openssl-bin-pkcs12.bc	-	-	0.114
0	dfree	workspace/openssl-bc/bc/apps/openssl-bin-pkcs12.bc	-	-	0.114
0	fileck	workspace/openssl-bc/bc/apps/openssl-bin-pkcs12.bc	-	-	0.114
0	null-deref	workspace/openssl-bc/bc/apps/openssl-bin-pkcs12.bc	-	-	0.117
0	leak	workspace/openssl-bc/bc/apps/openssl-bin-pkcs7.bc	-	-	0.035
0	dfree	workspace/openssl-bc/bc/apps/openssl-bin-pkcs7.bc	-	-	0.032
0	fileck	workspace/openssl-bc/bc/apps/openssl-bin-pkcs7.bc	-	-	0.032
0	null-deref	workspace/openssl-bc/bc/apps/openssl-bin-pkcs7.bc	-	-	0.032
0	leak	workspace/openssl-bc/bc/apps/openssl-bin-pkcs8.bc	-	-	0.032
0	dfree	workspace/openssl-bc/bc/apps/openssl-bin-pkcs8.bc	-	-	0.032
0	fileck	workspace/openssl-bc/bc/apps/openssl-bin-pkcs8.bc	-	-	0.032
0	null-deref	workspace/openssl-bc/bc/apps/openssl-bin-pkcs8.bc	-	-	0.032
0	leak	workspace/openssl-bc/bc/apps/openssl-bin-pkey.bc	-	-	0.032
0	dfree	workspace/openssl-bc/bc/apps/openssl-bin-pkey.bc	-	-	0.032
0	fileck	workspace/openssl-bc/bc/apps/openssl-bin-pkey.bc	-	-	0.032
0	null-deref	workspace/openssl-bc/bc/apps/openssl-bin-pkey.bc	-	-	0.032
0	leak	workspace/openssl-bc/bc/apps/openssl-bin-pkeyparam.bc	-	-	0.032
0	dfree	workspace/openssl-bc/bc/apps/openssl-bin-pkeyparam.bc	-	-	0.032
0	fileck	workspace/openssl-bc/bc/apps/openssl-bin-pkeyparam.bc	-	-	0.032
0	null-deref	workspace/openssl-bc/bc/apps/openssl-bin-pkeyparam.bc	-	-	0.032
0	leak	workspace/openssl-bc/bc/apps/openssl-bin-pkeyutl.bc	-	-	0.064
0	dfree	workspace/openssl-bc/bc/apps/openssl-bin-pkeyutl.bc	-	outputs/saber/openssl/workspace__openssl-bc__bc__apps__openssl-bin-pkeyutl.dfree.stderr.txt	0.064
0	fileck	workspace/openssl-bc/bc/apps/openssl-bin-pkeyutl.bc	-	-	0.064
0	null-deref	workspace/openssl-bc/bc/apps/openssl-bin-pkeyutl.bc	-	-	0.064
0	leak	workspace/openssl-bc/bc/apps/openssl-bin-prime.bc	-	-	0.032
0	dfree	workspace/openssl-bc/bc/apps/openssl-bin-prime.bc	-	-	0.032
0	fileck	workspace/openssl-bc/bc/apps/openssl-bin-prime.bc	-	-	0.032
0	null-deref	workspace/openssl-bc/bc/apps/openssl-bin-prime.bc	-	-	0.032
0	leak	workspace/openssl-bc/bc/apps/openssl-bin-progs.bc	-	-	0.032
0	dfree	workspace/openssl-bc/bc/apps/openssl-bin-progs.bc	-	-	0.032
0	fileck	workspace/openssl-bc/bc/apps/openssl-bin-progs.bc	-	-	0.032
0	null-deref	workspace/openssl-bc/bc/apps/openssl-bin-progs.bc	-	-	0.032
0	leak	workspace/openssl-bc/bc/apps/openssl-bin-rand.bc	-	-	0.032
0	dfree	workspace/openssl-bc/bc/apps/openssl-bin-rand.bc	-	-	0.032
0	fileck	workspace/openssl-bc/bc/apps/openssl-bin-rand.bc	-	-	0.032
0	null-deref	workspace/openssl-bc/bc/apps/openssl-bin-rand.bc	-	-	0.032
0	leak	workspace/openssl-bc/bc/apps/openssl-bin-rehash.bc	-	outputs/saber/openssl/workspace__openssl-bc__bc__apps__openssl-bin-rehash.leak.stderr.txt	0.064
0	dfree	workspace/openssl-bc/bc/apps/openssl-bin-rehash.bc	-	-	0.064
0	fileck	workspace/openssl-bc/bc/apps/openssl-bin-rehash.bc	-	-	0.064
0	null-deref	workspace/openssl-bc/bc/apps/openssl-bin-rehash.bc	-	outputs/saber/openssl/workspace__openssl-bc__bc__apps__openssl-bin-rehash.null-deref.stderr.txt	0.064
0	leak	workspace/openssl-bc/bc/apps/openssl-bin-req.bc	-	-	0.215
0	dfree	workspace/openssl-bc/bc/apps/openssl-bin-req.bc	-	outputs/saber/openssl/workspace__openssl-bc__bc__apps__openssl-bin-req.dfree.stderr.txt	0.215
0	fileck	workspace/openssl-bc/bc/apps/openssl-bin-req.bc	-	-	0.115
0	null-deref	workspace/openssl-bc/bc/apps/openssl-bin-req.bc	-	-	0.214
0	leak	workspace/openssl-bc/bc/apps/openssl-bin-rsa.bc	-	-	0.032
0	dfree	workspace/openssl-bc/bc/apps/openssl-bin-rsa.bc	-	-	0.032
0	fileck	workspace/openssl-bc/bc/apps/openssl-bin-rsa.bc	-	-	0.032
0	null-deref	workspace/openssl-bc/bc/apps/openssl-bin-rsa.bc	-	-	0.032
0	leak	workspace/openssl-bc/bc/apps/openssl-bin-rsautl.bc	-	-	0.032
0	dfree	workspace/openssl-bc/bc/apps/openssl-bin-rsautl.bc	-	-	0.032
0	fileck	workspace/openssl-bc/bc/apps/openssl-bin-rsautl.bc	-	-	0.032
0	null-deref	workspace/openssl-bc/bc/apps/openssl-bin-rsautl.bc	-	-	0.032
0	leak	workspace/openssl-bc/bc/apps/openssl-bin-s_client.bc	-	-	0.315
0	dfree	workspace/openssl-bc/bc/apps/openssl-bin-s_client.bc	-	-	0.315
0	fileck	workspace/openssl-bc/bc/apps/openssl-bin-s_client.bc	-	-	0.272
0	null-deref	workspace/openssl-bc/bc/apps/openssl-bin-s_client.bc	-	-	0.315
0	leak	workspace/openssl-bc/bc/apps/openssl-bin-s_server.bc	-	outputs/saber/openssl/workspace__openssl-bc__bc__apps__openssl-bin-s_server.leak.stderr.txt	0.415
0	dfree	workspace/openssl-bc/bc/apps/openssl-bin-s_server.bc	-	outputs/saber/openssl/workspace__openssl-bc__bc__apps__openssl-bin-s_server.dfree.stderr.txt	0.415
0	fileck	workspace/openssl-bc/bc/apps/openssl-bin-s_server.bc	-	outputs/saber/openssl/workspace__openssl-bc__bc__apps__openssl-bin-s_server.fileck.stderr.txt	0.265
0	null-deref	workspace/openssl-bc/bc/apps/openssl-bin-s_server.bc	-	outputs/saber/openssl/workspace__openssl-bc__bc__apps__openssl-bin-s_server.null-deref.stderr.txt	0.415
0	leak	workspace/openssl-bc/bc/apps/openssl-bin-s_time.bc	-	outputs/saber/openssl/workspace__openssl-bc__bc__apps__openssl-bin-s_time.leak.stderr.txt	0.064
0	dfree	workspace/openssl-bc/bc/apps/openssl-bin-s_time.bc	-	outputs/saber/openssl/workspace__openssl-bc__bc__apps__openssl-bin-s_time.dfree.stderr.txt	0.064
0	fileck	workspace/openssl-bc/bc/apps/openssl-bin-s_time.bc	-	-	0.032
0	null-deref	workspace/openssl-bc/bc/apps/openssl-bin-s_time.bc	-	outputs/saber/openssl/workspace__openssl-bc__bc__apps__openssl-bin-s_time.null-deref.stderr.txt	0.064
0	leak	workspace/openssl-bc/bc/apps/openssl-bin-sess_id.bc	-	-	0.032
0	dfree	workspace/openssl-bc/bc/apps/openssl-bin-sess_id.bc	-	-	0.032
0	fileck	workspace/openssl-bc/bc/apps/openssl-bin-sess_id.bc	-	-	0.032
0	null-deref	workspace/openssl-bc/bc/apps/openssl-bin-sess_id.bc	-	-	0.032
0	leak	workspace/openssl-bc/bc/apps/openssl-bin-skeyutl.bc	-	-	0.032
0	dfree	workspace/openssl-bc/bc/apps/openssl-bin-skeyutl.bc	-	-	0.032
0	fileck	workspace/openssl-bc/bc/apps/openssl-bin-skeyutl.bc	-	-	0.032
0	null-deref	workspace/openssl-bc/bc/apps/openssl-bin-skeyutl.bc	-	-	0.032
0	leak	workspace/openssl-bc/bc/apps/openssl-bin-smime.bc	-	-	0.064
0	dfree	workspace/openssl-bc/bc/apps/openssl-bin-smime.bc	-	-	0.064
0	fileck	workspace/openssl-bc/bc/apps/openssl-bin-smime.bc	-	-	0.064
0	null-deref	workspace/openssl-bc/bc/apps/openssl-bin-smime.bc	-	-	0.064
0	leak	workspace/openssl-bc/bc/apps/openssl-bin-speed.bc	-	-	0.415
0	dfree	workspace/openssl-bc/bc/apps/openssl-bin-speed.bc	-	-	0.415
0	fileck	workspace/openssl-bc/bc/apps/openssl-bin-speed.bc	-	-	0.365
0	null-deref	workspace/openssl-bc/bc/apps/openssl-bin-speed.bc	-	-	0.415
0	leak	workspace/openssl-bc/bc/apps/openssl-bin-spkac.bc	-	-	0.032
0	dfree	workspace/openssl-bc/bc/apps/openssl-bin-spkac.bc	-	-	0.032
0	fileck	workspace/openssl-bc/bc/apps/openssl-bin-spkac.bc	-	-	0.032
0	null-deref	workspace/openssl-bc/bc/apps/openssl-bin-spkac.bc	-	-	0.032
0	leak	workspace/openssl-bc/bc/apps/openssl-bin-srp.bc	-	-	0.064
0	dfree	workspace/openssl-bc/bc/apps/openssl-bin-srp.bc	-	-	0.064
0	fileck	workspace/openssl-bc/bc/apps/openssl-bin-srp.bc	-	-	0.064
0	null-deref	workspace/openssl-bc/bc/apps/openssl-bin-srp.bc	-	-	0.064
0	leak	workspace/openssl-bc/bc/apps/openssl-bin-storeutl.bc	-	-	0.032
0	dfree	workspace/openssl-bc/bc/apps/openssl-bin-storeutl.bc	-	-	0.032
0	fileck	workspace/openssl-bc/bc/apps/openssl-bin-storeutl.bc	-	-	0.032
0	null-deref	workspace/openssl-bc/bc/apps/openssl-bin-storeutl.bc	-	-	0.032
0	leak	workspace/openssl-bc/bc/apps/openssl-bin-ts.bc	-	outputs/saber/openssl/workspace__openssl-bc__bc__apps__openssl-bin-ts.leak.stderr.txt	0.114
0	dfree	workspace/openssl-bc/bc/apps/openssl-bin-ts.bc	-	-	0.114
0	fileck	workspace/openssl-bc/bc/apps/openssl-bin-ts.bc	-	-	0.064
0	null-deref	workspace/openssl-bc/bc/apps/openssl-bin-ts.bc	-	outputs/saber/openssl/workspace__openssl-bc__bc__apps__openssl-bin-ts.null-deref.stderr.txt	0.114
0	leak	workspace/openssl-bc/bc/apps/openssl-bin-verify.bc	-	-	0.032
0	dfree	workspace/openssl-bc/bc/apps/openssl-bin-verify.bc	-	-	0.032
0	fileck	workspace/openssl-bc/bc/apps/openssl-bin-verify.bc	-	-	0.032
0	null-deref	workspace/openssl-bc/bc/apps/openssl-bin-verify.bc	-	-	0.032
0	leak	workspace/openssl-bc/bc/apps/openssl-bin-version.bc	-	-	0.032
0	dfree	workspace/openssl-bc/bc/apps/openssl-bin-version.bc	-	-	0.032
0	fileck	workspace/openssl-bc/bc/apps/openssl-bin-version.bc	-	-	0.032
0	null-deref	workspace/openssl-bc/bc/apps/openssl-bin-version.bc	-	-	0.032
0	leak	workspace/openssl-bc/bc/apps/openssl-bin-x509.bc	-	-	0.114
0	dfree	workspace/openssl-bc/bc/apps/openssl-bin-x509.bc	-	-	0.114
0	fileck	workspace/openssl-bc/bc/apps/openssl-bin-x509.bc	-	-	0.118
0	null-deref	workspace/openssl-bc/bc/apps/openssl-bin-x509.bc	-	-	0.114
0	leak	workspace/openssl-bc/bc/crypto/aes/libcrypto-lib-aes_cbc.bc	-	-	0.016
0	dfree	workspace/openssl-bc/bc/crypto/aes/libcrypto-lib-aes_cbc.bc	-	-	0.016
0	fileck	workspace/openssl-bc/bc/crypto/aes/libcrypto-lib-aes_cbc.bc	-	-	0.016
0	null-deref	workspace/openssl-bc/bc/crypto/aes/libcrypto-lib-aes_cbc.bc	-	-	0.016
0	leak	workspace/openssl-bc/bc/crypto/aes/libcrypto-lib-aes_cfb.bc	-	-	0.016
0	dfree	workspace/openssl-bc/bc/crypto/aes/libcrypto-lib-aes_cfb.bc	-	-	0.016
0	fileck	workspace/openssl-bc/bc/crypto/aes/libcrypto-lib-aes_cfb.bc	-	-	0.016
0	null-deref	workspace/openssl-bc/bc/crypto/aes/libcrypto-lib-aes_cfb.bc	-	-	0.016
0	leak	workspace/openssl-bc/bc/crypto/aes/libcrypto-lib-aes_core.bc	-	-	0.064
0	dfree	workspace/openssl-bc/bc/crypto/aes/libcrypto-lib-aes_core.bc	-	-	0.064
0	fileck	workspace/openssl-bc/bc/crypto/aes/libcrypto-lib-aes_core.bc	-	-	0.064
0	null-deref	workspace/openssl-bc/bc/crypto/aes/libcrypto-lib-aes_core.bc	-	-	0.077
0	leak	workspace/openssl-bc/bc/crypto/aes/libcrypto-lib-aes_ecb.bc	-	-	0.016
0	dfree	workspace/openssl-bc/bc/crypto/aes/libcrypto-lib-aes_ecb.bc	-	-	0.016
0	fileck	workspace/openssl-bc/bc/crypto/aes/libcrypto-lib-aes_ecb.bc	-	-	0.016
0	null-deref	workspace/openssl-bc/bc/crypto/aes/libcrypto-lib-aes_ecb.bc	-	-	0.016
0	leak	workspace/openssl-bc/bc/crypto/aes/libcrypto-lib-aes_ige.bc	-	-	0.032
0	dfree	workspace/openssl-bc/bc/crypto/aes/libcrypto-lib-aes_ige.bc	-	-	0.032
0	fileck	workspace/openssl-bc/bc/crypto/aes/libcrypto-lib-aes_ige.bc	-	-	0.032
0	null-deref	workspace/openssl-bc/bc/crypto/aes/libcrypto-lib-aes_ige.bc	-	-	0.032
0	leak	workspace/openssl-bc/bc/crypto/aes/libcrypto-lib-aes_misc.bc	-	-	0.016
0	dfree	workspace/openssl-bc/bc/crypto/aes/libcrypto-lib-aes_misc.bc	-	-	0.016
0	fileck	workspace/openssl-bc/bc/crypto/aes/libcrypto-lib-aes_misc.bc	-	-	0.016
0	null-deref	workspace/openssl-bc/bc/crypto/aes/libcrypto-lib-aes_misc.bc	-	-	0.016
0	leak	workspace/openssl-bc/bc/crypto/aes/libcrypto-lib-aes_ofb.bc	-	-	0.016
0	dfree	workspace/openssl-bc/bc/crypto/aes/libcrypto-lib-aes_ofb.bc	-	-	0.016
0	fileck	workspace/openssl-bc/bc/crypto/aes/libcrypto-lib-aes_ofb.bc	-	-	0.016
0	null-deref	workspace/openssl-bc/bc/crypto/aes/libcrypto-lib-aes_ofb.bc	-	-	0.016
0	leak	workspace/openssl-bc/bc/crypto/aes/libcrypto-lib-aes_wrap.bc	-	-	0.016
0	dfree	workspace/openssl-bc/bc/crypto/aes/libcrypto-lib-aes_wrap.bc	-	-	0.016
0	fileck	workspace/openssl-bc/bc/crypto/aes/libcrypto-lib-aes_wrap.bc	-	-	0.016
0	null-deref	workspace/openssl-bc/bc/crypto/aes/libcrypto-lib-aes_wrap.bc	-	-	0.016
0	leak	workspace/openssl-bc/bc/crypto/aria/libcrypto-lib-aria.bc	-	-	0.064
0	dfree	workspace/openssl-bc/bc/crypto/aria/libcrypto-lib-aria.bc	-	-	0.064
0	fileck	workspace/openssl-bc/bc/crypto/aria/libcrypto-lib-aria.bc	-	-	0.064
0	null-deref	workspace/openssl-bc/bc/crypto/aria/libcrypto-lib-aria.bc	-	-	0.064
0	leak	workspace/openssl-bc/bc/crypto/asn1/libcrypto-lib-a_bitstr.bc	-	-	0.032
0	dfree	workspace/openssl-bc/bc/crypto/asn1/libcrypto-lib-a_bitstr.bc	-	-	0.032
0	fileck	workspace/openssl-bc/bc/crypto/asn1/libcrypto-lib-a_bitstr.bc	-	-	0.032
0	null-deref	workspace/openssl-bc/bc/crypto/asn1/libcrypto-lib-a_bitstr.bc	-	-	0.032
0	leak	workspace/openssl-bc/bc/crypto/asn1/libcrypto-lib-a_d2i_fp.bc	-	outputs/saber/openssl/workspace__openssl-bc__bc__crypto__asn1__libcrypto-lib-a_d2i_fp.leak.stderr.txt	0.032
0	dfree	workspace/openssl-bc/bc/crypto/asn1/libcrypto-lib-a_d2i_fp.bc	-	-	0.032
0	fileck	workspace/openssl-bc/bc/crypto/asn1/libcrypto-lib-a_d2i_fp.bc	-	-	0.032
0	null-deref	workspace/openssl-bc/bc/crypto/asn1/libcrypto-lib-a_d2i_fp.bc	-	outputs/saber/openssl/workspace__openssl-bc__bc__crypto__asn1__libcrypto-lib-a_d2i_fp.null-deref.stderr.txt	0.032
0	leak	workspace/openssl-bc/bc/crypto/asn1/libcrypto-lib-a_digest.bc	-	-	0.016
0	dfree	workspace/openssl-bc/bc/crypto/asn1/libcrypto-lib-a_digest.bc	-	-	0.016
0	fileck	workspace/openssl-bc/bc/crypto/asn1/libcrypto-lib-a_digest.bc	-	-	0.016
0	null-deref	workspace/openssl-bc/bc/crypto/asn1/libcrypto-lib-a_digest.bc	-	-	0.016
0	leak	workspace/openssl-bc/bc/crypto/asn1/libcrypto-lib-a_dup.bc	-	-	0.016
0	dfree	workspace/openssl-bc/bc/crypto/asn1/libcrypto-lib-a_dup.bc	-	-	0.016
0	fileck	workspace/openssl-bc/bc/crypto/asn1/libcrypto-lib-a_dup.bc	-	-	0.016
0	null-deref	workspace/openssl-bc/bc/crypto/asn1/libcrypto-lib-a_dup.bc	-	-	0.016
0	leak	workspace/openssl-bc/bc/crypto/asn1/libcrypto-lib-a_gentm.bc	-	-	0.016
0	dfree	workspace/openssl-bc/bc/crypto/asn1/libcrypto-lib-a_gentm.bc	-	-	0.016
0	fileck	workspace/openssl-bc/bc/crypto/asn1/libcrypto-lib-a_gentm.bc	-	-	0.016
0	null-deref	workspace/openssl-bc/bc/crypto/asn1/libcrypto-lib-a_gentm.bc	-	-	0.016
0	leak	workspace/openssl-bc/bc/crypto/asn1/libcrypto-lib-a_i2d_fp.bc	-	-	0.032
0	dfree	workspace/openssl-bc/bc/crypto/asn1/libcrypto-lib-a_i2d_fp.bc	-	-	0.032
0	fileck	workspace/openssl-bc/bc/crypto/asn1/libcrypto-lib-a_i2d_fp.bc	-	-	0.016
0	null-deref	workspace/openssl-bc/bc/crypto/asn1/libcrypto-lib-a_i2d_fp.bc	-	-	0.032
0	leak	workspace/openssl-bc/bc/crypto/asn1/libcrypto-lib-a_int.bc	-	-	0.064
0	dfree	workspace/openssl-bc/bc/crypto/asn1/libcrypto-lib-a_int.bc	-	-	0.032
0	fileck	workspace/openssl-bc/bc/crypto/asn1/libcrypto-lib-a_int.bc	-	-	0.032
0	null-deref	workspace/openssl-bc/bc/crypto/asn1/libcrypto-lib-a_int.bc	-	-	0.032
0	leak	workspace/openssl-bc/bc/crypto/asn1/libcrypto-lib-a_mbstr.bc	-	outputs/saber/openssl/workspace__openssl-bc__bc__crypto__asn1__libcrypto-lib-a_mbstr.leak.stderr.txt	0.032
0	dfree	workspace/openssl-bc/bc/crypto/asn1/libcrypto-lib-a_mbstr.bc	-	-	0.032
0	fileck	workspace/openssl-bc/bc/crypto/asn1/libcrypto-lib-a_mbstr.bc	-	-	0.032
0	null-deref	workspace/openssl-bc/bc/crypto/asn1/libcrypto-lib-a_mbstr.bc	-	outputs/saber/openssl/workspace__openssl-bc__bc__crypto__asn1__libcrypto-lib-a_mbstr.null-deref.stderr.txt	0.032
0	leak	workspace/openssl-bc/bc/crypto/asn1/libcrypto-lib-a_object.bc	-	outputs/saber/openssl/workspace__openssl-bc__bc__crypto__asn1__libcrypto-lib-a_object.leak.stderr.txt	0.032
0	dfree	workspace/openssl-bc/bc/crypto/asn1/libcrypto-lib-a_object.bc	-	-	0.032
0	fileck	workspace/openssl-bc/bc/crypto/asn1/libcrypto-lib-a_object.bc	-	-	0.032
0	null-deref	workspace/openssl-bc/bc/crypto/asn1/libcrypto-lib-a_object.bc	-	outputs/saber/openssl/workspace__openssl-bc__bc__crypto__asn1__libcrypto-lib-a_object.null-deref.stderr.txt	0.032
0	leak	workspace/openssl-bc/bc/crypto/asn1/libcrypto-lib-a_octet.bc	-	-	0.016
0	dfree	workspace/openssl-bc/bc/crypto/asn1/libcrypto-lib-a_octet.bc	-	-	0.016
0	fileck	workspace/openssl-bc/bc/crypto/asn1/libcrypto-lib-a_octet.bc	-	-	0.016
0	null-deref	workspace/openssl-bc/bc/crypto/asn1/libcrypto-lib-a_octet.bc	-	-	0.016
0	leak	workspace/openssl-bc/bc/crypto/asn1/libcrypto-lib-a_print.bc	-	-	0.016
0	dfree	workspace/openssl-bc/bc/crypto/asn1/libcrypto-lib-a_print.bc	-	-	0.016
0	fileck	workspace/openssl-bc/bc/crypto/asn1/libcrypto-lib-a_print.bc	-	-	0.016
0	null-deref	workspace/openssl-bc/bc/crypto/asn1/libcrypto-lib-a_print.bc	-	-	0.016
0	leak	workspace/openssl-bc/bc/crypto/asn1/libcrypto-lib-a_sign.bc	-	outputs/saber/openssl/workspace__openssl-bc__bc__crypto__asn1__libcrypto-lib-a_sign.leak.stderr.txt	0.032
0	dfree	workspace/openssl-bc/bc/crypto/asn1/libcrypto-lib-a_sign.bc	-	-	0.032
0	fileck	workspace/openssl-bc/bc/crypto/asn1/libcrypto-lib-a_sign.bc	-	-	0.032
0	null-deref	workspace/openssl-bc/bc/crypto/asn1/libcrypto-lib-a_sign.bc	-	outputs/saber/openssl/workspace__openssl-bc__bc__crypto__asn1__libcrypto-lib-a_sign.null-deref.stderr.txt	0.032
0	leak	workspace/openssl-bc/bc/crypto/asn1/libcrypto-lib-a_strex.bc	-	outputs/saber/openssl/workspace__openssl-bc__bc__crypto__asn1__libcrypto-lib-a_strex.leak.stderr.txt	0.064
0	dfree	workspace/openssl-bc/bc/crypto/asn1/libcrypto-lib-a_strex.bc	-	-	0.064
0	fileck	workspace/openssl-bc/bc/crypto/asn1/libcrypto-lib-a_strex.bc	-	-	0.032
0	null-deref	workspace/openssl-bc/bc/crypto/asn1/libcrypto-lib-a_strex.bc	-	outputs/saber/openssl/workspace__openssl-bc__bc__crypto__asn1__libcrypto-lib-a_strex.null-deref.stderr.txt	0.064
0	leak	workspace/openssl-bc/bc/crypto/asn1/libcrypto-lib-a_strnid.bc	-	-	0.032
0	dfree	workspace/openssl-bc/bc/crypto/asn1/libcrypto-lib-a_strnid.bc	-	-	0.032
0	fileck	workspace/openssl-bc/bc/crypto/asn1/libcrypto-lib-a_strnid.bc	-	-	0.032
0	null-deref	workspace/openssl-bc/bc/crypto/asn1/libcrypto-lib-a_strnid.bc	-	-	0.032
0	leak	workspace/openssl-bc/bc/crypto/asn1/libcrypto-lib-a_time.bc	-	-	0.064
0	dfree	workspace/openssl-bc/bc/crypto/asn1/libcrypto-lib-a_time.bc	-	-	0.064
0	fileck	workspace/openssl-bc/bc/crypto/asn1/libcrypto-lib-a_time.bc	-	-	0.065
0	null-deref	workspace/openssl-bc/bc/crypto/asn1/libcrypto-lib-a_time.bc	-	-	0.064
0	leak	workspace/openssl-bc/bc/crypto/asn1/libcrypto-lib-a_time_posix.bc	-	-	0.032
0	dfree	workspace/openssl-bc/bc/crypto/asn1/libcrypto-lib-a_time_posix.bc	-	-	0.032
0	fileck	workspace/openssl-bc/bc/crypto/asn1/libcrypto-lib-a_time_posix.bc	-	-	0.032
0	null-deref	workspace/openssl-bc/bc/crypto/asn1/libcrypto-lib-a_time_posix.bc	-	-	0.032
0	leak	workspace/openssl-bc/bc/crypto/asn1/libcrypto-lib-a_type.bc	-	-	0.032
0	dfree	workspace/openssl-bc/bc/crypto/asn1/libcrypto-lib-a_type.bc	-	-	0.032
0	fileck	workspace/openssl-bc/bc/crypto/asn1/libcrypto-lib-a_type.bc	-	-	0.016
0	null-deref	workspace/openssl-bc/bc/crypto/asn1/libcrypto-lib-a_type.bc	-	-	0.016
0	leak	workspace/openssl-bc/bc/crypto/asn1/libcrypto-lib-a_utctm.bc	-	-	0.016
0	dfree	workspace/openssl-bc/bc/crypto/asn1/libcrypto-lib-a_utctm.bc	-	-	0.016
0	fileck	workspace/openssl-bc/bc/crypto/asn1/libcrypto-lib-a_utctm.bc	-	-	0.016
0	null-deref	workspace/openssl-bc/bc/crypto/asn1/libcrypto-lib-a_utctm.bc	-	-	0.016
0	leak	workspace/openssl-bc/bc/crypto/asn1/libcrypto-lib-a_utf8.bc	-	-	0.032
0	dfree	workspace/openssl-bc/bc/crypto/asn1/libcrypto-lib-a_utf8.bc	-	-	0.032
0	fileck	workspace/openssl-bc/bc/crypto/asn1/libcrypto-lib-a_utf8.bc	-	-	0.016
0	null-deref	workspace/openssl-bc/bc/crypto/asn1/libcrypto-lib-a_utf8.bc	-	-	0.032
0	leak	workspace/openssl-bc/bc/crypto/asn1/libcrypto-lib-a_verify.bc	-	outputs/saber/openssl/workspace__openssl-bc__bc__crypto__asn1__libcrypto-lib-a_verify.leak.stderr.txt	0.032
0	dfree	workspace/openssl-bc/bc/crypto/asn1/libcrypto-lib-a_verify.bc	-	-	0.032
0	fileck	workspace/openssl-bc/bc/crypto/asn1/libcrypto-lib-a_verify.bc	-	-	0.032
0	null-deref	workspace/openssl-bc/bc/crypto/asn1/libcrypto-lib-a_verify.bc	-	outputs/saber/openssl/workspace__openssl-bc__bc__crypto__asn1__libcrypto-lib-a_verify.null-deref.stderr.txt	0.032
0	leak	workspace/openssl-bc/bc/crypto/asn1/libcrypto-lib-ameth_lib.bc	-	-	0.016
0	dfree	workspace/openssl-bc/bc/crypto/asn1/libcrypto-lib-ameth_lib.bc	-	-	0.016
0	fileck	workspace/openssl-bc/bc/crypto/asn1/libcrypto-lib-ameth_lib.bc	-	-	0.016
0	null-deref	workspace/openssl-bc/bc/crypto/asn1/libcrypto-lib-ameth_lib.bc	-	-	0.016
0	leak	workspace/openssl-bc/bc/crypto/asn1/libcrypto-lib-asn1_err.bc	-	-	0.032
0	dfree	workspace/openssl-bc/bc/crypto/asn1/libcrypto-lib-asn1_err.bc	-	-	0.032
0	fileck	workspace/openssl-bc/bc/crypto/asn1/libcrypto-lib-asn1_err.bc	-	-	0.032
0	null-deref	workspace/openssl-bc/bc/crypto/asn1/libcrypto-lib-asn1_err.bc	-	-	0.032
0	leak	workspace/openssl-bc/bc/crypto/asn1/libcrypto-lib-asn1_gen.bc	-	-	0.064
0	dfree	workspace/openssl-bc/bc/crypto/asn1/libcrypto-lib-asn1_gen.bc	-	-	0.064
0	fileck	workspace/openssl-bc/bc/crypto/asn1/libcrypto-lib-asn1_gen.bc	-	-	0.065
0	null-deref	workspace/openssl-bc/bc/crypto/asn1/libcrypto-lib-asn1_gen.bc	-	-	0.064
0	leak	workspace/openssl-bc/bc/crypto/asn1/libcrypto-lib-asn1_item_list.bc	-	-	0.016
0	dfree	workspace/openssl-bc/bc/crypto/asn1/libcrypto-lib-asn1_item_list.bc	-	-	0.016
0	fileck	workspace/openssl-bc/bc/crypto/asn1/libcrypto-lib-asn1_item_list.bc	-	-	0.016
0	null-deref	workspace/openssl-bc/bc/crypto/asn1/libcrypto-lib-asn1_item_list.bc	-	-	0.016
0	leak	workspace/openssl-bc/bc/crypto/asn1/libcrypto-lib-asn1_lib.bc	-	outputs/saber/openssl/workspace__openssl-bc__bc__crypto__asn1__libcrypto-lib-asn1_lib.leak.stderr.txt	0.032
0	dfree	workspace/openssl-bc/bc/crypto/asn1/libcrypto-lib-asn1_lib.bc	-	-	0.032
0	fileck	workspace/openssl-bc/bc/crypto/asn1/libcrypto-lib-asn1_lib.bc	-	-	0.032
0	null-deref	workspace/openssl-bc/bc/crypto/asn1/libcrypto-lib-asn1_lib.bc	-	outputs/saber/openssl/workspace__openssl-bc__bc__crypto__asn1__libcrypto-lib-asn1_lib.null-deref.stderr.txt	0.032
0	leak	workspace/openssl-bc/bc/crypto/asn1/libcrypto-lib-asn1_parse.bc	-	-	0.064
0	dfree	workspace/openssl-bc/bc/crypto/asn1/libcrypto-lib-asn1_parse.bc	-	-	0.064
0	fileck	workspace/openssl-bc/bc/crypto/asn1/libcrypto-lib-asn1_parse.bc	-	-	0.032
0	null-deref	workspace/openssl-bc/bc/crypto/asn1/libcrypto-lib-asn1_parse.bc	-	-	0.064
0	leak	workspace/openssl-bc/bc/crypto/asn1/libcrypto-lib-asn_mime.bc	-	outputs/saber/openssl/workspace__openssl-bc__bc__crypto__asn1__libcrypto-lib-asn_mime.leak.stderr.txt	0.173
0	dfree	workspace/openssl-bc/bc/crypto/asn1/libcrypto-lib-asn_mime.bc	-	-	0.164
0	fileck	workspace/openssl-bc/bc/crypto/asn1/libcrypto-lib-asn_mime.bc	-	-	0.064
0	null-deref	workspace/openssl-bc/bc/crypto/asn1/libcrypto-lib-asn_mime.bc	-	outputs/saber/openssl/workspace__openssl-bc__bc__crypto__asn1__libcrypto-lib-asn_mime.null-deref.stderr.txt	0.164
0	leak	workspace/openssl-bc/bc/crypto/asn1/libcrypto-lib-asn_moid.bc	-	outputs/saber/openssl/workspace__openssl-bc__bc__crypto__asn1__libcrypto-lib-asn_moid.leak.stderr.txt	0.022
0	dfree	workspace/openssl-bc/bc/crypto/asn1/libcrypto-lib-asn_moid.bc	-	-	0.032
0	fileck	workspace/openssl-bc/bc/crypto/asn1/libcrypto-lib-asn_moid.bc	-	-	0.016
0	null-deref	workspace/openssl-bc/bc/crypto/asn1/libcrypto-lib-asn_moid.bc	-	outputs/saber/openssl/workspace__openssl-bc__bc__crypto__asn1__libcrypto-lib-asn_moid.null-deref.stderr.txt	0.032
0	leak	workspace/openssl-bc/bc/crypto/asn1/libcrypto-lib-asn_mstbl.bc	-	-	0.032
0	dfree	workspace/openssl-bc/bc/crypto/asn1/libcrypto-lib-asn_mstbl.bc	-	-	0.032
0	fileck	workspace/openssl-bc/bc/crypto/asn1/libcrypto-lib-asn_mstbl.bc	-	-	0.032
0	null-deref	workspace/openssl-bc/bc/crypto/asn1/libcrypto-lib-asn_mstbl.bc	-	-	0.032
0	leak	workspace/openssl-bc/bc/crypto/asn1/libcrypto-lib-asn_pack.bc	-	-	0.016
0	dfree	workspace/openssl-bc/bc/crypto/asn1/libcrypto-lib-asn_pack.bc	-	-	0.016
0	fileck	workspace/openssl-bc/bc/crypto/asn1/libcrypto-lib-asn_pack.bc	-	-	0.016
0	null-deref	workspace/openssl-bc/bc/crypto/asn1/libcrypto-lib-asn_pack.bc	-	-	0.016
0	leak	workspace/openssl-bc/bc/crypto/asn1/libcrypto-lib-bio_asn1.bc	-	outputs/saber/openssl/workspace__openssl-bc__bc__crypto__asn1__libcrypto-lib-bio_asn1.leak.stderr.txt	0.032
0	dfree	workspace/openssl-bc/bc/crypto/asn1/libcrypto-lib-bio_asn1.bc	-	-	0.032
0	fileck	workspace/openssl-bc/bc/crypto/asn1/libcrypto-lib-bio_asn1.bc	-	-	0.032
0	null-deref	workspace/openssl-bc/bc/crypto/asn1/libcrypto-lib-bio_asn1.bc	-	outputs/saber/openssl/workspace__openssl-bc__bc__crypto__asn1__libcrypto-lib-bio_asn1.null-deref.stderr.txt	0.032
0	leak	workspace/openssl-bc/bc/crypto/asn1/libcrypto-lib-bio_ndef.bc	-	outputs/saber/openssl/workspace__openssl-bc__bc__crypto__asn1__libcrypto-lib-bio_ndef.leak.stderr.txt	0.032
0	dfree	workspace/openssl-bc/bc/crypto/asn1/libcrypto-lib-bio_ndef.bc	-	-	0.032
0	fileck	workspace/openssl-bc/bc/crypto/asn1/libcrypto-lib-bio_ndef.bc	-	-	0.032
0	null-deref	workspace/openssl-bc/bc/crypto/asn1/libcrypto-lib-bio_ndef.bc	-	outputs/saber/openssl/workspace__openssl-bc__bc__crypto__asn1__libcrypto-lib-bio_ndef.null-deref.stderr.txt	0.032
0	leak	workspace/openssl-bc/bc/crypto/asn1/libcrypto-lib-d2i_param.bc	-	-	0.016
0	dfree	workspace/openssl-bc/bc/crypto/asn1/libcrypto-lib-d2i_param.bc	-	-	0.016
0	fileck	workspace/openssl-bc/bc/crypto/asn1/libcrypto-lib-d2i_param.bc	-	-	0.016
0	null-deref	workspace/openssl-bc/bc/crypto/asn1/libcrypto-lib-d2i_param.bc	-	-	0.016
0	leak	workspace/openssl-bc/bc/crypto/asn1/libcrypto-lib-d2i_pr.bc	-	-	0.032
0	dfree	workspace/openssl-bc/bc/crypto/asn1/libcrypto-lib-d2i_pr.bc	-	-	0.032
0	fileck	workspace/openssl-bc/bc/crypto/asn1/libcrypto-lib-d2i_pr.bc	-	-	0.033
0	null-deref	workspace/openssl-bc/bc/crypto/asn1/libcrypto-lib-d2i_pr.bc	-	-	0.033
0	leak	workspace/openssl-bc/bc/crypto/asn1/libcrypto-lib-d2i_pu.bc	-	-	0.016
0	dfree	workspace/openssl-bc/bc/crypto/asn1/libcrypto-lib-d2i_pu.bc	-	-	0.016
0	fileck	workspace/openssl-bc/bc/crypto/asn1/libcrypto-lib-d2i_pu.bc	-	-	0.016
0	null-deref	workspace/openssl-bc/bc/crypto/asn1/libcrypto-lib-d2i_pu.bc	-	-	0.016
0	leak	workspace/openssl-bc/bc/crypto/asn1/libcrypto-lib-evp_asn1.bc	-	-	0.032
0	dfree	workspace/openssl-bc/bc/crypto/asn1/libcrypto-lib-evp_asn1.bc	-	-	0.032
0	fileck	workspace/openssl-bc/bc/crypto/asn1/libcrypto-lib-evp_asn1.bc	-	-	0.032
0	null-deref	workspace/openssl-bc/bc/crypto/asn1/libcrypto-lib-evp_asn1.bc	-	-	0.032
0	leak	workspace/openssl-bc/bc/crypto/asn1/libcrypto-lib-f_int.bc	-	-	0.064
0	dfree	workspace/openssl-bc/bc/crypto/asn1/libcrypto-lib-f_int.bc	-	outputs/saber/openssl/workspace__openssl-bc__bc__crypto__asn1__libcrypto-lib-f_int.dfree.stderr.txt	0.064
0	fileck	workspace/openssl-bc/bc/crypto/asn1/libcrypto-lib-f_int.bc	-	-	0.032
0	null-deref	workspace/openssl-bc/bc/crypto/asn1/libcrypto-lib-f_int.bc	-	-	0.064
0	leak	workspace/openssl-bc/bc/crypto/asn1/libcrypto-lib-f_string.bc	-	-	0.032
0	dfree	workspace/openssl-bc/bc/crypto/asn1/libcrypto-lib-f_string.bc	-	-	0.032
0	fileck	workspace/openssl-bc/bc/crypto/asn1/libcrypto-lib-f_string.bc	-	-	0.032
0	null-deref	workspace/openssl-bc/bc/crypto/asn1/libcrypto-lib-f_string.bc	-	-	0.032
0	leak	workspace/openssl-bc/bc/crypto/asn1/libcrypto-lib-i2d_evp.bc	-	outputs/saber/openssl/workspace__openssl-bc__bc__crypto__asn1__libcrypto-lib-i2d_evp.leak.stderr.txt	0.032
0	dfree	workspace/openssl-bc/bc/crypto/asn1/libcrypto-lib-i2d_evp.bc	-	-	0.032
0	fileck	workspace/openssl-bc/bc/crypto/asn1/libcrypto-lib-i2d_evp.bc	-	-	0.032
0	null-deref	workspace/openssl-bc/bc/crypto/asn1/libcrypto-lib-i2d_evp.bc	-	outputs/saber/openssl/workspace__openssl-bc__bc__crypto__asn1__libcrypto-lib-i2d_evp.null-deref.stderr.txt	0.032
0	leak	workspace/openssl-bc/bc/crypto/asn1/libcrypto-lib-n_pkey.bc	-	-	0.016
0	dfree	workspace/openssl-bc/bc/crypto/asn1/libcrypto-lib-n_pkey.bc	-	-	0.016
0	fileck	workspace/openssl-bc/bc/crypto/asn1/libcrypto-lib-n_pkey.bc	-	-	0.016
0	null-deref	workspace/openssl-bc/bc/crypto/asn1/libcrypto-lib-n_pkey.bc	-	-	0.016
0	leak	workspace/openssl-bc/bc/crypto/asn1/libcrypto-lib-nsseq.bc	-	-	0.016
0	dfree	workspace/openssl-bc/bc/crypto/asn1/libcrypto-lib-nsseq.bc	-	-	0.016
0	fileck	workspace/openssl-bc/bc/crypto/asn1/libcrypto-lib-nsseq.bc	-	-	0.016
0	null-deref	workspace/openssl-bc/bc/crypto/asn1/libcrypto-lib-nsseq.bc	-	-	0.016
0	leak	workspace/openssl-bc/bc/crypto/asn1/libcrypto-lib-p5_pbe.bc	-	outputs/saber/openssl/workspace__openssl-bc__bc__crypto__asn1__libcrypto-lib-p5_pbe.leak.stderr.txt	0.032
0	dfree	workspace/openssl-bc/bc/crypto/asn1/libcrypto-lib-p5_pbe.bc	-	-	0.032
0	fileck	workspace/openssl-bc/bc/crypto/asn1/libcrypto-lib-p5_pbe.bc	-	-	0.016
0	null-deref	workspace/openssl-bc/bc/crypto/asn1/libcrypto-lib-p5_pbe.bc	-	outputs/saber/openssl/workspace__openssl-bc__bc__crypto__asn1__libcrypto-lib-p5_pbe.null-deref.stderr.txt	0.032
0	leak	workspace/openssl-bc/bc/crypto/asn1/libcrypto-lib-p5_pbev2.bc	-	outputs/saber/openssl/workspace__openssl-bc__bc__crypto__asn1__libcrypto-lib-p5_pbev2.leak.stderr.txt	0.064
0	dfree	workspace/openssl-bc/bc/crypto/asn1/libcrypto-lib-p5_pbev2.bc	-	-	0.065
0	fileck	workspace/openssl-bc/bc/crypto/asn1/libcrypto-lib-p5_pbev2.bc	-	-	0.032
0	null-deref	workspace/openssl-bc/bc/crypto/asn1/libcrypto-lib-p5_pbev2.bc	-	outputs/saber/openssl/workspace__openssl-bc__bc__crypto__asn1__libcrypto-lib-p5_pbev2.null-deref.stderr.txt	0.064
0	leak	workspace/openssl-bc/bc/crypto/asn1/libcrypto-lib-p5_scrypt.bc	-	-	0.037
0	dfree	workspace/openssl-bc/bc/crypto/asn1/libcrypto-lib-p5_scrypt.bc	-	-	0.032
0	fileck	workspace/openssl-bc/bc/crypto/asn1/libcrypto-lib-p5_scrypt.bc	-	-	0.032
0	null-deref	workspace/openssl-bc/bc/crypto/asn1/libcrypto-lib-p5_scrypt.bc	-	-	0.032
0	leak	workspace/openssl-bc/bc/crypto/asn1/libcrypto-lib-p8_pkey.bc	-	-	0.032
0	dfree	workspace/openssl-bc/bc/crypto/asn1/libcrypto-lib-p8_pkey.bc	-	-	0.032
0	fileck	workspace/openssl-bc/bc/crypto/asn1/libcrypto-lib-p8_pkey.bc	-	-	0.032
0	null-deref	workspace/openssl-bc/bc/crypto/asn1/libcrypto-lib-p8_pkey.bc	-	-	0.032
0	leak	workspace/openssl-bc/bc/crypto/asn1/libcrypto-lib-t_bitst.bc	-	-	0.016
0	dfree	workspace/openssl-bc/bc/crypto/asn1/libcrypto-lib-t_bitst.bc	-	-	0.016
0	fileck	workspace/openssl-bc/bc/crypto/asn1/libcrypto-lib-t_bitst.bc	-	-	0.016
0	null-deref	workspace/openssl-bc/bc/crypto/asn1/libcrypto-lib-t_bitst.bc	-	-	0.016
0	leak	workspace/openssl-bc/bc/crypto/asn1/libcrypto-lib-t_pkey.bc	-	-	0.016
0	dfree	workspace/openssl-bc/bc/crypto/asn1/libcrypto-lib-t_pkey.bc	-	-	0.016
0	fileck	workspace/openssl-bc/bc/crypto/asn1/libcrypto-lib-t_pkey.bc	-	-	0.016
0	null-deref	workspace/openssl-bc/bc/crypto/asn1/libcrypto-lib-t_pkey.bc	-	-	0.016
0	leak	workspace/openssl-bc/bc/crypto/asn1/libcrypto-lib-t_spki.bc	-	-	0.016
0	dfree	workspace/openssl-bc/bc/crypto/asn1/libcrypto-lib-t_spki.bc	-	-	0.016
0	fileck	workspace/openssl-bc/bc/crypto/asn1/libcrypto-lib-t_spki.bc	-	-	0.016
0	null-deref	workspace/openssl-bc/bc/crypto/asn1/libcrypto-lib-t_spki.bc	-	-	0.016
0	leak	workspace/openssl-bc/bc/crypto/asn1/libcrypto-lib-tasn_dec.bc	-	-	0.064
0	dfree	workspace/openssl-bc/bc/crypto/asn1/libcrypto-lib-tasn_dec.bc	-	-	0.064
0	fileck	workspace/openssl-bc/bc/crypto/asn1/libcrypto-lib-tasn_dec.bc	-	-	0.064
0	null-deref	workspace/openssl-bc/bc/crypto/asn1/libcrypto-lib-tasn_dec.bc	-	-	0.064
0	leak	workspace/openssl-bc/bc/crypto/asn1/libcrypto-lib-tasn_enc.bc	-	outputs/saber/openssl/workspace__openssl-bc__bc__crypto__asn1__libcrypto-lib-tasn_enc.leak.stderr.txt	0.064
0	dfree	workspace/openssl-bc/bc/crypto/asn1/libcrypto-lib-tasn_enc.bc	-	-	0.064
0	fileck	workspace/openssl-bc/bc/crypto/asn1/libcrypto-lib-tasn_enc.bc	-	-	0.032
0	null-deref	workspace/openssl-bc/bc/crypto/asn1/libcrypto-lib-tasn_enc.bc	-	outputs/saber/openssl/workspace__openssl-bc__bc__crypto__asn1__libcrypto-lib-tasn_enc.null-deref.stderr.txt	0.064
0	leak	workspace/openssl-bc/bc/crypto/asn1/libcrypto-lib-tasn_fre.bc	-	-	0.032
0	dfree	workspace/openssl-bc/bc/crypto/asn1/libcrypto-lib-tasn_fre.bc	-	-	0.032
0	fileck	workspace/openssl-bc/bc/crypto/asn1/libcrypto-lib-tasn_fre.bc	-	-	0.032
0	null-deref	workspace/openssl-bc/bc/crypto/asn1/libcrypto-lib-tasn_fre.bc	-	-	0.032
0	leak	workspace/openssl-bc/bc/crypto/asn1/libcrypto-lib-tasn_new.bc	-	outputs/saber/openssl/workspace__openssl-bc__bc__crypto__asn1__libcrypto-lib-tasn_new.leak.stderr.txt	0.032
0	dfree	workspace/openssl-bc/bc/crypto/asn1/libcrypto-lib-tasn_new.bc	-	-	0.032
0	fileck	workspace/openssl-bc/bc/crypto/asn1/libcrypto-lib-tasn_new.bc	-	-	0.033
0	null-deref	workspace/openssl-bc/bc/crypto/asn1/libcrypto-lib-tasn_new.bc	-	outputs/saber/openssl/workspace__openssl-bc__bc__crypto__asn1__libcrypto-lib-tasn_new.null-deref.stderr.txt	0.032
0	leak	workspace/openssl-bc/bc/crypto/asn1/libcrypto-lib-tasn_prn.bc	-	-	0.064
0	dfree	workspace/openssl-bc/bc/crypto/asn1/libcrypto-lib-tasn_prn.bc	-	-	0.064
0	fileck	workspace/openssl-bc/bc/crypto/asn1/libcrypto-lib-tasn_prn.bc	-	-	0.032
0	null-deref	workspace/openssl-bc/bc/crypto/asn1/libcrypto-lib-tasn_prn.bc	-	-	0.064
0	leak	workspace/openssl-bc/bc/crypto/asn1/libcrypto-lib-tasn_scn.bc	-	-	0.016
0	dfree	workspace/openssl-bc/bc/crypto/asn1/libcrypto-lib-tasn_scn.bc	-	-	0.016
0	fileck	workspace/openssl-bc/bc/crypto/asn1/libcrypto-lib-tasn_scn.bc	-	-	0.016
0	null-deref	workspace/openssl-bc/bc/crypto/asn1/libcrypto-lib-tasn_scn.bc	-	-	0.016
0	leak	workspace/openssl-bc/bc/crypto/asn1/libcrypto-lib-tasn_typ.bc	-	-	0.032
0	dfree	workspace/openssl-bc/bc/crypto/asn1/libcrypto-lib-tasn_typ.bc	-	-	0.032
0	fileck	workspace/openssl-bc/bc/crypto/asn1/libcrypto-lib-tasn_typ.bc	-	-	0.032
0	null-deref	workspace/openssl-bc/bc/crypto/asn1/libcrypto-lib-tasn_typ.bc	-	-	0.032
0	leak	workspace/openssl-bc/bc/crypto/asn1/libcrypto-lib-tasn_utl.bc	-	-	0.032
0	dfree	workspace/openssl-bc/bc/crypto/asn1/libcrypto-lib-tasn_utl.bc	-	-	0.032
0	fileck	workspace/openssl-bc/bc/crypto/asn1/libcrypto-lib-tasn_utl.bc	-	-	0.032
0	null-deref	workspace/openssl-bc/bc/crypto/asn1/libcrypto-lib-tasn_utl.bc	-	-	0.032
0	leak	workspace/openssl-bc/bc/crypto/asn1/libcrypto-lib-x_algor.bc	-	outputs/saber/openssl/workspace__openssl-bc__bc__crypto__asn1__libcrypto-lib-x_algor.leak.stderr.txt	0.032
0	dfree	workspace/openssl-bc/bc/crypto/asn1/libcrypto-lib-x_algor.bc	-	-	0.032
0	fileck	workspace/openssl-bc/bc/crypto/asn1/libcrypto-lib-x_algor.bc	-	-	0.032
0	null-deref	workspace/openssl-bc/bc/crypto/asn1/libcrypto-lib-x_algor.bc	-	outputs/saber/openssl/workspace__openssl-bc__bc__crypto__asn1__libcrypto-lib-x_algor.null-deref.stderr.txt	0.032
0	leak	workspace/openssl-bc/bc/crypto/asn1/libcrypto-lib-x_bignum.bc	-	-	0.032
0	dfree	workspace/openssl-bc/bc/crypto/asn1/libcrypto-lib-x_bignum.bc	-	-	0.032
0	fileck	workspace/openssl-bc/bc/crypto/asn1/libcrypto-lib-x_bignum.bc	-	-	0.032
0	null-deref	workspace/openssl-bc/bc/crypto/asn1/libcrypto-lib-x_bignum.bc	-	-	0.032
0	leak	workspace/openssl-bc/bc/crypto/asn1/libcrypto-lib-x_info.bc	-	-	0.016
0	dfree	workspace/openssl-bc/bc/crypto/asn1/libcrypto-lib-x_info.bc	-	-	0.016
0	fileck	workspace/openssl-bc/bc/crypto/asn1/libcrypto-lib-x_info.bc	-	-	0.016
0	null-deref	workspace/openssl-bc/bc/crypto/asn1/libcrypto-lib-x_info.bc	-	-	0.016
0	leak	workspace/openssl-bc/bc/crypto/asn1/libcrypto-lib-x_int64.bc	-	-	0.032
0	dfree	workspace/openssl-bc/bc/crypto/asn1/libcrypto-lib-x_int64.bc	-	-	0.032
0	fileck	workspace/openssl-bc/bc/crypto/asn1/libcrypto-lib-x_int64.bc	-	-	0.032
0	null-deref	workspace/openssl-bc/bc/crypto/asn1/libcrypto-lib-x_int64.bc	-	-	0.032
0	leak	workspace/openssl-bc/bc/crypto/asn1/libcrypto-lib-x_long.bc	-	-	0.032
0	dfree	workspace/openssl-bc/bc/crypto/asn1/libcrypto-lib-x_long.bc	-	-	0.032
0	fileck	workspace/openssl-bc/bc/crypto/asn1/libcrypto-lib-x_long.bc	-	-	0.032
0	null-deref	workspace/openssl-bc/bc/crypto/asn1/libcrypto-lib-x_long.bc	-	-	0.032
0	leak	workspace/openssl-bc/bc/crypto/asn1/libcrypto-lib-x_pkey.bc	-	-	0.016
0	dfree	workspace/openssl-bc/bc/crypto/asn1/libcrypto-lib-x_pkey.bc	-	-	0.016
0	fileck	workspace/openssl-bc/bc/crypto/asn1/libcrypto-lib-x_pkey.bc	-	-	0.016
0	null-deref	workspace/openssl-bc/bc/crypto/asn1/libcrypto-lib-x_pkey.bc	-	-	0.016
0	leak	workspace/openssl-bc/bc/crypto/asn1/libcrypto-lib-x_sig.bc	-	-	0.016
0	dfree	workspace/openssl-bc/bc/crypto/asn1/libcrypto-lib-x_sig.bc	-	-	0.016
0	fileck	workspace/openssl-bc/bc/crypto/asn1/libcrypto-lib-x_sig.bc	-	-	0.016
0	null-deref	workspace/openssl-bc/bc/crypto/asn1/libcrypto-lib-x_sig.bc	-	-	0.016
0	leak	workspace/openssl-bc/bc/crypto/asn1/libcrypto-lib-x_spki.bc	-	-	0.016
0	dfree	workspace/openssl-bc/bc/crypto/asn1/libcrypto-lib-x_spki.bc	-	-	0.016
0	fileck	workspace/openssl-bc/bc/crypto/asn1/libcrypto-lib-x_spki.bc	-	-	0.016
0	null-deref	workspace/openssl-bc/bc/crypto/asn1/libcrypto-lib-x_spki.bc	-	-	0.016
0	leak	workspace/openssl-bc/bc/crypto/asn1/libcrypto-lib-x_val.bc	-	-	0.016
0	dfree	workspace/openssl-bc/bc/crypto/asn1/libcrypto-lib-x_val.bc	-	-	0.016
0	fileck	workspace/openssl-bc/bc/crypto/asn1/libcrypto-lib-x_val.bc	-	-	0.016
0	null-deref	workspace/openssl-bc/bc/crypto/asn1/libcrypto-lib-x_val.bc	-	-	0.016
0	leak	workspace/openssl-bc/bc/crypto/async/arch/libcrypto-lib-async_null.bc	-	-	0.016
0	dfree	workspace/openssl-bc/bc/crypto/async/arch/libcrypto-lib-async_null.bc	-	-	0.016
0	fileck	workspace/openssl-bc/bc/crypto/async/arch/libcrypto-lib-async_null.bc	-	-	0.016
0	null-deref	workspace/openssl-bc/bc/crypto/async/arch/libcrypto-lib-async_null.bc	-	-	0.016
0	leak	workspace/openssl-bc/bc/crypto/async/arch/libcrypto-lib-async_posix.bc	-	-	0.016
0	dfree	workspace/openssl-bc/bc/crypto/async/arch/libcrypto-lib-async_posix.bc	-	-	0.016
0	fileck	workspace/openssl-bc/bc/crypto/async/arch/libcrypto-lib-async_posix.bc	-	-	0.016
0	null-deref	workspace/openssl-bc/bc/crypto/async/arch/libcrypto-lib-async_posix.bc	-	-	0.016
0	leak	workspace/openssl-bc/bc/crypto/async/arch/libcrypto-lib-async_win.bc	-	-	0.016
0	dfree	workspace/openssl-bc/bc/crypto/async/arch/libcrypto-lib-async_win.bc	-	-	0.016
0	fileck	workspace/openssl-bc/bc/crypto/async/arch/libcrypto-lib-async_win.bc	-	-	0.016
0	null-deref	workspace/openssl-bc/bc/crypto/async/arch/libcrypto-lib-async_win.bc	-	-	0.016
0	leak	workspace/openssl-bc/bc/crypto/async/libcrypto-lib-async.bc	-	outputs/saber/openssl/workspace__openssl-bc__bc__crypto__async__libcrypto-lib-async.leak.stderr.txt	0.032
0	dfree	workspace/openssl-bc/bc/crypto/async/libcrypto-lib-async.bc	-	-	0.032
0	fileck	workspace/openssl-bc/bc/crypto/async/libcrypto-lib-async.bc	-	-	0.032
0	null-deref	workspace/openssl-bc/bc/crypto/async/libcrypto-lib-async.bc	-	outputs/saber/openssl/workspace__openssl-bc__bc__crypto__async__libcrypto-lib-async.null-deref.stderr.txt	0.032
0	leak	workspace/openssl-bc/bc/crypto/async/libcrypto-lib-async_err.bc	-	-	0.016
0	dfree	workspace/openssl-bc/bc/crypto/async/libcrypto-lib-async_err.bc	-	-	0.016
0	fileck	workspace/openssl-bc/bc/crypto/async/libcrypto-lib-async_err.bc	-	-	0.016
0	null-deref	workspace/openssl-bc/bc/crypto/async/libcrypto-lib-async_err.bc	-	-	0.016
0	leak	workspace/openssl-bc/bc/crypto/async/libcrypto-lib-async_wait.bc	-	-	0.032
0	dfree	workspace/openssl-bc/bc/crypto/async/libcrypto-lib-async_wait.bc	-	-	0.032
0	fileck	workspace/openssl-bc/bc/crypto/async/libcrypto-lib-async_wait.bc	-	-	0.032
0	null-deref	workspace/openssl-bc/bc/crypto/async/libcrypto-lib-async_wait.bc	-	-	0.032
0	leak	workspace/openssl-bc/bc/crypto/bf/libcrypto-lib-bf_cfb64.bc	-	-	0.032
0	dfree	workspace/openssl-bc/bc/crypto/bf/libcrypto-lib-bf_cfb64.bc	-	-	0.032
0	fileck	workspace/openssl-bc/bc/crypto/bf/libcrypto-lib-bf_cfb64.bc	-	-	0.016
0	null-deref	workspace/openssl-bc/bc/crypto/bf/libcrypto-lib-bf_cfb64.bc	-	-	0.016
0	leak	workspace/openssl-bc/bc/crypto/bf/libcrypto-lib-bf_ecb.bc	-	-	0.016
0	dfree	workspace/openssl-bc/bc/crypto/bf/libcrypto-lib-bf_ecb.bc	-	-	0.016
0	fileck	workspace/openssl-bc/bc/crypto/bf/libcrypto-lib-bf_ecb.bc	-	-	0.016
0	null-deref	workspace/openssl-bc/bc/crypto/bf/libcrypto-lib-bf_ecb.bc	-	-	0.016
0	leak	workspace/openssl-bc/bc/crypto/bf/libcrypto-lib-bf_enc.bc	-	-	0.064
0	dfree	workspace/openssl-bc/bc/crypto/bf/libcrypto-lib-bf_enc.bc	-	-	0.064
0	fileck	workspace/openssl-bc/bc/crypto/bf/libcrypto-lib-bf_enc.bc	-	-	0.064
0	null-deref	workspace/openssl-bc/bc/crypto/bf/libcrypto-lib-bf_enc.bc	-	-	0.064
0	leak	workspace/openssl-bc/bc/crypto/bf/libcrypto-lib-bf_ofb64.bc	-	-	0.016
0	dfree	workspace/openssl-bc/bc/crypto/bf/libcrypto-lib-bf_ofb64.bc	-	-	0.016
0	fileck	workspace/openssl-bc/bc/crypto/bf/libcrypto-lib-bf_ofb64.bc	-	-	0.016
0	null-deref	workspace/openssl-bc/bc/crypto/bf/libcrypto-lib-bf_ofb64.bc	-	-	0.016
0	leak	workspace/openssl-bc/bc/crypto/bf/libcrypto-lib-bf_skey.bc	-	-	0.032
0	dfree	workspace/openssl-bc/bc/crypto/bf/libcrypto-lib-bf_skey.bc	-	-	0.032
0	fileck	workspace/openssl-bc/bc/crypto/bf/libcrypto-lib-bf_skey.bc	-	-	0.032
0	null-deref	workspace/openssl-bc/bc/crypto/bf/libcrypto-lib-bf_skey.bc	-	-	0.032
0	leak	workspace/openssl-bc/bc/crypto/bio/libcrypto-lib-bf_buff.bc	-	outputs/saber/openssl/workspace__openssl-bc__bc__crypto__bio__libcrypto-lib-bf_buff.leak.stderr.txt	0.064
0	dfree	workspace/openssl-bc/bc/crypto/bio/libcrypto-lib-bf_buff.bc	-	-	0.064
0	fileck	workspace/openssl-bc/bc/crypto/bio/libcrypto-lib-bf_buff.bc	-	-	0.032
0	null-deref	workspace/openssl-bc/bc/crypto/bio/libcrypto-lib-bf_buff.bc	-	outputs/saber/openssl/workspace__openssl-bc__bc__crypto__bio__libcrypto-lib-bf_buff.null-deref.stderr.txt	0.064
0	leak	workspace/openssl-bc/bc/crypto/bio/libcrypto-lib-bf_lbuf.bc	-	outputs/saber/openssl/workspace__openssl-bc__bc__crypto__bio__libcrypto-lib-bf_lbuf.leak.stderr.txt	0.033
0	dfree	workspace/openssl-bc/bc/crypto/bio/libcrypto-lib-bf_lbuf.bc	-	-	0.032
0	fileck	workspace/openssl-bc/bc/crypto/bio/libcrypto-lib-bf_lbuf.bc	-	-	0.032
0	null-deref	workspace/openssl-bc/bc/crypto/bio/libcrypto-lib-bf_lbuf.bc	-	outputs/saber/openssl/workspace__openssl-bc__bc__crypto__bio__libcrypto-lib-bf_lbuf.null-deref.stderr.txt	0.032
0	leak	workspace/openssl-bc/bc/crypto/bio/libcrypto-lib-bf_nbio.bc	-	-	0.032
0	dfree	workspace/openssl-bc/bc/crypto/bio/libcrypto-lib-bf_nbio.bc	-	-	0.032
0	fileck	workspace/openssl-bc/bc/crypto/bio/libcrypto-lib-bf_nbio.bc	-	-	0.032
0	null-deref	workspace/openssl-bc/bc/crypto/bio/libcrypto-lib-bf_nbio.bc	-	-	0.032
0	leak	workspace/openssl-bc/bc/crypto/bio/libcrypto-lib-bf_null.bc	-	-	0.016
0	dfree	workspace/openssl-bc/bc/crypto/bio/libcrypto-lib-bf_null.bc	-	-	0.016
0	fileck	workspace/openssl-bc/bc/crypto/bio/libcrypto-lib-bf_null.bc	-	-	0.016
0	null-deref	workspace/openssl-bc/bc/crypto/bio/libcrypto-lib-bf_null.bc	-	-	0.016
0	leak	workspace/openssl-bc/bc/crypto/bio/libcrypto-lib-bf_prefix.bc	-	-	0.032
0	dfree	workspace/openssl-bc/bc/crypto/bio/libcrypto-lib-bf_prefix.bc	-	-	0.032
0	fileck	workspace/openssl-bc/bc/crypto/bio/libcrypto-lib-bf_prefix.bc	-	-	0.032
0	null-deref	workspace/openssl-bc/bc/crypto/bio/libcrypto-lib-bf_prefix.bc	-	-	0.032
0	leak	workspace/openssl-bc/bc/crypto/bio/libcrypto-lib-bf_readbuff.bc	-	outputs/saber/openssl/workspace__openssl-bc__bc__crypto__bio__libcrypto-lib-bf_readbuff.leak.stderr.txt	0.032
0	dfree	workspace/openssl-bc/bc/crypto/bio/libcrypto-lib-bf_readbuff.bc	-	-	0.032
0	fileck	workspace/openssl-bc/bc/crypto/bio/libcrypto-lib-bf_readbuff.bc	-	-	0.032
0	null-deref	workspace/openssl-bc/bc/crypto/bio/libcrypto-lib-bf_readbuff.bc	-	outputs/saber/openssl/workspace__openssl-bc__bc__crypto__bio__libcrypto-lib-bf_readbuff.null-deref.stderr.txt	0.032
0	leak	workspace/openssl-bc/bc/crypto/bio/libcrypto-lib-bio_addr.bc	-	-	0.064
0	dfree	workspace/openssl-bc/bc/crypto/bio/libcrypto-lib-bio_addr.bc	-	-	0.069
0	fileck	workspace/openssl-bc/bc/crypto/bio/libcrypto-lib-bio_addr.bc	-	-	0.064
0	null-deref	workspace/openssl-bc/bc/crypto/bio/libcrypto-lib-bio_addr.bc	-	-	0.064
0	leak	workspace/openssl-bc/bc/crypto/bio/libcrypto-lib-bio_cb.bc	-	-	0.032
0	dfree	workspace/openssl-bc/bc/crypto/bio/libcrypto-lib-bio_cb.bc	-	-	0.032
0	fileck	workspace/openssl-bc/bc/crypto/bio/libcrypto-lib-bio_cb.bc	-	-	0.032
0	null-deref	workspace/openssl-bc/bc/crypto/bio/libcrypto-lib-bio_cb.bc	-	-	0.032
0	leak	workspace/openssl-bc/bc/crypto/bio/libcrypto-lib-bio_dump.bc	-	-	0.032
0	dfree	workspace/openssl-bc/bc/crypto/bio/libcrypto-lib-bio_dump.bc	-	-	0.032
0	fileck	workspace/openssl-bc/bc/crypto/bio/libcrypto-lib-bio_dump.bc	-	-	0.032
0	null-deref	workspace/openssl-bc/bc/crypto/bio/libcrypto-lib-bio_dump.bc	-	-	0.032
0	leak	workspace/openssl-bc/bc/crypto/bio/libcrypto-lib-bio_err.bc	-	-	0.016
0	dfree	workspace/openssl-bc/bc/crypto/bio/libcrypto-lib-bio_err.bc	-	-	0.016
0	fileck	workspace/openssl-bc/bc/crypto/bio/libcrypto-lib-bio_err.bc	-	-	0.016
0	null-deref	workspace/openssl-bc/bc/crypto/bio/libcrypto-lib-bio_err.bc	-	-	0.016
0	leak	workspace/openssl-bc/bc/crypto/bio/libcrypto-lib-bio_lib.bc	-	-	0.064
0	dfree	workspace/openssl-bc/bc/crypto/bio/libcrypto-lib-bio_lib.bc	-	-	0.064
0	fileck	workspace/openssl-bc/bc/crypto/bio/libcrypto-lib-bio_lib.bc	-	-	0.064
0	null-deref	workspace/openssl-bc/bc/crypto/bio/libcrypto-lib-bio_lib.bc	-	-	0.064
0	leak	workspace/openssl-bc/bc/crypto/bio/libcrypto-lib-bio_meth.bc	-	-	0.032
0	dfree	workspace/openssl-bc/bc/crypto/bio/libcrypto-lib-bio_meth.bc	-	-	0.032
0	fileck	workspace/openssl-bc/bc/crypto/bio/libcrypto-lib-bio_meth.bc	-	-	0.032
0	null-deref	workspace/openssl-bc/bc/crypto/bio/libcrypto-lib-bio_meth.bc	-	-	0.032
0	leak	workspace/openssl-bc/bc/crypto/bio/libcrypto-lib-bio_print.bc	-	-	0.032
0	dfree	workspace/openssl-bc/bc/crypto/bio/libcrypto-lib-bio_print.bc	-	-	0.032
0	fileck	workspace/openssl-bc/bc/crypto/bio/libcrypto-lib-bio_print.bc	-	-	0.016
0	null-deref	workspace/openssl-bc/bc/crypto/bio/libcrypto-lib-bio_print.bc	-	-	0.032
0	leak	workspace/openssl-bc/bc/crypto/bio/libcrypto-lib-bio_sock.bc	-	-	0.032
0	dfree	workspace/openssl-bc/bc/crypto/bio/libcrypto-lib-bio_sock.bc	-	-	0.032
0	fileck	workspace/openssl-bc/bc/crypto/bio/libcrypto-lib-bio_sock.bc	-	-	0.032
0	null-deref	workspace/openssl-bc/bc/crypto/bio/libcrypto-lib-bio_sock.bc	-	-	0.032
0	leak	workspace/openssl-bc/bc/crypto/bio/libcrypto-lib-bio_sock2.bc	-	-	0.032
0	dfree	workspace/openssl-bc/bc/crypto/bio/libcrypto-lib-bio_sock2.bc	-	-	0.032
0	fileck	workspace/openssl-bc/bc/crypto/bio/libcrypto-lib-bio_sock2.bc	-	-	0.032
0	null-deref	workspace/openssl-bc/bc/crypto/bio/libcrypto-lib-bio_sock2.bc	-	-	0.032
0	leak	workspace/openssl-bc/bc/crypto/bio/libcrypto-lib-bss_acpt.bc	-	outputs/saber/openssl/workspace__openssl-bc__bc__crypto__bio__libcrypto-lib-bss_acpt.leak.stderr.txt	0.032
0	dfree	workspace/openssl-bc/bc/crypto/bio/libcrypto-lib-bss_acpt.bc	-	-	0.064
0	fileck	workspace/openssl-bc/bc/crypto/bio/libcrypto-lib-bss_acpt.bc	-	outputs/saber/openssl/workspace__openssl-bc__bc__crypto__bio__libcrypto-lib-bss_acpt.fileck.stderr.txt	0.037
0	null-deref	workspace/openssl-bc/bc/crypto/bio/libcrypto-lib-bss_acpt.bc	-	outputs/saber/openssl/workspace__openssl-bc__bc__crypto__bio__libcrypto-lib-bss_acpt.null-deref.stderr.txt	0.064
0	leak	workspace/openssl-bc/bc/crypto/bio/libcrypto-lib-bss_bio.bc	-	outputs/saber/openssl/workspace__openssl-bc__bc__crypto__bio__libcrypto-lib-bss_bio.leak.stderr.txt	0.065
0	dfree	workspace/openssl-bc/bc/crypto/bio/libcrypto-lib-bss_bio.bc	-	-	0.074
0	fileck	workspace/openssl-bc/bc/crypto/bio/libcrypto-lib-bss_bio.bc	-	-	0.039
0	null-deref	workspace/openssl-bc/bc/crypto/bio/libcrypto-lib-bss_bio.bc	-	outputs/saber/openssl/workspace__openssl-bc__bc__crypto__bio__libcrypto-lib-bss_bio.null-deref.stderr.txt	0.064
0	leak	workspace/openssl-bc/bc/crypto/bio/libcrypto-lib-bss_conn.bc	-	outputs/saber/openssl/workspace__openssl-bc__bc__crypto__bio__libcrypto-lib-bss_conn.leak.stderr.txt	0.064
0	dfree	workspace/openssl-bc/bc/crypto/bio/libcrypto-lib-bss_conn.bc	-	-	0.064
0	fileck	workspace/openssl-bc/bc/crypto/bio/libcrypto-lib-bss_conn.bc	-	-	0.064
0	null-deref	workspace/openssl-bc/bc/crypto/bio/libcrypto-lib-bss_conn.bc	-	outputs/saber/openssl/workspace__openssl-bc__bc__crypto__bio__libcrypto-lib-bss_conn.null-deref.stderr.txt	0.064
0	leak	workspace/openssl-bc/bc/crypto/bio/libcrypto-lib-bss_core.bc	-	-	0.032
0	dfree	workspace/openssl-bc/bc/crypto/bio/libcrypto-lib-bss_core.bc	-	-	0.032
0	fileck	workspace/openssl-bc/bc/crypto/bio/libcrypto-lib-bss_core.bc	-	-	0.032
0	null-deref	workspace/openssl-bc/bc/crypto/bio/libcrypto-lib-bss_core.bc	-	-	0.032
0	leak	workspace/openssl-bc/bc/crypto/bio/libcrypto-lib-bss_dgram.bc	-	-	0.064
0	dfree	workspace/openssl-bc/bc/crypto/bio/libcrypto-lib-bss_dgram.bc	-	-	0.064
0	fileck	workspace/openssl-bc/bc/crypto/bio/libcrypto-lib-bss_dgram.bc	-	-	0.064
0	null-deref	workspace/openssl-bc/bc/crypto/bio/libcrypto-lib-bss_dgram.bc	-	-	0.064
0	leak	workspace/openssl-bc/bc/crypto/bio/libcrypto-lib-bss_dgram_pair.bc	-	outputs/saber/openssl/workspace__openssl-bc__bc__crypto__bio__libcrypto-lib-bss_dgram_pair.leak.stderr.txt	0.064
0	dfree	workspace/openssl-bc/bc/crypto/bio/libcrypto-lib-bss_dgram_pair.bc	-	-	0.073
0	fileck	workspace/openssl-bc/bc/crypto/bio/libcrypto-lib-bss_dgram_pair.bc	-	-	0.064
0	null-deref	workspace/openssl-bc/bc/crypto/bio/libcrypto-lib-bss_dgram_pair.bc	-	outputs/saber/openssl/workspace__openssl-bc__bc__crypto__bio__libcrypto-lib-bss_dgram_pair.null-deref.stderr.txt	0.064
0	leak	workspace/openssl-bc/bc/crypto/bio/libcrypto-lib-bss_fd.bc	-	-	0.032
0	dfree	workspace/openssl-bc/bc/crypto/bio/libcrypto-lib-bss_fd.bc	-	-	0.032
0	fileck	workspace/openssl-bc/bc/crypto/bio/libcrypto-lib-bss_fd.bc	-	-	0.032
0	null-deref	workspace/openssl-bc/bc/crypto/bio/libcrypto-lib-bss_fd.bc	-	-	0.032
0	leak	workspace/openssl-bc/bc/crypto/bio/libcrypto-lib-bss_file.bc	-	-	0.032
0	dfree	workspace/openssl-bc/bc/crypto/bio/libcrypto-lib-bss_file.bc	-	-	0.032
0	fileck	workspace/openssl-bc/bc/crypto/bio/libcrypto-lib-bss_file.bc	-	-	0.032
0	null-deref	workspace/openssl-bc/bc/crypto/bio/libcrypto-lib-bss_file.bc	-	-	0.032
0	leak	workspace/openssl-bc/bc/crypto/bio/libcrypto-lib-bss_log.bc	-	outputs/saber/openssl/workspace__openssl-bc__bc__crypto__bio__libcrypto-lib-bss_log.leak.stderr.txt	0.032
0	dfree	workspace/openssl-bc/bc/crypto/bio/libcrypto-lib-bss_log.bc	-	-	0.032
0	fileck	workspace/openssl-bc/bc/crypto/bio/libcrypto-lib-bss_log.bc	-	-	0.016
0	null-deref	workspace/openssl-bc/bc/crypto/bio/libcrypto-lib-bss_log.bc	-	outputs/saber/openssl/workspace__openssl-bc__bc__crypto__bio__libcrypto-lib-bss_log.null-deref.stderr.txt	0.032
0	leak	workspace/openssl-bc/bc/crypto/bio/libcrypto-lib-bss_mem.bc	-	-	0.032
0	dfree	workspace/openssl-bc/bc/crypto/bio/libcrypto-lib-bss_mem.bc	-	-	0.032
0	fileck	workspace/openssl-bc/bc/crypto/bio/libcrypto-lib-bss_mem.bc	-	-	0.032
0	null-deref	workspace/openssl-bc/bc/crypto/bio/libcrypto-lib-bss_mem.bc	-	-	0.032
0	leak	workspace/openssl-bc/bc/crypto/bio/libcrypto-lib-bss_null.bc	-	-	0.016
0	dfree	workspace/openssl-bc/bc/crypto/bio/libcrypto-lib-bss_null.bc	-	-	0.016
0	fileck	workspace/openssl-bc/bc/crypto/bio/libcrypto-lib-bss_null.bc	-	-	0.016
0	null-deref	workspace/openssl-bc/bc/crypto/bio/libcrypto-lib-bss_null.bc	-	-	0.016
0	leak	workspace/openssl-bc/bc/crypto/bio/libcrypto-lib-bss_sock.bc	-	-	0.032
0	dfree	workspace/openssl-bc/bc/crypto/bio/libcrypto-lib-bss_sock.bc	-	-	0.032
0	fileck	workspace/openssl-bc/bc/crypto/bio/libcrypto-lib-bss_sock.bc	-	-	0.032
0	null-deref	workspace/openssl-bc/bc/crypto/bio/libcrypto-lib-bss_sock.bc	-	-	0.032
0	leak	workspace/openssl-bc/bc/crypto/bio/libcrypto-lib-ossl_core_bio.bc	-	outputs/saber/openssl/workspace__openssl-bc__bc__crypto__bio__libcrypto-lib-ossl_core_bio.leak.stderr.txt	0.032
0	dfree	workspace/openssl-bc/bc/crypto/bio/libcrypto-lib-ossl_core_bio.bc	-	outputs/saber/openssl/workspace__openssl-bc__bc__crypto__bio__libcrypto-lib-ossl_core_bio.dfree.stderr.txt	0.032
0	fileck	workspace/openssl-bc/bc/crypto/bio/libcrypto-lib-ossl_core_bio.bc	-	-	0.016
0	null-deref	workspace/openssl-bc/bc/crypto/bio/libcrypto-lib-ossl_core_bio.bc	-	outputs/saber/openssl/workspace__openssl-bc__bc__crypto__bio__libcrypto-lib-ossl_core_bio.null-deref.stderr.txt	0.032
0	leak	workspace/openssl-bc/bc/crypto/bn/libcrypto-lib-bn_add.bc	-	-	0.032
0	dfree	workspace/openssl-bc/bc/crypto/bn/libcrypto-lib-bn_add.bc	-	-	0.032
0	fileck	workspace/openssl-bc/bc/crypto/bn/libcrypto-lib-bn_add.bc	-	-	0.016
0	null-deref	workspace/openssl-bc/bc/crypto/bn/libcrypto-lib-bn_add.bc	-	-	0.032
0	leak	workspace/openssl-bc/bc/crypto/bn/libcrypto-lib-bn_asm.bc	-	-	0.265
0	dfree	workspace/openssl-bc/bc/crypto/bn/libcrypto-lib-bn_asm.bc	-	-	0.264
0	fileck	workspace/openssl-bc/bc/crypto/bn/libcrypto-lib-bn_asm.bc	-	-	0.264
0	null-deref	workspace/openssl-bc/bc/crypto/bn/libcrypto-lib-bn_asm.bc	-	-	0.264
0	leak	workspace/openssl-bc/bc/crypto/bn/libcrypto-lib-bn_blind.bc	-	-	0.032
0	dfree	workspace/openssl-bc/bc/crypto/bn/libcrypto-lib-bn_blind.bc	-	-	0.032
0	fileck	workspace/openssl-bc/bc/crypto/bn/libcrypto-lib-bn_blind.bc	-	-	0.032
0	null-deref	workspace/openssl-bc/bc/crypto/bn/libcrypto-lib-bn_blind.bc	-	-	0.032
0	leak	workspace/openssl-bc/bc/crypto/bn/libcrypto-lib-bn_const.bc	-	-	0.016
0	dfree	workspace/openssl-bc/bc/crypto/bn/libcrypto-lib-bn_const.bc	-	-	0.016
0	fileck	workspace/openssl-bc/bc/crypto/bn/libcrypto-lib-bn_const.bc	-	-	0.016
0	null-deref	workspace/openssl-bc/bc/crypto/bn/libcrypto-lib-bn_const.bc	-	-	0.016
0	leak	workspace/openssl-bc/bc/crypto/bn/libcrypto-lib-bn_conv.bc	-	-	0.032
0	dfree	workspace/openssl-bc/bc/crypto/bn/libcrypto-lib-bn_conv.bc	-	-	0.032
0	fileck	workspace/openssl-bc/bc/crypto/bn/libcrypto-lib-bn_conv.bc	-	-	0.032
0	null-deref	workspace/openssl-bc/bc/crypto/bn/libcrypto-lib-bn_conv.bc	-	-	0.032
0	leak	workspace/openssl-bc/bc/crypto/bn/libcrypto-lib-bn_ctx.bc	-	outputs/saber/openssl/workspace__openssl-bc__bc__crypto__bn__libcrypto-lib-bn_ctx.leak.stderr.txt	0.032
0	dfree	workspace/openssl-bc/bc/crypto/bn/libcrypto-lib-bn_ctx.bc	-	-	0.032
0	fileck	workspace/openssl-bc/bc/crypto/bn/libcrypto-lib-bn_ctx.bc	-	-	0.032
0	null-deref	workspace/openssl-bc/bc/crypto/bn/libcrypto-lib-bn_ctx.bc	-	outputs/saber/openssl/workspace__openssl-bc__bc__crypto__bn__libcrypto-lib-bn_ctx.null-deref.stderr.txt	0.032
0	leak	workspace/openssl-bc/bc/crypto/bn/libcrypto-lib-bn_depr.bc	-	-	0.016
0	dfree	workspace/openssl-bc/bc/crypto/bn/libcrypto-lib-bn_depr.bc	-	-	0.016
0	fileck	workspace/openssl-bc/bc/crypto/bn/libcrypto-lib-bn_depr.bc	-	-	0.016
0	null-deref	workspace/openssl-bc/bc/crypto/bn/libcrypto-lib-bn_depr.bc	-	-	0.016
0	leak	workspace/openssl-bc/bc/crypto/bn/libcrypto-lib-bn_dh.bc	-	-	0.032
0	dfree	workspace/openssl-bc/bc/crypto/bn/libcrypto-lib-bn_dh.bc	-	-	0.032
0	fileck	workspace/openssl-bc/bc/crypto/bn/libcrypto-lib-bn_dh.bc	-	-	0.032
0	null-deref	workspace/openssl-bc/bc/crypto/bn/libcrypto-lib-bn_dh.bc	-	-	0.032
0	leak	workspace/openssl-bc/bc/crypto/bn/libcrypto-lib-bn_div.bc	-	-	0.032
0	dfree	workspace/openssl-bc/bc/crypto/bn/libcrypto-lib-bn_div.bc	-	-	0.032
0	fileck	workspace/openssl-bc/bc/crypto/bn/libcrypto-lib-bn_div.bc	-	-	0.032
0	null-deref	workspace/openssl-bc/bc/crypto/bn/libcrypto-lib-bn_div.bc	-	-	0.032
0	leak	workspace/openssl-bc/bc/crypto/bn/libcrypto-lib-bn_err.bc	-	-	0.016
0	dfree	workspace/openssl-bc/bc/crypto/bn/libcrypto-lib-bn_err.bc	-	-	0.016
0	fileck	workspace/openssl-bc/bc/crypto/bn/libcrypto-lib-bn_err.bc	-	-	0.016
0	null-deref	workspace/openssl-bc/bc/crypto/bn/libcrypto-lib-bn_err.bc	-	-	0.016
0	leak	workspace/openssl-bc/bc/crypto/bn/libcrypto-lib-bn_exp.bc	-	outputs/saber/openssl/workspace__openssl-bc__bc__crypto__bn__libcrypto-lib-bn_exp.leak.stderr.txt	0.064
0	dfree	workspace/openssl-bc/bc/crypto/bn/libcrypto-lib-bn_exp.bc	-	-	0.064
0	fileck	workspace/openssl-bc/bc/crypto/bn/libcrypto-lib-bn_exp.bc	-	-	0.064
0	null-deref	workspace/openssl-bc/bc/crypto/bn/libcrypto-lib-bn_exp.bc	-	outputs/saber/openssl/workspace__openssl-bc__bc__crypto__bn__libcrypto-lib-bn_exp.null-deref.stderr.txt	0.064
0	leak	workspace/openssl-bc/bc/crypto/bn/libcrypto-lib-bn_exp2.bc	-	-	0.032
0	dfree	workspace/openssl-bc/bc/crypto/bn/libcrypto-lib-bn_exp2.bc	-	-	0.032
0	fileck	workspace/openssl-bc/bc/crypto/bn/libcrypto-lib-bn_exp2.bc	-	-	0.032
0	null-deref	workspace/openssl-bc/bc/crypto/bn/libcrypto-lib-bn_exp2.bc	-	-	0.033
0	leak	workspace/openssl-bc/bc/crypto/bn/libcrypto-lib-bn_gcd.bc	-	-	0.032
0	dfree	workspace/openssl-bc/bc/crypto/bn/libcrypto-lib-bn_gcd.bc	-	-	0.032
0	fileck	workspace/openssl-bc/bc/crypto/bn/libcrypto-lib-bn_gcd.bc	-	-	0.032
0	null-deref	workspace/openssl-bc/bc/crypto/bn/libcrypto-lib-bn_gcd.bc	-	-	0.032
0	leak	workspace/openssl-bc/bc/crypto/bn/libcrypto-lib-bn_gf2m.bc	-	-	0.064
0	dfree	workspace/openssl-bc/bc/crypto/bn/libcrypto-lib-bn_gf2m.bc	-	-	0.064
0	fileck	workspace/openssl-bc/bc/crypto/bn/libcrypto-lib-bn_gf2m.bc	-	-	0.064
0	null-deref	workspace/openssl-bc/bc/crypto/bn/libcrypto-lib-bn_gf2m.bc	-	-	0.064
0	leak	workspace/openssl-bc/bc/crypto/bn/libcrypto-lib-bn_intern.bc	-	-	0.032
0	dfree	workspace/openssl-bc/bc/crypto/bn/libcrypto-lib-bn_intern.bc	-	-	0.032
0	fileck	workspace/openssl-bc/bc/crypto/bn/libcrypto-lib-bn_intern.bc	-	-	0.032
0	null-deref	workspace/openssl-bc/bc/crypto/bn/libcrypto-lib-bn_intern.bc	-	-	0.032
0	leak	workspace/openssl-bc/bc/crypto/bn/libcrypto-lib-bn_kron.bc	-	-	0.016
0	dfree	workspace/openssl-bc/bc/crypto/bn/libcrypto-lib-bn_kron.bc	-	-	0.016
0	fileck	workspace/openssl-bc/bc/crypto/bn/libcrypto-lib-bn_kron.bc	-	-	0.016
0	null-deref	workspace/openssl-bc/bc/crypto/bn/libcrypto-lib-bn_kron.bc	-	-	0.016
0	leak	workspace/openssl-bc/bc/crypto/bn/libcrypto-lib-bn_lib.bc	-	-	0.064
0	dfree	workspace/openssl-bc/bc/crypto/bn/libcrypto-lib-bn_lib.bc	-	-	0.064
0	fileck	workspace/openssl-bc/bc/crypto/bn/libcrypto-lib-bn_lib.bc	-	-	0.064
0	null-deref	workspace/openssl-bc/bc/crypto/bn/libcrypto-lib-bn_lib.bc	-	-	0.064
0	leak	workspace/openssl-bc/bc/crypto/bn/libcrypto-lib-bn_mod.bc	-	outputs/saber/openssl/workspace__openssl-bc__bc__crypto__bn__libcrypto-lib-bn_mod.leak.stderr.txt	0.032
0	dfree	workspace/openssl-bc/bc/crypto/bn/libcrypto-lib-bn_mod.bc	-	-	0.032
0	fileck	workspace/openssl-bc/bc/crypto/bn/libcrypto-lib-bn_mod.bc	-	-	0.032
0	null-deref	workspace/openssl-bc/bc/crypto/bn/libcrypto-lib-bn_mod.bc	-	outputs/saber/openssl/workspace__openssl-bc__bc__crypto__bn__libcrypto-lib-bn_mod.null-deref.stderr.txt	0.032
0	leak	workspace/openssl-bc/bc/crypto/bn/libcrypto-lib-bn_mont.bc	-	outputs/saber/openssl/workspace__openssl-bc__bc__crypto__bn__libcrypto-lib-bn_mont.leak.stderr.txt	0.032
0	dfree	workspace/openssl-bc/bc/crypto/bn/libcrypto-lib-bn_mont.bc	-	-	0.032
0	fileck	workspace/openssl-bc/bc/crypto/bn/libcrypto-lib-bn_mont.bc	-	-	0.032
0	null-deref	workspace/openssl-bc/bc/crypto/bn/libcrypto-lib-bn_mont.bc	-	outputs/saber/openssl/workspace__openssl-bc__bc__crypto__bn__libcrypto-lib-bn_mont.null-deref.stderr.txt	0.032
0	leak	workspace/openssl-bc/bc/crypto/bn/libcrypto-lib-bn_mpi.bc	-	-	0.016
0	dfree	workspace/openssl-bc/bc/crypto/bn/libcrypto-lib-bn_mpi.bc	-	-	0.016
0	fileck	workspace/openssl-bc/bc/crypto/bn/libcrypto-lib-bn_mpi.bc	-	-	0.016
0	null-deref	workspace/openssl-bc/bc/crypto/bn/libcrypto-lib-bn_mpi.bc	-	-	0.016
0	leak	workspace/openssl-bc/bc/crypto/bn/libcrypto-lib-bn_mul.bc	-	-	0.064
0	dfree	workspace/openssl-bc/bc/crypto/bn/libcrypto-lib-bn_mul.bc	-	-	0.064
0	fileck	workspace/openssl-bc/bc/crypto/bn/libcrypto-lib-bn_mul.bc	-	-	0.064
0	null-deref	workspace/openssl-bc/bc/crypto/bn/libcrypto-lib-bn_mul.bc	-	-	0.064
0	leak	workspace/openssl-bc/bc/crypto/bn/libcrypto-lib-bn_nist.bc	-	-	0.069
0	dfree	workspace/openssl-bc/bc/crypto/bn/libcrypto-lib-bn_nist.bc	-	-	0.064
0	fileck	workspace/openssl-bc/bc/crypto/bn/libcrypto-lib-bn_nist.bc	-	-	0.064
0	null-deref	workspace/openssl-bc/bc/crypto/bn/libcrypto-lib-bn_nist.bc	-	-	0.064
0	leak	workspace/openssl-bc/bc/crypto/bn/libcrypto-lib-bn_prime.bc	-	-	0.064
0	dfree	workspace/openssl-bc/bc/crypto/bn/libcrypto-lib-bn_prime.bc	-	-	0.064
0	fileck	workspace/openssl-bc/bc/crypto/bn/libcrypto-lib-bn_prime.bc	-	-	0.064
0	null-deref	workspace/openssl-bc/bc/crypto/bn/libcrypto-lib-bn_prime.bc	-	-	0.064
0	leak	workspace/openssl-bc/bc/crypto/bn/libcrypto-lib-bn_print.bc	-	-	0.016
0	dfree	workspace/openssl-bc/bc/crypto/bn/libcrypto-lib-bn_print.bc	-	-	0.016
0	fileck	workspace/openssl-bc/bc/crypto/bn/libcrypto-lib-bn_print.bc	-	-	0.016
0	null-deref	workspace/openssl-bc/bc/crypto/bn/libcrypto-lib-bn_print.bc	-	-	0.016
0	leak	workspace/openssl-bc/bc/crypto/bn/libcrypto-lib-bn_rand.bc	-	-	0.032
0	dfree	workspace/openssl-bc/bc/crypto/bn/libcrypto-lib-bn_rand.bc	-	-	0.032
0	fileck	workspace/openssl-bc/bc/crypto/bn/libcrypto-lib-bn_rand.bc	-	-	0.032
0	null-deref	workspace/openssl-bc/bc/crypto/bn/libcrypto-lib-bn_rand.bc	-	-	0.032
0	leak	workspace/openssl-bc/bc/crypto/bn/libcrypto-lib-bn_recp.bc	-	-	0.032
0	dfree	workspace/openssl-bc/bc/crypto/bn/libcrypto-lib-bn_recp.bc	-	-	0.032
0	fileck	workspace/openssl-bc/bc/crypto/bn/libcrypto-lib-bn_recp.bc	-	-	0.032
0	null-deref	workspace/openssl-bc/bc/crypto/bn/libcrypto-lib-bn_recp.bc	-	-	0.032
0	leak	workspace/openssl-bc/bc/crypto/bn/libcrypto-lib-bn_rsa_fips186_5.bc	-	-	0.032
0	dfree	workspace/openssl-bc/bc/crypto/bn/libcrypto-lib-bn_rsa_fips186_5.bc	-	-	0.032
0	fileck	workspace/openssl-bc/bc/crypto/bn/libcrypto-lib-bn_rsa_fips186_5.bc	-	-	0.032
0	null-deref	workspace/openssl-bc/bc/crypto/bn/libcrypto-lib-bn_rsa_fips186_5.bc	-	-	0.032
0	leak	workspace/openssl-bc/bc/crypto/bn/libcrypto-lib-bn_shift.bc	-	-	0.032
0	dfree	workspace/openssl-bc/bc/crypto/bn/libcrypto-lib-bn_shift.bc	-	-	0.032
0	fileck	workspace/openssl-bc/bc/crypto/bn/libcrypto-lib-bn_shift.bc	-	-	0.032
0	null-deref	workspace/openssl-bc/bc/crypto/bn/libcrypto-lib-bn_shift.bc	-	-	0.032
0	leak	workspace/openssl-bc/bc/crypto/bn/libcrypto-lib-bn_sqr.bc	-	-	0.032
0	dfree	workspace/openssl-bc/bc/crypto/bn/libcrypto-lib-bn_sqr.bc	-	-	0.032
0	fileck	workspace/openssl-bc/bc/crypto/bn/libcrypto-lib-bn_sqr.bc	-	-	0.032
0	null-deref	workspace/openssl-bc/bc/crypto/bn/libcrypto-lib-bn_sqr.bc	-	-	0.032
0	leak	workspace/openssl-bc/bc/crypto/bn/libcrypto-lib-bn_sqrt.bc	-	-	0.032
0	dfree	workspace/openssl-bc/bc/crypto/bn/libcrypto-lib-bn_sqrt.bc	-	-	0.032
0	fileck	workspace/openssl-bc/bc/crypto/bn/libcrypto-lib-bn_sqrt.bc	-	-	0.032
0	null-deref	workspace/openssl-bc/bc/crypto/bn/libcrypto-lib-bn_sqrt.bc	-	-	0.032
0	leak	workspace/openssl-bc/bc/crypto/bn/libcrypto-lib-bn_srp.bc	-	-	0.016
0	dfree	workspace/openssl-bc/bc/crypto/bn/libcrypto-lib-bn_srp.bc	-	-	0.016
0	fileck	workspace/openssl-bc/bc/crypto/bn/libcrypto-lib-bn_srp.bc	-	-	0.016
0	null-deref	workspace/openssl-bc/bc/crypto/bn/libcrypto-lib-bn_srp.bc	-	-	0.016
0	leak	workspace/openssl-bc/bc/crypto/bn/libcrypto-lib-bn_word.bc	-	-	0.032
0	dfree	workspace/openssl-bc/bc/crypto/bn/libcrypto-lib-bn_word.bc	-	-	0.032
0	fileck	workspace/openssl-bc/bc/crypto/bn/libcrypto-lib-bn_word.bc	-	-	0.032
0	null-deref	workspace/openssl-bc/bc/crypto/bn/libcrypto-lib-bn_word.bc	-	-	0.032
0	leak	workspace/openssl-bc/bc/crypto/bn/libcrypto-lib-bn_x931p.bc	-	-	0.032
0	dfree	workspace/openssl-bc/bc/crypto/bn/libcrypto-lib-bn_x931p.bc	-	-	0.032
0	fileck	workspace/openssl-bc/bc/crypto/bn/libcrypto-lib-bn_x931p.bc	-	-	0.032
0	null-deref	workspace/openssl-bc/bc/crypto/bn/libcrypto-lib-bn_x931p.bc	-	-	0.032
0	leak	workspace/openssl-bc/bc/crypto/buffer/libcrypto-lib-buf_err.bc	-	-	0.016
0	dfree	workspace/openssl-bc/bc/crypto/buffer/libcrypto-lib-buf_err.bc	-	-	0.016
0	fileck	workspace/openssl-bc/bc/crypto/buffer/libcrypto-lib-buf_err.bc	-	-	0.016
0	null-deref	workspace/openssl-bc/bc/crypto/buffer/libcrypto-lib-buf_err.bc	-	-	0.016
0	leak	workspace/openssl-bc/bc/crypto/buffer/libcrypto-lib-buffer.bc	-	-	0.032
0	dfree	workspace/openssl-bc/bc/crypto/buffer/libcrypto-lib-buffer.bc	-	-	0.033
0	fileck	workspace/openssl-bc/bc/crypto/buffer/libcrypto-lib-buffer.bc	-	-	0.032
0	null-deref	workspace/openssl-bc/bc/crypto/buffer/libcrypto-lib-buffer.bc	-	-	0.032
0	leak	workspace/openssl-bc/bc/crypto/camellia/libcrypto-lib-camellia.bc	-	-	0.064
0	dfree	workspace/openssl-bc/bc/crypto/camellia/libcrypto-lib-camellia.bc	-	-	0.064
0	fileck	workspace/openssl-bc/bc/crypto/camellia/libcrypto-lib-camellia.bc	-	-	0.064
0	null-deref	workspace/openssl-bc/bc/crypto/camellia/libcrypto-lib-camellia.bc	-	-	0.064
0	leak	workspace/openssl-bc/bc/crypto/camellia/libcrypto-lib-cmll_cbc.bc	-	-	0.016
0	dfree	workspace/openssl-bc/bc/crypto/camellia/libcrypto-lib-cmll_cbc.bc	-	-	0.016
0	fileck	workspace/openssl-bc/bc/crypto/camellia/libcrypto-lib-cmll_cbc.bc	-	-	0.016
0	null-deref	workspace/openssl-bc/bc/crypto/camellia/libcrypto-lib-cmll_cbc.bc	-	-	0.016
0	leak	workspace/openssl-bc/bc/crypto/camellia/libcrypto-lib-cmll_cfb.bc	-	-	0.016
0	dfree	workspace/openssl-bc/bc/crypto/camellia/libcrypto-lib-cmll_cfb.bc	-	-	0.016
0	fileck	workspace/openssl-bc/bc/crypto/camellia/libcrypto-lib-cmll_cfb.bc	-	-	0.016
0	null-deref	workspace/openssl-bc/bc/crypto/camellia/libcrypto-lib-cmll_cfb.bc	-	-	0.016
0	leak	workspace/openssl-bc/bc/crypto/camellia/libcrypto-lib-cmll_ctr.bc	-	-	0.016
0	dfree	workspace/openssl-bc/bc/crypto/camellia/libcrypto-lib-cmll_ctr.bc	-	-	0.016
0	fileck	workspace/openssl-bc/bc/crypto/camellia/libcrypto-lib-cmll_ctr.bc	-	-	0.016
0	null-deref	workspace/openssl-bc/bc/crypto/camellia/libcrypto-lib-cmll_ctr.bc	-	-	0.016
0	leak	workspace/openssl-bc/bc/crypto/camellia/libcrypto-lib-cmll_ecb.bc	-	-	0.016
0	dfree	workspace/openssl-bc/bc/crypto/camellia/libcrypto-lib-cmll_ecb.bc	-	-	0.016
0	fileck	workspace/openssl-bc/bc/crypto/camellia/libcrypto-lib-cmll_ecb.bc	-	-	0.016
0	null-deref	workspace/openssl-bc/bc/crypto/camellia/libcrypto-lib-cmll_ecb.bc	-	-	0.016
0	leak	workspace/openssl-bc/bc/crypto/camellia/libcrypto-lib-cmll_misc.bc	-	-	0.016
0	dfree	workspace/openssl-bc/bc/crypto/camellia/libcrypto-lib-cmll_misc.bc	-	-	0.016
0	fileck	workspace/openssl-bc/bc/crypto/camellia/libcrypto-lib-cmll_misc.bc	-	-	0.016
0	null-deref	workspace/openssl-bc/bc/crypto/camellia/libcrypto-lib-cmll_misc.bc	-	-	0.016
0	leak	workspace/openssl-bc/bc/crypto/camellia/libcrypto-lib-cmll_ofb.bc	-	-	0.016
0	dfree	workspace/openssl-bc/bc/crypto/camellia/libcrypto-lib-cmll_ofb.bc	-	-	0.016
0	fileck	workspace/openssl-bc/bc/crypto/camellia/libcrypto-lib-cmll_ofb.bc	-	-	0.016
0	null-deref	workspace/openssl-bc/bc/crypto/camellia/libcrypto-lib-cmll_ofb.bc	-	-	0.016
0	leak	workspace/openssl-bc/bc/crypto/cast/libcrypto-lib-c_cfb64.bc	-	-	0.016
0	dfree	workspace/openssl-bc/bc/crypto/cast/libcrypto-lib-c_cfb64.bc	-	-	0.016
0	fileck	workspace/openssl-bc/bc/crypto/cast/libcrypto-lib-c_cfb64.bc	-	-	0.032
0	null-deref	workspace/openssl-bc/bc/crypto/cast/libcrypto-lib-c_cfb64.bc	-	-	0.016
0	leak	workspace/openssl-bc/bc/crypto/cast/libcrypto-lib-c_ecb.bc	-	-	0.016
0	dfree	workspace/openssl-bc/bc/crypto/cast/libcrypto-lib-c_ecb.bc	-	-	0.016
0	fileck	workspace/openssl-bc/bc/crypto/cast/libcrypto-lib-c_ecb.bc	-	-	0.016
0	null-deref	workspace/openssl-bc/bc/crypto/cast/libcrypto-lib-c_ecb.bc	-	-	0.016
0	leak	workspace/openssl-bc/bc/crypto/cast/libcrypto-lib-c_enc.bc	-	-	0.064
0	dfree	workspace/openssl-bc/bc/crypto/cast/libcrypto-lib-c_enc.bc	-	-	0.064
0	fileck	workspace/openssl-bc/bc/crypto/cast/libcrypto-lib-c_enc.bc	-	-	0.065
0	null-deref	workspace/openssl-bc/bc/crypto/cast/libcrypto-lib-c_enc.bc	-	-	0.074
0	leak	workspace/openssl-bc/bc/crypto/cast/libcrypto-lib-c_ofb64.bc	-	-	0.018
0	dfree	workspace/openssl-bc/bc/crypto/cast/libcrypto-lib-c_ofb64.bc	-	-	0.016
0	fileck	workspace/openssl-bc/bc/crypto/cast/libcrypto-lib-c_ofb64.bc	-	-	0.016
0	null-deref	workspace/openssl-bc/bc/crypto/cast/libcrypto-lib-c_ofb64.bc	-	-	0.016
0	leak	workspace/openssl-bc/bc/crypto/cast/libcrypto-lib-c_skey.bc	-	-	0.064
0	dfree	workspace/openssl-bc/bc/crypto/cast/libcrypto-lib-c_skey.bc	-	-	0.064
0	fileck	workspace/openssl-bc/bc/crypto/cast/libcrypto-lib-c_skey.bc	-	-	0.069
0	null-deref	workspace/openssl-bc/bc/crypto/cast/libcrypto-lib-c_skey.bc	-	-	0.064
0	leak	workspace/openssl-bc/bc/crypto/chacha/libcrypto-lib-chacha_enc.bc	-	-	0.024
0	dfree	workspace/openssl-bc/bc/crypto/chacha/libcrypto-lib-chacha_enc.bc	-	-	0.032
0	fileck	workspace/openssl-bc/bc/crypto/chacha/libcrypto-lib-chacha_enc.bc	-	-	0.032
0	null-deref	workspace/openssl-bc/bc/crypto/chacha/libcrypto-lib-chacha_enc.bc	-	-	0.032
0	leak	workspace/openssl-bc/bc/crypto/cmac/libcrypto-lib-cmac.bc	-	-	0.032
0	dfree	workspace/openssl-bc/bc/crypto/cmac/libcrypto-lib-cmac.bc	-	-	0.032
0	fileck	workspace/openssl-bc/bc/crypto/cmac/libcrypto-lib-cmac.bc	-	-	0.032
0	null-deref	workspace/openssl-bc/bc/crypto/cmac/libcrypto-lib-cmac.bc	-	-	0.032
0	leak	workspace/openssl-bc/bc/crypto/cmp/libcrypto-lib-cmp_asn.bc	-	outputs/saber/openssl/workspace__openssl-bc__bc__crypto__cmp__libcrypto-lib-cmp_asn.leak.stderr.txt	0.114
0	dfree	workspace/openssl-bc/bc/crypto/cmp/libcrypto-lib-cmp_asn.bc	-	-	0.121
0	fileck	workspace/openssl-bc/bc/crypto/cmp/libcrypto-lib-cmp_asn.bc	-	-	0.115
0	null-deref	workspace/openssl-bc/bc/crypto/cmp/libcrypto-lib-cmp_asn.bc	-	outputs/saber/openssl/workspace__openssl-bc__bc__crypto__cmp__libcrypto-lib-cmp_asn.null-deref.stderr.txt	0.114
0	leak	workspace/openssl-bc/bc/crypto/cmp/libcrypto-lib-cmp_client.bc	-	outputs/saber/openssl/workspace__openssl-bc__bc__crypto__cmp__libcrypto-lib-cmp_client.leak.stderr.txt	0.114
0	dfree	workspace/openssl-bc/bc/crypto/cmp/libcrypto-lib-cmp_client.bc	-	outputs/saber/openssl/workspace__openssl-bc__bc__crypto__cmp__libcrypto-lib-cmp_client.dfree.stderr.txt	0.117
0	fileck	workspace/openssl-bc/bc/crypto/cmp/libcrypto-lib-cmp_client.bc	-	-	0.066
0	null-deref	workspace/openssl-bc/bc/crypto/cmp/libcrypto-lib-cmp_client.bc	-	outputs/saber/openssl/workspace__openssl-bc__bc__crypto__cmp__libcrypto-lib-cmp_client.null-deref.stderr.txt	0.115
0	leak	workspace/openssl-bc/bc/crypto/cmp/libcrypto-lib-cmp_ctx.bc	-	-	0.064
0	dfree	workspace/openssl-bc/bc/crypto/cmp/libcrypto-lib-cmp_ctx.bc	-	-	0.064
0	fileck	workspace/openssl-bc/bc/crypto/cmp/libcrypto-lib-cmp_ctx.bc	-	-	0.064
0	null-deref	workspace/openssl-bc/bc/crypto/cmp/libcrypto-lib-cmp_ctx.bc	-	-	0.064
0	leak	workspace/openssl-bc/bc/crypto/cmp/libcrypto-lib-cmp_err.bc	-	-	0.032
0	dfree	workspace/openssl-bc/bc/crypto/cmp/libcrypto-lib-cmp_err.bc	-	-	0.032
0	fileck	workspace/openssl-bc/bc/crypto/cmp/libcrypto-lib-cmp_err.bc	-	-	0.032
0	null-deref	workspace/openssl-bc/bc/crypto/cmp/libcrypto-lib-cmp_err.bc	-	-	0.032
0	leak	workspace/openssl-bc/bc/crypto/cmp/libcrypto-lib-cmp_genm.bc	-	outputs/saber/openssl/workspace__openssl-bc__bc__crypto__cmp__libcrypto-lib-cmp_genm.leak.stderr.txt	0.064
0	dfree	workspace/openssl-bc/bc/crypto/cmp/libcrypto-lib-cmp_genm.bc	-	-	0.064
0	fileck	workspace/openssl-bc/bc/crypto/cmp/libcrypto-lib-cmp_genm.bc	-	-	0.032
0	null-deref	workspace/openssl-bc/bc/crypto/cmp/libcrypto-lib-cmp_genm.bc	-	outputs/saber/openssl/workspace__openssl-bc__bc__crypto__cmp__libcrypto-lib-cmp_genm.null-deref.stderr.txt	0.064
0	leak	workspace/openssl-bc/bc/crypto/cmp/libcrypto-lib-cmp_hdr.bc	-	-	0.032
0	dfree	workspace/openssl-bc/bc/crypto/cmp/libcrypto-lib-cmp_hdr.bc	-	-	0.032
0	fileck	workspace/openssl-bc/bc/crypto/cmp/libcrypto-lib-cmp_hdr.bc	-	-	0.032
0	null-deref	workspace/openssl-bc/bc/crypto/cmp/libcrypto-lib-cmp_hdr.bc	-	-	0.032
0	leak	workspace/openssl-bc/bc/crypto/cmp/libcrypto-lib-cmp_http.bc	-	-	0.032
0	dfree	workspace/openssl-bc/bc/crypto/cmp/libcrypto-lib-cmp_http.bc	-	-	0.032
0	fileck	workspace/openssl-bc/bc/crypto/cmp/libcrypto-lib-cmp_http.bc	-	-	0.032
0	null-deref	workspace/openssl-bc/bc/crypto/cmp/libcrypto-lib-cmp_http.bc	-	-	0.032
0	leak	workspace/openssl-bc/bc/crypto/cmp/libcrypto-lib-cmp_msg.bc	-	outputs/saber/openssl/workspace__openssl-bc__bc__crypto__cmp__libcrypto-lib-cmp_msg.leak.stderr.txt	0.164
0	dfree	workspace/openssl-bc/bc/crypto/cmp/libcrypto-lib-cmp_msg.bc	-	outputs/saber/openssl/workspace__openssl-bc__bc__crypto__cmp__libcrypto-lib-cmp_msg.dfree.stderr.txt	0.165
0	fileck	workspace/openssl-bc/bc/crypto/cmp/libcrypto-lib-cmp_msg.bc	-	-	0.114
0	null-deref	workspace/openssl-bc/bc/crypto/cmp/libcrypto-lib-cmp_msg.bc	-	outputs/saber/openssl/workspace__openssl-bc__bc__crypto__cmp__libcrypto-lib-cmp_msg.null-deref.stderr.txt	0.164
0	leak	workspace/openssl-bc/bc/crypto/cmp/libcrypto-lib-cmp_protect.bc	-	-	0.032
0	dfree	workspace/openssl-bc/bc/crypto/cmp/libcrypto-lib-cmp_protect.bc	-	-	0.032
0	fileck	workspace/openssl-bc/bc/crypto/cmp/libcrypto-lib-cmp_protect.bc	-	-	0.032
0	null-deref	workspace/openssl-bc/bc/crypto/cmp/libcrypto-lib-cmp_protect.bc	-	-	0.032
0	leak	workspace/openssl-bc/bc/crypto/cmp/libcrypto-lib-cmp_server.bc	-	outputs/saber/openssl/workspace__openssl-bc__bc__crypto__cmp__libcrypto-lib-cmp_server.leak.stderr.txt	0.064
0	dfree	workspace/openssl-bc/bc/crypto/cmp/libcrypto-lib-cmp_server.bc	-	-	0.069
0	fileck	workspace/openssl-bc/bc/crypto/cmp/libcrypto-lib-cmp_server.bc	-	-	0.064
0	null-deref	workspace/openssl-bc/bc/crypto/cmp/libcrypto-lib-cmp_server.bc	-	outputs/saber/openssl/workspace__openssl-bc__bc__crypto__cmp__libcrypto-lib-cmp_server.null-deref.stderr.txt	0.064
0	leak	workspace/openssl-bc/bc/crypto/cmp/libcrypto-lib-cmp_status.bc	-	-	0.032
0	dfree	workspace/openssl-bc/bc/crypto/cmp/libcrypto-lib-cmp_status.bc	-	-	0.032
0	fileck	workspace/openssl-bc/bc/crypto/cmp/libcrypto-lib-cmp_status.bc	-	-	0.032
0	null-deref	workspace/openssl-bc/bc/crypto/cmp/libcrypto-lib-cmp_status.bc	-	-	0.032
0	leak	workspace/openssl-bc/bc/crypto/cmp/libcrypto-lib-cmp_util.bc	-	-	0.032
0	dfree	workspace/openssl-bc/bc/crypto/cmp/libcrypto-lib-cmp_util.bc	-	-	0.032
0	fileck	workspace/openssl-bc/bc/crypto/cmp/libcrypto-lib-cmp_util.bc	-	-	0.032
0	null-deref	workspace/openssl-bc/bc/crypto/cmp/libcrypto-lib-cmp_util.bc	-	-	0.032
0	leak	workspace/openssl-bc/bc/crypto/cmp/libcrypto-lib-cmp_vfy.bc	-	-	0.064
0	dfree	workspace/openssl-bc/bc/crypto/cmp/libcrypto-lib-cmp_vfy.bc	-	-	0.064
0	fileck	workspace/openssl-bc/bc/crypto/cmp/libcrypto-lib-cmp_vfy.bc	-	-	0.064
0	null-deref	workspace/openssl-bc/bc/crypto/cmp/libcrypto-lib-cmp_vfy.bc	-	-	0.064
0	leak	workspace/openssl-bc/bc/crypto/cms/libcrypto-lib-cms_asn1.bc	-	-	0.064
0	dfree	workspace/openssl-bc/bc/crypto/cms/libcrypto-lib-cms_asn1.bc	-	-	0.064
0	fileck	workspace/openssl-bc/bc/crypto/cms/libcrypto-lib-cms_asn1.bc	-	-	0.064
0	null-deref	workspace/openssl-bc/bc/crypto/cms/libcrypto-lib-cms_asn1.bc	-	-	0.064
0	leak	workspace/openssl-bc/bc/crypto/cms/libcrypto-lib-cms_att.bc	-	-	0.023
0	dfree	workspace/openssl-bc/bc/crypto/cms/libcrypto-lib-cms_att.bc	-	-	0.032
0	fileck	workspace/openssl-bc/bc/crypto/cms/libcrypto-lib-cms_att.bc	-	-	0.032
0	null-deref	workspace/openssl-bc/bc/crypto/cms/libcrypto-lib-cms_att.bc	-	-	0.032
0	leak	workspace/openssl-bc/bc/crypto/cms/libcrypto-lib-cms_cd.bc	-	-	0.016
0	dfree	workspace/openssl-bc/bc/crypto/cms/libcrypto-lib-cms_cd.bc	-	-	0.016
0	fileck	workspace/openssl-bc/bc/crypto/cms/libcrypto-lib-cms_cd.bc	-	-	0.016
0	null-deref	workspace/openssl-bc/bc/crypto/cms/libcrypto-lib-cms_cd.bc	-	-	0.016
0	leak	workspace/openssl-bc/bc/crypto/cms/libcrypto-lib-cms_dd.bc	-	-	0.016
0	dfree	workspace/openssl-bc/bc/crypto/cms/libcrypto-lib-cms_dd.bc	-	-	0.016
0	fileck	workspace/openssl-bc/bc/crypto/cms/libcrypto-lib-cms_dd.bc	-	-	0.016
0	null-deref	workspace/openssl-bc/bc/crypto/cms/libcrypto-lib-cms_dd.bc	-	-	0.016
0	leak	workspace/openssl-bc/bc/crypto/cms/libcrypto-lib-cms_dh.bc	-	-	0.032
0	dfree	workspace/openssl-bc/bc/crypto/cms/libcrypto-lib-cms_dh.bc	-	-	0.032
0	fileck	workspace/openssl-bc/bc/crypto/cms/libcrypto-lib-cms_dh.bc	-	-	0.032
0	null-deref	workspace/openssl-bc/bc/crypto/cms/libcrypto-lib-cms_dh.bc	-	-	0.032
0	leak	workspace/openssl-bc/bc/crypto/cms/libcrypto-lib-cms_ec.bc	-	-	0.032
0	dfree	workspace/openssl-bc/bc/crypto/cms/libcrypto-lib-cms_ec.bc	-	-	0.032
0	fileck	workspace/openssl-bc/bc/crypto/cms/libcrypto-lib-cms_ec.bc	-	-	0.032
0	null-deref	workspace/openssl-bc/bc/crypto/cms/libcrypto-lib-cms_ec.bc	-	-	0.032
0	leak	workspace/openssl-bc/bc/crypto/cms/libcrypto-lib-cms_enc.bc	-	outputs/saber/openssl/workspace__openssl-bc__bc__crypto__cms__libcrypto-lib-cms_enc.leak.stderr.txt	0.064
0	dfree	workspace/openssl-bc/bc/crypto/cms/libcrypto-lib-cms_enc.bc	-	-	0.065
0	fileck	workspace/openssl-bc/bc/crypto/cms/libcrypto-lib-cms_enc.bc	-	-	0.032
0	null-deref	workspace/openssl-bc/bc/crypto/cms/libcrypto-lib-cms_enc.bc	-	outputs/saber/openssl/workspace__openssl-bc__bc__crypto__cms__libcrypto-lib-cms_enc.null-deref.stderr.txt	0.064
0	leak	workspace/openssl-bc/bc/crypto/cms/libcrypto-lib-cms_env.bc	-	outputs/saber/openssl/workspace__openssl-bc__bc__crypto__cms__libcrypto-lib-cms_env.leak.stderr.txt	0.114
0	dfree	workspace/openssl-bc/bc/crypto/cms/libcrypto-lib-cms_env.bc	-	-	0.117
0	fileck	workspace/openssl-bc/bc/crypto/cms/libcrypto-lib-cms_env.bc	-	-	0.114
0	null-deref	workspace/openssl-bc/bc/crypto/cms/libcrypto-lib-cms_env.bc	-	outputs/saber/openssl/workspace__openssl-bc__bc__crypto__cms__libcrypto-lib-cms_env.null-deref.stderr.txt	0.114
0	leak	workspace/openssl-bc/bc/crypto/cms/libcrypto-lib-cms_err.bc	-	-	0.032
0	dfree	workspace/openssl-bc/bc/crypto/cms/libcrypto-lib-cms_err.bc	-	-	0.032
0	fileck	workspace/openssl-bc/bc/crypto/cms/libcrypto-lib-cms_err.bc	-	-	0.032
0	null-deref	workspace/openssl-bc/bc/crypto/cms/libcrypto-lib-cms_err.bc	-	-	0.032
0	leak	workspace/openssl-bc/bc/crypto/cms/libcrypto-lib-cms_ess.bc	-	outputs/saber/openssl/workspace__openssl-bc__bc__crypto__cms__libcrypto-lib-cms_ess.leak.stderr.txt	0.032
0	dfree	workspace/openssl-bc/bc/crypto/cms/libcrypto-lib-cms_ess.bc	-	-	0.032
0	fileck	workspace/openssl-bc/bc/crypto/cms/libcrypto-lib-cms_ess.bc	-	-	0.032
0	null-deref	workspace/openssl-bc/bc/crypto/cms/libcrypto-lib-cms_ess.bc	-	outputs/saber/openssl/workspace__openssl-bc__bc__crypto__cms__libcrypto-lib-cms_ess.null-deref.stderr.txt	0.032
0	leak	workspace/openssl-bc/bc/crypto/cms/libcrypto-lib-cms_io.bc	-	-	0.032
0	dfree	workspace/openssl-bc/bc/crypto/cms/libcrypto-lib-cms_io.bc	-	-	0.032
0	fileck	workspace/openssl-bc/bc/crypto/cms/libcrypto-lib-cms_io.bc	-	-	0.032
0	null-deref	workspace/openssl-bc/bc/crypto/cms/libcrypto-lib-cms_io.bc	-	-	0.032
0	leak	workspace/openssl-bc/bc/crypto/cms/libcrypto-lib-cms_kari.bc	-	outputs/saber/openssl/workspace__openssl-bc__bc__crypto__cms__libcrypto-lib-cms_kari.leak.stderr.txt	0.064
0	dfree	workspace/openssl-bc/bc/crypto/cms/libcrypto-lib-cms_kari.bc	-	outputs/saber/openssl/workspace__openssl-bc__bc__crypto__cms__libcrypto-lib-cms_kari.dfree.stderr.txt	0.064
0	fileck	workspace/openssl-bc/bc/crypto/cms/libcrypto-lib-cms_kari.bc	-	-	0.034
0	null-deref	workspace/openssl-bc/bc/crypto/cms/libcrypto-lib-cms_kari.bc	-	outputs/saber/openssl/workspace__openssl-bc__bc__crypto__cms__libcrypto-lib-cms_kari.null-deref.stderr.txt	0.064
0	leak	workspace/openssl-bc/bc/crypto/cms/libcrypto-lib-cms_kem.bc	-	-	0.020
0	dfree	workspace/openssl-bc/bc/crypto/cms/libcrypto-lib-cms_kem.bc	-	-	0.032
0	fileck	workspace/openssl-bc/bc/crypto/cms/libcrypto-lib-cms_kem.bc	-	-	0.032
0	null-deref	workspace/openssl-bc/bc/crypto/cms/libcrypto-lib-cms_kem.bc	-	-	0.032
0	leak	workspace/openssl-bc/bc/crypto/cms/libcrypto-lib-cms_kemri.bc	-	outputs/saber/openssl/workspace__openssl-bc__bc__crypto__cms__libcrypto-lib-cms_kemri.leak.stderr.txt	0.032
0	dfree	workspace/openssl-bc/bc/crypto/cms/libcrypto-lib-cms_kemri.bc	-	-	0.032
0	fileck	workspace/openssl-bc/bc/crypto/cms/libcrypto-lib-cms_kemri.bc	-	-	0.032
0	null-deref	workspace/openssl-bc/bc/crypto/cms/libcrypto-lib-cms_kemri.bc	-	outputs/saber/openssl/workspace__openssl-bc__bc__crypto__cms__libcrypto-lib-cms_kemri.null-deref.stderr.txt	0.032
0	leak	workspace/openssl-bc/bc/crypto/cms/libcrypto-lib-cms_lib.bc	-	outputs/saber/openssl/workspace__openssl-bc__bc__crypto__cms__libcrypto-lib-cms_lib.leak.stderr.txt	0.064
0	dfree	workspace/openssl-bc/bc/crypto/cms/libcrypto-lib-cms_lib.bc	-	-	0.064
0	fileck	workspace/openssl-bc/bc/crypto/cms/libcrypto-lib-cms_lib.bc	-	-	0.064
0	null-deref	workspace/openssl-bc/bc/crypto/cms/libcrypto-lib-cms_lib.bc	-	outputs/saber/openssl/workspace__openssl-bc__bc__crypto__cms__libcrypto-lib-cms_lib.null-deref.stderr.txt	0.064
0	leak	workspace/openssl-bc/bc/crypto/cms/libcrypto-lib-cms_pwri.bc	-	-	0.032
0	dfree	workspace/openssl-bc/bc/crypto/cms/libcrypto-lib-cms_pwri.bc	-	-	0.032
0	fileck	workspace/openssl-bc/bc/crypto/cms/libcrypto-lib-cms_pwri.bc	-	-	0.032
0	null-deref	workspace/openssl-bc/bc/crypto/cms/libcrypto-lib-cms_pwri.bc	-	-	0.032
0	leak	workspace/openssl-bc/bc/crypto/cms/libcrypto-lib-cms_rsa.bc	-	-	0.032
0	dfree	workspace/openssl-bc/bc/crypto/cms/libcrypto-lib-cms_rsa.bc	-	-	0.032
0	fileck	workspace/openssl-bc/bc/crypto/cms/libcrypto-lib-cms_rsa.bc	-	-	0.032
0	null-deref	workspace/openssl-bc/bc/crypto/cms/libcrypto-lib-cms_rsa.bc	-	-	0.032
0	leak	workspace/openssl-bc/bc/crypto/cms/libcrypto-lib-cms_sd.bc	-	outputs/saber/openssl/workspace__openssl-bc__bc__crypto__cms__libcrypto-lib-cms_sd.leak.stderr.txt	0.114
0	dfree	workspace/openssl-bc/bc/crypto/cms/libcrypto-lib-cms_sd.bc	-	outputs/saber/openssl/workspace__openssl-bc__bc__crypto__cms__libcrypto-lib-cms_sd.dfree.stderr.txt	0.114
0	fileck	workspace/openssl-bc/bc/crypto/cms/libcrypto-lib-cms_sd.bc	-	-	0.115
0	null-deref	workspace/openssl-bc/bc/crypto/cms/libcrypto-lib-cms_sd.bc	-	outputs/saber/openssl/workspace__openssl-bc__bc__crypto__cms__libcrypto-lib-cms_sd.null-deref.stderr.txt	0.114
0	leak	workspace/openssl-bc/bc/crypto/cms/libcrypto-lib-cms_smime.bc	-	outputs/saber/openssl/workspace__openssl-bc__bc__crypto__cms__libcrypto-lib-cms_smime.leak.stderr.txt	0.114
0	dfree	workspace/openssl-bc/bc/crypto/cms/libcrypto-lib-cms_smime.bc	-	outputs/saber/openssl/workspace__openssl-bc__bc__crypto__cms__libcrypto-lib-cms_smime.dfree.stderr.txt	0.115
0	fileck	workspace/openssl-bc/bc/crypto/cms/libcrypto-lib-cms_smime.bc	-	-	0.064
0	null-deref	workspace/openssl-bc/bc/crypto/cms/libcrypto-lib-cms_smime.bc	-	outputs/saber/openssl/workspace__openssl-bc__bc__crypto__cms__libcrypto-lib-cms_smime.null-deref.stderr.txt	0.114
0	leak	workspace/openssl-bc/bc/crypto/comp/libcrypto-lib-c_brotli.bc	-	-	0.016
0	dfree	workspace/openssl-bc/bc/crypto/comp/libcrypto-lib-c_brotli.bc	-	-	0.016
0	fileck	workspace/openssl-bc/bc/crypto/comp/libcrypto-lib-c_brotli.bc	-	-	0.016
0	null-deref	workspace/openssl-bc/bc/crypto/comp/libcrypto-lib-c_brotli.bc	-	-	0.016
0	leak	workspace/openssl-bc/bc/crypto/comp/libcrypto-lib-c_zlib.bc	-	-	0.016
0	dfree	workspace/openssl-bc/bc/crypto/comp/libcrypto-lib-c_zlib.bc	-	-	0.016
0	fileck	workspace/openssl-bc/bc/crypto/comp/libcrypto-lib-c_zlib.bc	-	-	0.016
0	null-deref	workspace/openssl-bc/bc/crypto/comp/libcrypto-lib-c_zlib.bc	-	-	0.016
0	leak	workspace/openssl-bc/bc/crypto/comp/libcrypto-lib-c_zstd.bc	-	-	0.016
0	dfree	workspace/openssl-bc/bc/crypto/comp/libcrypto-lib-c_zstd.bc	-	-	0.016
0	fileck	workspace/openssl-bc/bc/crypto/comp/libcrypto-lib-c_zstd.bc	-	-	0.016
0	null-deref	workspace/openssl-bc/bc/crypto/comp/libcrypto-lib-c_zstd.bc	-	-	0.016
0	leak	workspace/openssl-bc/bc/crypto/comp/libcrypto-lib-comp_err.bc	-	-	0.016
0	dfree	workspace/openssl-bc/bc/crypto/comp/libcrypto-lib-comp_err.bc	-	-	0.016
0	fileck	workspace/openssl-bc/bc/crypto/comp/libcrypto-lib-comp_err.bc	-	-	0.016
0	null-deref	workspace/openssl-bc/bc/crypto/comp/libcrypto-lib-comp_err.bc	-	-	0.016
0	leak	workspace/openssl-bc/bc/crypto/comp/libcrypto-lib-comp_lib.bc	-	-	0.016
0	dfree	workspace/openssl-bc/bc/crypto/comp/libcrypto-lib-comp_lib.bc	-	-	0.016
0	fileck	workspace/openssl-bc/bc/crypto/comp/libcrypto-lib-comp_lib.bc	-	-	0.016
0	null-deref	workspace/openssl-bc/bc/crypto/comp/libcrypto-lib-comp_lib.bc	-	-	0.016
0	leak	workspace/openssl-bc/bc/crypto/conf/libcrypto-lib-conf_api.bc	-	-	0.032
0	dfree	workspace/openssl-bc/bc/crypto/conf/libcrypto-lib-conf_api.bc	-	-	0.032
0	fileck	workspace/openssl-bc/bc/crypto/conf/libcrypto-lib-conf_api.bc	-	-	0.032
0	null-deref	workspace/openssl-bc/bc/crypto/conf/libcrypto-lib-conf_api.bc	-	-	0.032
0	leak	workspace/openssl-bc/bc/crypto/conf/libcrypto-lib-conf_def.bc	-	outputs/saber/openssl/workspace__openssl-bc__bc__crypto__conf__libcrypto-lib-conf_def.leak.stderr.txt	0.265
0	dfree	workspace/openssl-bc/bc/crypto/conf/libcrypto-lib-conf_def.bc	-	outputs/saber/openssl/workspace__openssl-bc__bc__crypto__conf__libcrypto-lib-conf_def.dfree.stderr.txt	0.266
0	fileck	workspace/openssl-bc/bc/crypto/conf/libcrypto-lib-conf_def.bc	-	-	0.065
0	null-deref	workspace/openssl-bc/bc/crypto/conf/libcrypto-lib-conf_def.bc	-	outputs/saber/openssl/workspace__openssl-bc__bc__crypto__conf__libcrypto-lib-conf_def.null-deref.stderr.txt	0.269
0	leak	workspace/openssl-bc/bc/crypto/conf/libcrypto-lib-conf_err.bc	-	-	0.016
0	dfree	workspace/openssl-bc/bc/crypto/conf/libcrypto-lib-conf_err.bc	-	-	0.016
0	fileck	workspace/openssl-bc/bc/crypto/conf/libcrypto-lib-conf_err.bc	-	-	0.016
0	null-deref	workspace/openssl-bc/bc/crypto/conf/libcrypto-lib-conf_err.bc	-	-	0.016
0	leak	workspace/openssl-bc/bc/crypto/conf/libcrypto-lib-conf_lib.bc	-	-	0.032
0	dfree	workspace/openssl-bc/bc/crypto/conf/libcrypto-lib-conf_lib.bc	-	-	0.032
0	fileck	workspace/openssl-bc/bc/crypto/conf/libcrypto-lib-conf_lib.bc	-	-	0.032
0	null-deref	workspace/openssl-bc/bc/crypto/conf/libcrypto-lib-conf_lib.bc	-	-	0.032
0	leak	workspace/openssl-bc/bc/crypto/conf/libcrypto-lib-conf_mall.bc	-	-	0.016
0	dfree	workspace/openssl-bc/bc/crypto/conf/libcrypto-lib-conf_mall.bc	-	-	0.016
0	fileck	workspace/openssl-bc/bc/crypto/conf/libcrypto-lib-conf_mall.bc	-	-	0.016
0	null-deref	workspace/openssl-bc/bc/crypto/conf/libcrypto-lib-conf_mall.bc	-	-	0.016
0	leak	workspace/openssl-bc/bc/crypto/conf/libcrypto-lib-conf_mod.bc	-	outputs/saber/openssl/workspace__openssl-bc__bc__crypto__conf__libcrypto-lib-conf_mod.leak.stderr.txt	0.064
0	dfree	workspace/openssl-bc/bc/crypto/conf/libcrypto-lib-conf_mod.bc	-	-	0.064
0	fileck	workspace/openssl-bc/bc/crypto/conf/libcrypto-lib-conf_mod.bc	-	-	0.065
0	null-deref	workspace/openssl-bc/bc/crypto/conf/libcrypto-lib-conf_mod.bc	-	outputs/saber/openssl/workspace__openssl-bc__bc__crypto__conf__libcrypto-lib-conf_mod.null-deref.stderr.txt	0.064
0	leak	workspace/openssl-bc/bc/crypto/conf/libcrypto-lib-conf_sap.bc	-	-	0.016
0	dfree	workspace/openssl-bc/bc/crypto/conf/libcrypto-lib-conf_sap.bc	-	-	0.016
0	fileck	workspace/openssl-bc/bc/crypto/conf/libcrypto-lib-conf_sap.bc	-	-	0.016
0	null-deref	workspace/openssl-bc/bc/crypto/conf/libcrypto-lib-conf_sap.bc	-	-	0.016
0	leak	workspace/openssl-bc/bc/crypto/conf/libcrypto-lib-conf_ssl.bc	-	-	0.032
0	dfree	workspace/openssl-bc/bc/crypto/conf/libcrypto-lib-conf_ssl.bc	-	-	0.032
0	fileck	workspace/openssl-bc/bc/crypto/conf/libcrypto-lib-conf_ssl.bc	-	-	0.032
0	null-deref	workspace/openssl-bc/bc/crypto/conf/libcrypto-lib-conf_ssl.bc	-	-	0.032
0	leak	workspace/openssl-bc/bc/crypto/crmf/libcrypto-lib-crmf_asn.bc	-	-	0.064
0	dfree	workspace/openssl-bc/bc/crypto/crmf/libcrypto-lib-crmf_asn.bc	-	-	0.064
0	fileck	workspace/openssl-bc/bc/crypto/crmf/libcrypto-lib-crmf_asn.bc	-	-	0.064
0	null-deref	workspace/openssl-bc/bc/crypto/crmf/libcrypto-lib-crmf_asn.bc	-	-	0.065
0	leak	workspace/openssl-bc/bc/crypto/crmf/libcrypto-lib-crmf_err.bc	-	-	0.016
0	dfree	workspace/openssl-bc/bc/crypto/crmf/libcrypto-lib-crmf_err.bc	-	-	0.016
0	fileck	workspace/openssl-bc/bc/crypto/crmf/libcrypto-lib-crmf_err.bc	-	-	0.016
0	null-deref	workspace/openssl-bc/bc/crypto/crmf/libcrypto-lib-crmf_err.bc	-	-	0.016
0	leak	workspace/openssl-bc/bc/crypto/crmf/libcrypto-lib-crmf_lib.bc	-	-	0.114
0	dfree	workspace/openssl-bc/bc/crypto/crmf/libcrypto-lib-crmf_lib.bc	-	outputs/saber/openssl/workspace__openssl-bc__bc__crypto__crmf__libcrypto-lib-crmf_lib.dfree.stderr.txt	0.115
0	fileck	workspace/openssl-bc/bc/crypto/crmf/libcrypto-lib-crmf_lib.bc	-	-	0.064
0	null-deref	workspace/openssl-bc/bc/crypto/crmf/libcrypto-lib-crmf_lib.bc	-	-	0.064
0	leak	workspace/openssl-bc/bc/crypto/crmf/libcrypto-lib-crmf_pbm.bc	-	-	0.032
0	dfree	workspace/openssl-bc/bc/crypto/crmf/libcrypto-lib-crmf_pbm.bc	-	-	0.032
0	fileck	workspace/openssl-bc/bc/crypto/crmf/libcrypto-lib-crmf_pbm.bc	-	-	0.032
0	null-deref	workspace/openssl-bc/bc/crypto/crmf/libcrypto-lib-crmf_pbm.bc	-	-	0.032
0	leak	workspace/openssl-bc/bc/crypto/ct/libcrypto-lib-ct_b64.bc	-	outputs/saber/openssl/workspace__openssl-bc__bc__crypto__ct__libcrypto-lib-ct_b64.leak.stderr.txt	0.032
0	dfree	workspace/openssl-bc/bc/crypto/ct/libcrypto-lib-ct_b64.bc	-	outputs/saber/openssl/workspace__openssl-bc__bc__crypto__ct__libcrypto-lib-ct_b64.dfree.stderr.txt	0.032
0	fileck	workspace/openssl-bc/bc/crypto/ct/libcrypto-lib-ct_b64.bc	-	-	0.032
0	null-deref	workspace/openssl-bc/bc/crypto/ct/libcrypto-lib-ct_b64.bc	-	outputs/saber/openssl/workspace__openssl-bc__bc__crypto__ct__libcrypto-lib-ct_b64.null-deref.stderr.txt	0.032
0	leak	workspace/openssl-bc/bc/crypto/ct/libcrypto-lib-ct_err.bc	-	-	0.016
0	dfree	workspace/openssl-bc/bc/crypto/ct/libcrypto-lib-ct_err.bc	-	-	0.016
0	fileck	workspace/openssl-bc/bc/crypto/ct/libcrypto-lib-ct_err.bc	-	-	0.016
0	null-deref	workspace/openssl-bc/bc/crypto/ct/libcrypto-lib-ct_err.bc	-	-	0.016
0	leak	workspace/openssl-bc/bc/crypto/ct/libcrypto-lib-ct_log.bc	-	-	0.032
0	dfree	workspace/openssl-bc/bc/crypto/ct/libcrypto-lib-ct_log.bc	-	-	0.032
0	fileck	workspace/openssl-bc/bc/crypto/ct/libcrypto-lib-ct_log.bc	-	-	0.032
0	null-deref	workspace/openssl-bc/bc/crypto/ct/libcrypto-lib-ct_log.bc	-	-	0.032
0	leak	workspace/openssl-bc/bc/crypto/ct/libcrypto-lib-ct_oct.bc	-	outputs/saber/openssl/workspace__openssl-bc__bc__crypto__ct__libcrypto-lib-ct_oct.leak.stderr.txt	0.064
0	dfree	workspace/openssl-bc/bc/crypto/ct/libcrypto-lib-ct_oct.bc	-	outputs/saber/openssl/workspace__openssl-bc__bc__crypto__ct__libcrypto-lib-ct_oct.dfree.stderr.txt	0.064
0	fileck	workspace/openssl-bc/bc/crypto/ct/libcrypto-lib-ct_oct.bc	-	-	0.032
0	null-deref	workspace/openssl-bc/bc/crypto/ct/libcrypto-lib-ct_oct.bc	-	outputs/saber/openssl/workspace__openssl-bc__bc__crypto__ct__libcrypto-lib-ct_oct.null-deref.stderr.txt	0.064
0	leak	workspace/openssl-bc/bc/crypto/ct/libcrypto-lib-ct_policy.bc	-	-	0.018
0	dfree	workspace/openssl-bc/bc/crypto/ct/libcrypto-lib-ct_policy.bc	-	-	0.016
0	fileck	workspace/openssl-bc/bc/crypto/ct/libcrypto-lib-ct_policy.bc	-	-	0.016
0	null-deref	workspace/openssl-bc/bc/crypto/ct/libcrypto-lib-ct_policy.bc	-	-	0.016
0	leak	workspace/openssl-bc/bc/crypto/ct/libcrypto-lib-ct_prn.bc	-	-	0.032
0	dfree	workspace/openssl-bc/bc/crypto/ct/libcrypto-lib-ct_prn.bc	-	-	0.032
0	fileck	workspace/openssl-bc/bc/crypto/ct/libcrypto-lib-ct_prn.bc	-	-	0.032
0	null-deref	workspace/openssl-bc/bc/crypto/ct/libcrypto-lib-ct_prn.bc	-	-	0.032
0	leak	workspace/openssl-bc/bc/crypto/ct/libcrypto-lib-ct_sct.bc	-	-	0.032
0	dfree	workspace/openssl-bc/bc/crypto/ct/libcrypto-lib-ct_sct.bc	-	-	0.032
0	fileck	workspace/openssl-bc/bc/crypto/ct/libcrypto-lib-ct_sct.bc	-	-	0.032
0	null-deref	workspace/openssl-bc/bc/crypto/ct/libcrypto-lib-ct_sct.bc	-	-	0.032
0	leak	workspace/openssl-bc/bc/crypto/ct/libcrypto-lib-ct_sct_ctx.bc	-	-	0.032
0	dfree	workspace/openssl-bc/bc/crypto/ct/libcrypto-lib-ct_sct_ctx.bc	-	-	0.032
0	fileck	workspace/openssl-bc/bc/crypto/ct/libcrypto-lib-ct_sct_ctx.bc	-	-	0.032
0	null-deref	workspace/openssl-bc/bc/crypto/ct/libcrypto-lib-ct_sct_ctx.bc	-	-	0.032
0	leak	workspace/openssl-bc/bc/crypto/ct/libcrypto-lib-ct_vfy.bc	-	-	0.016
0	dfree	workspace/openssl-bc/bc/crypto/ct/libcrypto-lib-ct_vfy.bc	-	-	0.032
0	fileck	workspace/openssl-bc/bc/crypto/ct/libcrypto-lib-ct_vfy.bc	-	-	0.032
0	null-deref	workspace/openssl-bc/bc/crypto/ct/libcrypto-lib-ct_vfy.bc	-	-	0.032
0	leak	workspace/openssl-bc/bc/crypto/ct/libcrypto-lib-ct_x509v3.bc	-	-	0.016
0	dfree	workspace/openssl-bc/bc/crypto/ct/libcrypto-lib-ct_x509v3.bc	-	-	0.016
0	fileck	workspace/openssl-bc/bc/crypto/ct/libcrypto-lib-ct_x509v3.bc	-	-	0.016
0	null-deref	workspace/openssl-bc/bc/crypto/ct/libcrypto-lib-ct_x509v3.bc	-	-	0.016
0	leak	workspace/openssl-bc/bc/crypto/des/libcrypto-lib-cbc_cksm.bc	-	-	0.016
0	dfree	workspace/openssl-bc/bc/crypto/des/libcrypto-lib-cbc_cksm.bc	-	-	0.016
0	fileck	workspace/openssl-bc/bc/crypto/des/libcrypto-lib-cbc_cksm.bc	-	-	0.016
0	null-deref	workspace/openssl-bc/bc/crypto/des/libcrypto-lib-cbc_cksm.bc	-	-	0.016
0	leak	workspace/openssl-bc/bc/crypto/des/libcrypto-lib-cbc_enc.bc	-	-	0.032
0	dfree	workspace/openssl-bc/bc/crypto/des/libcrypto-lib-cbc_enc.bc	-	-	0.032
0	fileck	workspace/openssl-bc/bc/crypto/des/libcrypto-lib-cbc_enc.bc	-	-	0.023
0	null-deref	workspace/openssl-bc/bc/crypto/des/libcrypto-lib-cbc_enc.bc	-	-	0.032
0	leak	workspace/openssl-bc/bc/crypto/des/libcrypto-lib-cfb64ede.bc	-	-	0.032
0	dfree	workspace/openssl-bc/bc/crypto/des/libcrypto-lib-cfb64ede.bc	-	-	0.032
0	fileck	workspace/openssl-bc/bc/crypto/des/libcrypto-lib-cfb64ede.bc	-	-	0.032
0	null-deref	workspace/openssl-bc/bc/crypto/des/libcrypto-lib-cfb64ede.bc	-	-	0.032
0	leak	workspace/openssl-bc/bc/crypto/des/libcrypto-lib-cfb64enc.bc	-	-	0.016
0	dfree	workspace/openssl-bc/bc/crypto/des/libcrypto-lib-cfb64enc.bc	-	-	0.016
0	fileck	workspace/openssl-bc/bc/crypto/des/libcrypto-lib-cfb64enc.bc	-	-	0.016
0	null-deref	workspace/openssl-bc/bc/crypto/des/libcrypto-lib-cfb64enc.bc	-	-	0.016
0	leak	workspace/openssl-bc/bc/crypto/des/libcrypto-lib-cfb_enc.bc	-	-	0.032
0	dfree	workspace/openssl-bc/bc/crypto/des/libcrypto-lib-cfb_enc.bc	-	-	0.032
0	fileck	workspace/openssl-bc/bc/crypto/des/libcrypto-lib-cfb_enc.bc	-	-	0.032
0	null-deref	workspace/openssl-bc/bc/crypto/des/libcrypto-lib-cfb_enc.bc	-	-	0.032
0	leak	workspace/openssl-bc/bc/crypto/des/libcrypto-lib-des_enc.bc	-	-	0.114
0	dfree	workspace/openssl-bc/bc/crypto/des/libcrypto-lib-des_enc.bc	-	-	0.114
0	fileck	workspace/openssl-bc/bc/crypto/des/libcrypto-lib-des_enc.bc	-	-	0.114
0	null-deref	workspace/openssl-bc/bc/crypto/des/libcrypto-lib-des_enc.bc	-	-	0.114
0	leak	workspace/openssl-bc/bc/crypto/des/libcrypto-lib-ecb3_enc.bc	-	-	0.016
0	dfree	workspace/openssl-bc/bc/crypto/des/libcrypto-lib-ecb3_enc.bc	-	-	0.016
0	fileck	workspace/openssl-bc/bc/crypto/des/libcrypto-lib-ecb3_enc.bc	-	-	0.016
0	null-deref	workspace/openssl-bc/bc/crypto/des/libcrypto-lib-ecb3_enc.bc	-	-	0.016
0	leak	workspace/openssl-bc/bc/crypto/des/libcrypto-lib-ecb_enc.bc	-	-	0.016
0	dfree	workspace/openssl-bc/bc/crypto/des/libcrypto-lib-ecb_enc.bc	-	-	0.016
0	fileck	workspace/openssl-bc/bc/crypto/des/libcrypto-lib-ecb_enc.bc	-	-	0.016
0	null-deref	workspace/openssl-bc/bc/crypto/des/libcrypto-lib-ecb_enc.bc	-	-	0.016
0	leak	workspace/openssl-bc/bc/crypto/des/libcrypto-lib-fcrypt.bc	-	-	0.016
0	dfree	workspace/openssl-bc/bc/crypto/des/libcrypto-lib-fcrypt.bc	-	-	0.032
0	fileck	workspace/openssl-bc/bc/crypto/des/libcrypto-lib-fcrypt.bc	-	-	0.032
0	null-deref	workspace/openssl-bc/bc/crypto/des/libcrypto-lib-fcrypt.bc	-	-	0.032
0	leak	workspace/openssl-bc/bc/crypto/des/libcrypto-lib-fcrypt_b.bc	-	-	0.064
0	dfree	workspace/openssl-bc/bc/crypto/des/libcrypto-lib-fcrypt_b.bc	-	-	0.064
0	fileck	workspace/openssl-bc/bc/crypto/des/libcrypto-lib-fcrypt_b.bc	-	-	0.064
0	null-deref	workspace/openssl-bc/bc/crypto/des/libcrypto-lib-fcrypt_b.bc	-	-	0.064
0	leak	workspace/openssl-bc/bc/crypto/des/libcrypto-lib-ofb64ede.bc	-	-	0.016
0	dfree	workspace/openssl-bc/bc/crypto/des/libcrypto-lib-ofb64ede.bc	-	-	0.016
0	fileck	workspace/openssl-bc/bc/crypto/des/libcrypto-lib-ofb64ede.bc	-	-	0.016
0	null-deref	workspace/openssl-bc/bc/crypto/des/libcrypto-lib-ofb64ede.bc	-	-	0.016
0	leak	workspace/openssl-bc/bc/crypto/des/libcrypto-lib-ofb64enc.bc	-	-	0.016
0	dfree	workspace/openssl-bc/bc/crypto/des/libcrypto-lib-ofb64enc.bc	-	-	0.016
0	fileck	workspace/openssl-bc/bc/crypto/des/libcrypto-lib-ofb64enc.bc	-	-	0.016
0	null-deref	workspace/openssl-bc/bc/crypto/des/libcrypto-lib-ofb64enc.bc	-	-	0.016
0	leak	workspace/openssl-bc/bc/crypto/des/libcrypto-lib-ofb_enc.bc	-	-	0.032
0	dfree	workspace/openssl-bc/bc/crypto/des/libcrypto-lib-ofb_enc.bc	-	-	0.032
0	fileck	workspace/openssl-bc/bc/crypto/des/libcrypto-lib-ofb_enc.bc	-	-	0.032
0	null-deref	workspace/openssl-bc/bc/crypto/des/libcrypto-lib-ofb_enc.bc	-	-	0.032
0	leak	workspace/openssl-bc/bc/crypto/des/libcrypto-lib-pcbc_enc.bc	-	-	0.032
0	dfree	workspace/openssl-bc/bc/crypto/des/libcrypto-lib-pcbc_enc.bc	-	-	0.032
0	fileck	workspace/openssl-bc/bc/crypto/des/libcrypto-lib-pcbc_enc.bc	-	-	0.032
0	null-deref	workspace/openssl-bc/bc/crypto/des/libcrypto-lib-pcbc_enc.bc	-	-	0.032
0	leak	workspace/openssl-bc/bc/crypto/des/libcrypto-lib-qud_cksm.bc	-	-	0.016
0	dfree	workspace/openssl-bc/bc/crypto/des/libcrypto-lib-qud_cksm.bc	-	-	0.016
0	fileck	workspace/openssl-bc/bc/crypto/des/libcrypto-lib-qud_cksm.bc	-	-	0.016
0	null-deref	workspace/openssl-bc/bc/crypto/des/libcrypto-lib-qud_cksm.bc	-	-	0.016
0	leak	workspace/openssl-bc/bc/crypto/des/libcrypto-lib-rand_key.bc	-	-	0.016
0	dfree	workspace/openssl-bc/bc/crypto/des/libcrypto-lib-rand_key.bc	-	-	0.016
0	fileck	workspace/openssl-bc/bc/crypto/des/libcrypto-lib-rand_key.bc	-	-	0.016
0	null-deref	workspace/openssl-bc/bc/crypto/des/libcrypto-lib-rand_key.bc	-	-	0.016
0	leak	workspace/openssl-bc/bc/crypto/des/libcrypto-lib-set_key.bc	-	-	0.032
0	dfree	workspace/openssl-bc/bc/crypto/des/libcrypto-lib-set_key.bc	-	-	0.032
0	fileck	workspace/openssl-bc/bc/crypto/des/libcrypto-lib-set_key.bc	-	-	0.032
0	null-deref	workspace/openssl-bc/bc/crypto/des/libcrypto-lib-set_key.bc	-	-	0.032
0	leak	workspace/openssl-bc/bc/crypto/des/libcrypto-lib-str2key.bc	-	-	0.016
0	dfree	workspace/openssl-bc/bc/crypto/des/libcrypto-lib-str2key.bc	-	-	0.016
0	fileck	workspace/openssl-bc/bc/crypto/des/libcrypto-lib-str2key.bc	-	-	0.016
0	null-deref	workspace/openssl-bc/bc/crypto/des/libcrypto-lib-str2key.bc	-	-	0.016
0	leak	workspace/openssl-bc/bc/crypto/des/libcrypto-lib-xcbc_enc.bc	-	-	0.032
0	dfree	workspace/openssl-bc/bc/crypto/des/libcrypto-lib-xcbc_enc.bc	-	-	0.032
0	fileck	workspace/openssl-bc/bc/crypto/des/libcrypto-lib-xcbc_enc.bc	-	-	0.032
0	null-deref	workspace/openssl-bc/bc/crypto/des/libcrypto-lib-xcbc_enc.bc	-	-	0.032
0	leak	workspace/openssl-bc/bc/crypto/dh/libcrypto-lib-dh_ameth.bc	-	outputs/saber/openssl/workspace__openssl-bc__bc__crypto__dh__libcrypto-lib-dh_ameth.leak.stderr.txt	0.064
0	dfree	workspace/openssl-bc/bc/crypto/dh/libcrypto-lib-dh_ameth.bc	-	-	0.041
0	fileck	workspace/openssl-bc/bc/crypto/dh/libcrypto-lib-dh_ameth.bc	-	-	0.064
0	null-deref	workspace/openssl-bc/bc/crypto/dh/libcrypto-lib-dh_ameth.bc	-	outputs/saber/openssl/workspace__openssl-bc__bc__crypto__dh__libcrypto-lib-dh_ameth.null-deref.stderr.txt	0.064
0	leak	workspace/openssl-bc/bc/crypto/dh/libcrypto-lib-dh_asn1.bc	-	outputs/saber/openssl/workspace__openssl-bc__bc__crypto__dh__libcrypto-lib-dh_asn1.leak.stderr.txt	0.032
0	dfree	workspace/openssl-bc/bc/crypto/dh/libcrypto-lib-dh_asn1.bc	-	-	0.032
0	fileck	workspace/openssl-bc/bc/crypto/dh/libcrypto-lib-dh_asn1.bc	-	-	0.032
0	null-deref	workspace/openssl-bc/bc/crypto/dh/libcrypto-lib-dh_asn1.bc	-	outputs/saber/openssl/workspace__openssl-bc__bc__crypto__dh__libcrypto-lib-dh_asn1.null-deref.stderr.txt	0.032
0	leak	workspace/openssl-bc/bc/crypto/dh/libcrypto-lib-dh_backend.bc	-	-	0.032
0	dfree	workspace/openssl-bc/bc/crypto/dh/libcrypto-lib-dh_backend.bc	-	-	0.032
0	fileck	workspace/openssl-bc/bc/crypto/dh/libcrypto-lib-dh_backend.bc	-	-	0.032
0	null-deref	workspace/openssl-bc/bc/crypto/dh/libcrypto-lib-dh_backend.bc	-	-	0.032
0	leak	workspace/openssl-bc/bc/crypto/dh/libcrypto-lib-dh_check.bc	-	-	0.032
0	dfree	workspace/openssl-bc/bc/crypto/dh/libcrypto-lib-dh_check.bc	-	-	0.032
0	fileck	workspace/openssl-bc/bc/crypto/dh/libcrypto-lib-dh_check.bc	-	-	0.032
0	null-deref	workspace/openssl-bc/bc/crypto/dh/libcrypto-lib-dh_check.bc	-	-	0.032
0	leak	workspace/openssl-bc/bc/crypto/dh/libcrypto-lib-dh_depr.bc	-	-	0.016
0	dfree	workspace/openssl-bc/bc/crypto/dh/libcrypto-lib-dh_depr.bc	-	-	0.016
0	fileck	workspace/openssl-bc/bc/crypto/dh/libcrypto-lib-dh_depr.bc	-	-	0.016
0	null-deref	workspace/openssl-bc/bc/crypto/dh/libcrypto-lib-dh_depr.bc	-	-	0.016
0	leak	workspace/openssl-bc/bc/crypto/dh/libcrypto-lib-dh_err.bc	-	-	0.016
0	dfree	workspace/openssl-bc/bc/crypto/dh/libcrypto-lib-dh_err.bc	-	-	0.016
0	fileck	workspace/openssl-bc/bc/crypto/dh/libcrypto-lib-dh_err.bc	-	-	0.016
0	null-deref	workspace/openssl-bc/bc/crypto/dh/libcrypto-lib-dh_err.bc	-	-	0.016
0	leak	workspace/openssl-bc/bc/crypto/dh/libcrypto-lib-dh_gen.bc	-	-	0.016
0	dfree	workspace/openssl-bc/bc/crypto/dh/libcrypto-lib-dh_gen.bc	-	-	0.032
0	fileck	workspace/openssl-bc/bc/crypto/dh/libcrypto-lib-dh_gen.bc	-	-	0.016
0	null-deref	workspace/openssl-bc/bc/crypto/dh/libcrypto-lib-dh_gen.bc	-	-	0.016
0	leak	workspace/openssl-bc/bc/crypto/dh/libcrypto-lib-dh_group_params.bc	-	outputs/saber/openssl/workspace__openssl-bc__bc__crypto__dh__libcrypto-lib-dh_group_params.leak.stderr.txt	0.032
0	dfree	workspace/openssl-bc/bc/crypto/dh/libcrypto-lib-dh_group_params.bc	-	-	0.032
0	fileck	workspace/openssl-bc/bc/crypto/dh/libcrypto-lib-dh_group_params.bc	-	-	0.016
0	null-deref	workspace/openssl-bc/bc/crypto/dh/libcrypto-lib-dh_group_params.bc	-	outputs/saber/openssl/workspace__openssl-bc__bc__crypto__dh__libcrypto-lib-dh_group_params.null-deref.stderr.txt	0.032
0	leak	workspace/openssl-bc/bc/crypto/dh/libcrypto-lib-dh_kdf.bc	-	-	0.016
0	dfree	workspace/openssl-bc/bc/crypto/dh/libcrypto-lib-dh_kdf.bc	-	-	0.016
0	fileck	workspace/openssl-bc/bc/crypto/dh/libcrypto-lib-dh_kdf.bc	-	-	0.016
0	null-deref	workspace/openssl-bc/bc/crypto/dh/libcrypto-lib-dh_kdf.bc	-	-	0.016
0	leak	workspace/openssl-bc/bc/crypto/dh/libcrypto-lib-dh_key.bc	-	-	0.032
0	dfree	workspace/openssl-bc/bc/crypto/dh/libcrypto-lib-dh_key.bc	-	-	0.032
0	fileck	workspace/openssl-bc/bc/crypto/dh/libcrypto-lib-dh_key.bc	-	-	0.032
0	null-deref	workspace/openssl-bc/bc/crypto/dh/libcrypto-lib-dh_key.bc	-	-	0.032
0	leak	workspace/openssl-bc/bc/crypto/dh/libcrypto-lib-dh_lib.bc	-	-	0.032
0	dfree	workspace/openssl-bc/bc/crypto/dh/libcrypto-lib-dh_lib.bc	-	-	0.032
0	fileck	workspace/openssl-bc/bc/crypto/dh/libcrypto-lib-dh_lib.bc	-	-	0.032
0	null-deref	workspace/openssl-bc/bc/crypto/dh/libcrypto-lib-dh_lib.bc	-	-	0.032
0	leak	workspace/openssl-bc/bc/crypto/dh/libcrypto-lib-dh_meth.bc	-	-	0.032
0	dfree	workspace/openssl-bc/bc/crypto/dh/libcrypto-lib-dh_meth.bc	-	-	0.016
0	fileck	workspace/openssl-bc/bc/crypto/dh/libcrypto-lib-dh_meth.bc	-	-	0.032
0	null-deref	workspace/openssl-bc/bc/crypto/dh/libcrypto-lib-dh_meth.bc	-	-	0.016
0	leak	workspace/openssl-bc/bc/crypto/dh/libcrypto-lib-dh_prn.bc	-	-	0.016
0	dfree	workspace/openssl-bc/bc/crypto/dh/libcrypto-lib-dh_prn.bc	-	-	0.016
0	fileck	workspace/openssl-bc/bc/crypto/dh/libcrypto-lib-dh_prn.bc	-	-	0.016
0	null-deref	workspace/openssl-bc/bc/crypto/dh/libcrypto-lib-dh_prn.bc	-	-	0.016
0	leak	workspace/openssl-bc/bc/crypto/dh/libcrypto-lib-dh_rfc5114.bc	-	-	0.016
0	dfree	workspace/openssl-bc/bc/crypto/dh/libcrypto-lib-dh_rfc5114.bc	-	-	0.016
0	fileck	workspace/openssl-bc/bc/crypto/dh/libcrypto-lib-dh_rfc5114.bc	-	-	0.016
0	null-deref	workspace/openssl-bc/bc/crypto/dh/libcrypto-lib-dh_rfc5114.bc	-	-	0.016
0	leak	workspace/openssl-bc/bc/crypto/dsa/libcrypto-lib-dsa_ameth.bc	-	outputs/saber/openssl/workspace__openssl-bc__bc__crypto__dsa__libcrypto-lib-dsa_ameth.leak.stderr.txt	0.064
0	dfree	workspace/openssl-bc/bc/crypto/dsa/libcrypto-lib-dsa_ameth.bc	-	-	0.064
0	fileck	workspace/openssl-bc/bc/crypto/dsa/libcrypto-lib-dsa_ameth.bc	-	-	0.032
0	null-deref	workspace/openssl-bc/bc/crypto/dsa/libcrypto-lib-dsa_ameth.bc	-	outputs/saber/openssl/workspace__openssl-bc__bc__crypto__dsa__libcrypto-lib-dsa_ameth.null-deref.stderr.txt	0.064
0	leak	workspace/openssl-bc/bc/crypto/dsa/libcrypto-lib-dsa_asn1.bc	-	outputs/saber/openssl/workspace__openssl-bc__bc__crypto__dsa__libcrypto-lib-dsa_asn1.leak.stderr.txt	0.032
0	dfree	workspace/openssl-bc/bc/crypto/dsa/libcrypto-lib-dsa_asn1.bc	-	-	0.032
0	fileck	workspace/openssl-bc/bc/crypto/dsa/libcrypto-lib-dsa_asn1.bc	-	-	0.016
0	null-deref	workspace/openssl-bc/bc/crypto/dsa/libcrypto-lib-dsa_asn1.bc	-	outputs/saber/openssl/workspace__openssl-bc__bc__crypto__dsa__libcrypto-lib-dsa_asn1.null-deref.stderr.txt	0.032
0	leak	workspace/openssl-bc/bc/crypto/dsa/libcrypto-lib-dsa_backend.bc	-	-	0.032
0	dfree	workspace/openssl-bc/bc/crypto/dsa/libcrypto-lib-dsa_backend.bc	-	-	0.032
0	fileck	workspace/openssl-bc/bc/crypto/dsa/libcrypto-lib-dsa_backend.bc	-	-	0.032
0	null-deref	workspace/openssl-bc/bc/crypto/dsa/libcrypto-lib-dsa_backend.bc	-	-	0.032
0	leak	workspace/openssl-bc/bc/crypto/dsa/libcrypto-lib-dsa_check.bc	-	-	0.016
0	dfree	workspace/openssl-bc/bc/crypto/dsa/libcrypto-lib-dsa_check.bc	-	-	0.016
0	fileck	workspace/openssl-bc/bc/crypto/dsa/libcrypto-lib-dsa_check.bc	-	-	0.016
0	null-deref	workspace/openssl-bc/bc/crypto/dsa/libcrypto-lib-dsa_check.bc	-	-	0.016
0	leak	workspace/openssl-bc/bc/crypto/dsa/libcrypto-lib-dsa_depr.bc	-	-	0.016
0	dfree	workspace/openssl-bc/bc/crypto/dsa/libcrypto-lib-dsa_depr.bc	-	-	0.016
0	fileck	workspace/openssl-bc/bc/crypto/dsa/libcrypto-lib-dsa_depr.bc	-	-	0.016
0	null-deref	workspace/openssl-bc/bc/crypto/dsa/libcrypto-lib-dsa_depr.bc	-	-	0.016
0	leak	workspace/openssl-bc/bc/crypto/dsa/libcrypto-lib-dsa_err.bc	-	-	0.016
0	dfree	workspace/openssl-bc/bc/crypto/dsa/libcrypto-lib-dsa_err.bc	-	-	0.016
0	fileck	workspace/openssl-bc/bc/crypto/dsa/libcrypto-lib-dsa_err.bc	-	-	0.016
0	null-deref	workspace/openssl-bc/bc/crypto/dsa/libcrypto-lib-dsa_err.bc	-	-	0.016
0	leak	workspace/openssl-bc/bc/crypto/dsa/libcrypto-lib-dsa_gen.bc	-	-	0.016
0	dfree	workspace/openssl-bc/bc/crypto/dsa/libcrypto-lib-dsa_gen.bc	-	-	0.016
0	fileck	workspace/openssl-bc/bc/crypto/dsa/libcrypto-lib-dsa_gen.bc	-	-	0.016
0	null-deref	workspace/openssl-bc/bc/crypto/dsa/libcrypto-lib-dsa_gen.bc	-	-	0.016
0	leak	workspace/openssl-bc/bc/crypto/dsa/libcrypto-lib-dsa_key.bc	-	-	0.016
0	dfree	workspace/openssl-bc/bc/crypto/dsa/libcrypto-lib-dsa_key.bc	-	-	0.016
0	fileck	workspace/openssl-bc/bc/crypto/dsa/libcrypto-lib-dsa_key.bc	-	-	0.016
0	null-deref	workspace/openssl-bc/bc/crypto/dsa/libcrypto-lib-dsa_key.bc	-	-	0.016
0	leak	workspace/openssl-bc/bc/crypto/dsa/libcrypto-lib-dsa_lib.bc	-	-	0.032
0	dfree	workspace/openssl-bc/bc/crypto/dsa/libcrypto-lib-dsa_lib.bc	-	-	0.032
0	fileck	workspace/openssl-bc/bc/crypto/dsa/libcrypto-lib-dsa_lib.bc	-	-	0.032
0	null-deref	workspace/openssl-bc/bc/crypto/dsa/libcrypto-lib-dsa_lib.bc	-	-	0.032
0	leak	workspace/openssl-bc/bc/crypto/dsa/libcrypto-lib-dsa_meth.bc	-	-	0.016
0	dfree	workspace/openssl-bc/bc/crypto/dsa/libcrypto-lib-dsa_meth.bc	-	-	0.016
0	fileck	workspace/openssl-bc/bc/crypto/dsa/libcrypto-lib-dsa_meth.bc	-	-	0.032
0	null-deref	workspace/openssl-bc/bc/crypto/dsa/libcrypto-lib-dsa_meth.bc	-	-	0.032
0	leak	workspace/openssl-bc/bc/crypto/dsa/libcrypto-lib-dsa_ossl.bc	-	-	0.032
0	dfree	workspace/openssl-bc/bc/crypto/dsa/libcrypto-lib-dsa_ossl.bc	-	-	0.032
0	fileck	workspace/openssl-bc/bc/crypto/dsa/libcrypto-lib-dsa_ossl.bc	-	-	0.032
0	null-deref	workspace/openssl-bc/bc/crypto/dsa/libcrypto-lib-dsa_ossl.bc	-	-	0.032
0	leak	workspace/openssl-bc/bc/crypto/dsa/libcrypto-lib-dsa_prn.bc	-	-	0.016
0	dfree	workspace/openssl-bc/bc/crypto/dsa/libcrypto-lib-dsa_prn.bc	-	-	0.016
0	fileck	workspace/openssl-bc/bc/crypto/dsa/libcrypto-lib-dsa_prn.bc	-	-	0.016
0	null-deref	workspace/openssl-bc/bc/crypto/dsa/libcrypto-lib-dsa_prn.bc	-	-	0.016
0	leak	workspace/openssl-bc/bc/crypto/dsa/libcrypto-lib-dsa_sign.bc	-	-	0.032
0	dfree	workspace/openssl-bc/bc/crypto/dsa/libcrypto-lib-dsa_sign.bc	-	-	0.032
0	fileck	workspace/openssl-bc/bc/crypto/dsa/libcrypto-lib-dsa_sign.bc	-	-	0.032
0	null-deref	workspace/openssl-bc/bc/crypto/dsa/libcrypto-lib-dsa_sign.bc	-	-	0.032
0	leak	workspace/openssl-bc/bc/crypto/dsa/libcrypto-lib-dsa_vrf.bc	-	-	0.016
0	dfree	workspace/openssl-bc/bc/crypto/dsa/libcrypto-lib-dsa_vrf.bc	-	-	0.016
0	fileck	workspace/openssl-bc/bc/crypto/dsa/libcrypto-lib-dsa_vrf.bc	-	-	0.016
0	null-deref	workspace/openssl-bc/bc/crypto/dsa/libcrypto-lib-dsa_vrf.bc	-	-	0.016
0	leak	workspace/openssl-bc/bc/crypto/dso/libcrypto-lib-dso_dl.bc	-	-	0.016
0	dfree	workspace/openssl-bc/bc/crypto/dso/libcrypto-lib-dso_dl.bc	-	-	0.016
0	fileck	workspace/openssl-bc/bc/crypto/dso/libcrypto-lib-dso_dl.bc	-	-	0.016
0	null-deref	workspace/openssl-bc/bc/crypto/dso/libcrypto-lib-dso_dl.bc	-	-	0.016
0	leak	workspace/openssl-bc/bc/crypto/dso/libcrypto-lib-dso_dlfcn.bc	-	outputs/saber/openssl/workspace__openssl-bc__bc__crypto__dso__libcrypto-lib-dso_dlfcn.leak.stderr.txt	0.032
0	dfree	workspace/openssl-bc/bc/crypto/dso/libcrypto-lib-dso_dlfcn.bc	-	-	0.032
0	fileck	workspace/openssl-bc/bc/crypto/dso/libcrypto-lib-dso_dlfcn.bc	-	-	0.032
0	null-deref	workspace/openssl-bc/bc/crypto/dso/libcrypto-lib-dso_dlfcn.bc	-	outputs/saber/openssl/workspace__openssl-bc__bc__crypto__dso__libcrypto-lib-dso_dlfcn.null-deref.stderr.txt	0.032
0	leak	workspace/openssl-bc/bc/crypto/dso/libcrypto-lib-dso_err.bc	-	-	0.016
0	dfree	workspace/openssl-bc/bc/crypto/dso/libcrypto-lib-dso_err.bc	-	-	0.016
0	fileck	workspace/openssl-bc/bc/crypto/dso/libcrypto-lib-dso_err.bc	-	-	0.016
0	null-deref	workspace/openssl-bc/bc/crypto/dso/libcrypto-lib-dso_err.bc	-	-	0.016
0	leak	workspace/openssl-bc/bc/crypto/dso/libcrypto-lib-dso_lib.bc	-	-	0.032
0	dfree	workspace/openssl-bc/bc/crypto/dso/libcrypto-lib-dso_lib.bc	-	-	0.032
0	fileck	workspace/openssl-bc/bc/crypto/dso/libcrypto-lib-dso_lib.bc	-	-	0.032
0	null-deref	workspace/openssl-bc/bc/crypto/dso/libcrypto-lib-dso_lib.bc	-	-	0.032
0	leak	workspace/openssl-bc/bc/crypto/dso/libcrypto-lib-dso_openssl.bc	-	-	0.016
0	dfree	workspace/openssl-bc/bc/crypto/dso/libcrypto-lib-dso_openssl.bc	-	-	0.016
0	fileck	workspace/openssl-bc/bc/crypto/dso/libcrypto-lib-dso_openssl.bc	-	-	0.016
0	null-deref	workspace/openssl-bc/bc/crypto/dso/libcrypto-lib-dso_openssl.bc	-	-	0.016
0	leak	workspace/openssl-bc/bc/crypto/dso/libcrypto-lib-dso_vms.bc	-	-	0.016
0	dfree	workspace/openssl-bc/bc/crypto/dso/libcrypto-lib-dso_vms.bc	-	-	0.016
0	fileck	workspace/openssl-bc/bc/crypto/dso/libcrypto-lib-dso_vms.bc	-	-	0.016
0	null-deref	workspace/openssl-bc/bc/crypto/dso/libcrypto-lib-dso_vms.bc	-	-	0.016
0	leak	workspace/openssl-bc/bc/crypto/dso/libcrypto-lib-dso_win32.bc	-	-	0.016
0	dfree	workspace/openssl-bc/bc/crypto/dso/libcrypto-lib-dso_win32.bc	-	-	0.016
0	fileck	workspace/openssl-bc/bc/crypto/dso/libcrypto-lib-dso_win32.bc	-	-	0.016
0	null-deref	workspace/openssl-bc/bc/crypto/dso/libcrypto-lib-dso_win32.bc	-	-	0.016
0	leak	workspace/openssl-bc/bc/crypto/ec/curve448/arch_32/libcrypto-lib-f_impl32.bc	-	-	0.016
0	dfree	workspace/openssl-bc/bc/crypto/ec/curve448/arch_32/libcrypto-lib-f_impl32.bc	-	-	0.016
0	fileck	workspace/openssl-bc/bc/crypto/ec/curve448/arch_32/libcrypto-lib-f_impl32.bc	-	-	0.016
0	null-deref	workspace/openssl-bc/bc/crypto/ec/curve448/arch_32/libcrypto-lib-f_impl32.bc	-	-	0.016
0	leak	workspace/openssl-bc/bc/crypto/ec/curve448/arch_64/libcrypto-lib-f_impl64.bc	-	-	0.032
0	dfree	workspace/openssl-bc/bc/crypto/ec/curve448/arch_64/libcrypto-lib-f_impl64.bc	-	-	0.032
0	fileck	workspace/openssl-bc/bc/crypto/ec/curve448/arch_64/libcrypto-lib-f_impl64.bc	-	-	0.032
0	null-deref	workspace/openssl-bc/bc/crypto/ec/curve448/arch_64/libcrypto-lib-f_impl64.bc	-	-	0.032
0	leak	workspace/openssl-bc/bc/crypto/ec/curve448/libcrypto-lib-curve448.bc	-	-	0.114
0	dfree	workspace/openssl-bc/bc/crypto/ec/curve448/libcrypto-lib-curve448.bc	-	-	0.114
0	fileck	workspace/openssl-bc/bc/crypto/ec/curve448/libcrypto-lib-curve448.bc	-	-	0.067
0	null-deref	workspace/openssl-bc/bc/crypto/ec/curve448/libcrypto-lib-curve448.bc	-	-	0.115
0	leak	workspace/openssl-bc/bc/crypto/ec/curve448/libcrypto-lib-curve448_tables.bc	-	-	0.064
0	dfree	workspace/openssl-bc/bc/crypto/ec/curve448/libcrypto-lib-curve448_tables.bc	-	-	0.065
0	fileck	workspace/openssl-bc/bc/crypto/ec/curve448/libcrypto-lib-curve448_tables.bc	-	-	0.064
0	null-deref	workspace/openssl-bc/bc/crypto/ec/curve448/libcrypto-lib-curve448_tables.bc	-	-	0.064
0	leak	workspace/openssl-bc/bc/crypto/ec/curve448/libcrypto-lib-eddsa.bc	-	-	0.032
0	dfree	workspace/openssl-bc/bc/crypto/ec/curve448/libcrypto-lib-eddsa.bc	-	-	0.032
0	fileck	workspace/openssl-bc/bc/crypto/ec/curve448/libcrypto-lib-eddsa.bc	-	-	0.032
0	null-deref	workspace/openssl-bc/bc/crypto/ec/curve448/libcrypto-lib-eddsa.bc	-	-	0.032
0	leak	workspace/openssl-bc/bc/crypto/ec/curve448/libcrypto-lib-f_generic.bc	-	-	0.032
0	dfree	workspace/openssl-bc/bc/crypto/ec/curve448/libcrypto-lib-f_generic.bc	-	-	0.032
0	fileck	workspace/openssl-bc/bc/crypto/ec/curve448/libcrypto-lib-f_generic.bc	-	-	0.032
0	null-deref	workspace/openssl-bc/bc/crypto/ec/curve448/libcrypto-lib-f_generic.bc	-	-	0.032
0	leak	workspace/openssl-bc/bc/crypto/ec/curve448/libcrypto-lib-scalar.bc	-	-	0.032
0	dfree	workspace/openssl-bc/bc/crypto/ec/curve448/libcrypto-lib-scalar.bc	-	-	0.032
0	fileck	workspace/openssl-bc/bc/crypto/ec/curve448/libcrypto-lib-scalar.bc	-	-	0.032
0	null-deref	workspace/openssl-bc/bc/crypto/ec/curve448/libcrypto-lib-scalar.bc	-	-	0.032
0	leak	workspace/openssl-bc/bc/crypto/ec/libcrypto-lib-curve25519.bc	-	-	0.365
0	dfree	workspace/openssl-bc/bc/crypto/ec/libcrypto-lib-curve25519.bc	-	-	0.366
0	fileck	workspace/openssl-bc/bc/crypto/ec/libcrypto-lib-curve25519.bc	-	-	0.365
0	null-deref	workspace/openssl-bc/bc/crypto/ec/libcrypto-lib-curve25519.bc	-	-	0.365
0	leak	workspace/openssl-bc/bc/crypto/ec/libcrypto-lib-ec2_oct.bc	-	-	0.032
0	dfree	workspace/openssl-bc/bc/crypto/ec/libcrypto-lib-ec2_oct.bc	-	-	0.032
0	fileck	workspace/openssl-bc/bc/crypto/ec/libcrypto-lib-ec2_oct.bc	-	-	0.032
0	null-deref	workspace/openssl-bc/bc/crypto/ec/libcrypto-lib-ec2_oct.bc	-	-	0.032
0	leak	workspace/openssl-bc/bc/crypto/ec/libcrypto-lib-ec2_smpl.bc	-	-	0.064
0	dfree	workspace/openssl-bc/bc/crypto/ec/libcrypto-lib-ec2_smpl.bc	-	-	0.064
0	fileck	workspace/openssl-bc/bc/crypto/ec/libcrypto-lib-ec2_smpl.bc	-	-	0.064
0	null-deref	workspace/openssl-bc/bc/crypto/ec/libcrypto-lib-ec2_smpl.bc	-	-	0.065
0	leak	workspace/openssl-bc/bc/crypto/ec/libcrypto-lib-ec_ameth.bc	-	outputs/saber/openssl/workspace__openssl-bc__bc__crypto__ec__libcrypto-lib-ec_ameth.leak.stderr.txt	0.064
0	dfree	workspace/openssl-bc/bc/crypto/ec/libcrypto-lib-ec_ameth.bc	-	-	0.064
0	fileck	workspace/openssl-bc/bc/crypto/ec/libcrypto-lib-ec_ameth.bc	-	-	0.043
0	null-deref	workspace/openssl-bc/bc/crypto/ec/libcrypto-lib-ec_ameth.bc	-	outputs/saber/openssl/workspace__openssl-bc__bc__crypto__ec__libcrypto-lib-ec_ameth.null-deref.stderr.txt	0.064
0	leak	workspace/openssl-bc/bc/crypto/ec/libcrypto-lib-ec_asn1.bc	-	outputs/saber/openssl/workspace__openssl-bc__bc__crypto__ec__libcrypto-lib-ec_asn1.leak.stderr.txt	0.116
0	dfree	workspace/openssl-bc/bc/crypto/ec/libcrypto-lib-ec_asn1.bc	-	-	0.114
0	fileck	workspace/openssl-bc/bc/crypto/ec/libcrypto-lib-ec_asn1.bc	-	-	0.064
0	null-deref	workspace/openssl-bc/bc/crypto/ec/libcrypto-lib-ec_asn1.bc	-	outputs/saber/openssl/workspace__openssl-bc__bc__crypto__ec__libcrypto-lib-ec_asn1.null-deref.stderr.txt	0.114
0	leak	workspace/openssl-bc/bc/crypto/ec/libcrypto-lib-ec_backend.bc	-	outputs/saber/openssl/workspace__openssl-bc__bc__crypto__ec__libcrypto-lib-ec_backend.leak.stderr.txt	0.065
0	dfree	workspace/openssl-bc/bc/crypto/ec/libcrypto-lib-ec_backend.bc	-	-	0.064
0	fileck	workspace/openssl-bc/bc/crypto/ec/libcrypto-lib-ec_backend.bc	-	-	0.064
0	null-deref	workspace/openssl-bc/bc/crypto/ec/libcrypto-lib-ec_backend.bc	-	outputs/saber/openssl/workspace__openssl-bc__bc__crypto__ec__libcrypto-lib-ec_backend.null-deref.stderr.txt	0.064
0	leak	workspace/openssl-bc/bc/crypto/ec/libcrypto-lib-ec_check.bc	-	-	0.016
0	dfree	workspace/openssl-bc/bc/crypto/ec/libcrypto-lib-ec_check.bc	-	-	0.016
0	fileck	workspace/openssl-bc/bc/crypto/ec/libcrypto-lib-ec_check.bc	-	-	0.016
0	null-deref	workspace/openssl-bc/bc/crypto/ec/libcrypto-lib-ec_check.bc	-	-	0.016
0	leak	workspace/openssl-bc/bc/crypto/ec/libcrypto-lib-ec_curve.bc	-	-	0.064
0	dfree	workspace/openssl-bc/bc/crypto/ec/libcrypto-lib-ec_curve.bc	-	-	0.064
0	fileck	workspace/openssl-bc/bc/crypto/ec/libcrypto-lib-ec_curve.bc	-	-	0.064
0	null-deref	workspace/openssl-bc/bc/crypto/ec/libcrypto-lib-ec_curve.bc	-	-	0.064
0	leak	workspace/openssl-bc/bc/crypto/ec/libcrypto-lib-ec_cvt.bc	-	-	0.016
0	dfree	workspace/openssl-bc/bc/crypto/ec/libcrypto-lib-ec_cvt.bc	-	-	0.016
0	fileck	workspace/openssl-bc/bc/crypto/ec/libcrypto-lib-ec_cvt.bc	-	-	0.016
0	null-deref	workspace/openssl-bc/bc/crypto/ec/libcrypto-lib-ec_cvt.bc	-	-	0.016
0	leak	workspace/openssl-bc/bc/crypto/ec/libcrypto-lib-ec_deprecated.bc	-	-	0.016
0	dfree	workspace/openssl-bc/bc/crypto/ec/libcrypto-lib-ec_deprecated.bc	-	-	0.016
0	fileck	workspace/openssl-bc/bc/crypto/ec/libcrypto-lib-ec_deprecated.bc	-	-	0.016
0	null-deref	workspace/openssl-bc/bc/crypto/ec/libcrypto-lib-ec_deprecated.bc	-	-	0.016
0	leak	workspace/openssl-bc/bc/crypto/ec/libcrypto-lib-ec_err.bc	-	-	0.032
0	dfree	workspace/openssl-bc/bc/crypto/ec/libcrypto-lib-ec_err.bc	-	-	0.032
0	fileck	workspace/openssl-bc/bc/crypto/ec/libcrypto-lib-ec_err.bc	-	-	0.032
0	null-deref	workspace/openssl-bc/bc/crypto/ec/libcrypto-lib-ec_err.bc	-	-	0.032
0	leak	workspace/openssl-bc/bc/crypto/ec/libcrypto-lib-ec_key.bc	-	outputs/saber/openssl/workspace__openssl-bc__bc__crypto__ec__libcrypto-lib-ec_key.leak.stderr.txt	0.064
0	dfree	workspace/openssl-bc/bc/crypto/ec/libcrypto-lib-ec_key.bc	-	outputs/saber/openssl/workspace__openssl-bc__bc__crypto__ec__libcrypto-lib-ec_key.dfree.stderr.txt	0.064
0	fileck	workspace/openssl-bc/bc/crypto/ec/libcrypto-lib-ec_key.bc	-	-	0.064
0	null-deref	workspace/openssl-bc/bc/crypto/ec/libcrypto-lib-ec_key.bc	-	outputs/saber/openssl/workspace__openssl-bc__bc__crypto__ec__libcrypto-lib-ec_key.null-deref.stderr.txt	0.064
0	leak	workspace/openssl-bc/bc/crypto/ec/libcrypto-lib-ec_kmeth.bc	-	-	0.032
0	dfree	workspace/openssl-bc/bc/crypto/ec/libcrypto-lib-ec_kmeth.bc	-	-	0.032
0	fileck	workspace/openssl-bc/bc/crypto/ec/libcrypto-lib-ec_kmeth.bc	-	-	0.032
0	null-deref	workspace/openssl-bc/bc/crypto/ec/libcrypto-lib-ec_kmeth.bc	-	-	0.032
0	leak	workspace/openssl-bc/bc/crypto/ec/libcrypto-lib-ec_lib.bc	-	outputs/saber/openssl/workspace__openssl-bc__bc__crypto__ec__libcrypto-lib-ec_lib.leak.stderr.txt	0.114
0	dfree	workspace/openssl-bc/bc/crypto/ec/libcrypto-lib-ec_lib.bc	-	-	0.115
0	fileck	workspace/openssl-bc/bc/crypto/ec/libcrypto-lib-ec_lib.bc	-	-	0.114
0	null-deref	workspace/openssl-bc/bc/crypto/ec/libcrypto-lib-ec_lib.bc	-	outputs/saber/openssl/workspace__openssl-bc__bc__crypto__ec__libcrypto-lib-ec_lib.null-deref.stderr.txt	0.114
0	leak	workspace/openssl-bc/bc/crypto/ec/libcrypto-lib-ec_mult.bc	-	-	0.064
0	dfree	workspace/openssl-bc/bc/crypto/ec/libcrypto-lib-ec_mult.bc	-	-	0.064
0	fileck	workspace/openssl-bc/bc/crypto/ec/libcrypto-lib-ec_mult.bc	-	-	0.064
0	null-deref	workspace/openssl-bc/bc/crypto/ec/libcrypto-lib-ec_mult.bc	-	-	0.064
0	leak	workspace/openssl-bc/bc/crypto/ec/libcrypto-lib-ec_oct.bc	-	-	0.024
0	dfree	workspace/openssl-bc/bc/crypto/ec/libcrypto-lib-ec_oct.bc	-	-	0.032
0	fileck	workspace/openssl-bc/bc/crypto/ec/libcrypto-lib-ec_oct.bc	-	-	0.032
0	null-deref	workspace/openssl-bc/bc/crypto/ec/libcrypto-lib-ec_oct.bc	-	-	0.032
0	leak	workspace/openssl-bc/bc/crypto/ec/libcrypto-lib-ec_print.bc	-	-	0.016
0	dfree	workspace/openssl-bc/bc/crypto/ec/libcrypto-lib-ec_print.bc	-	-	0.016
0	fileck	workspace/openssl-bc/bc/crypto/ec/libcrypto-lib-ec_print.bc	-	-	0.016
0	null-deref	workspace/openssl-bc/bc/crypto/ec/libcrypto-lib-ec_print.bc	-	-	0.016
0	leak	workspace/openssl-bc/bc/crypto/ec/libcrypto-lib-ecdh_kdf.bc	-	-	0.016
0	dfree	workspace/openssl-bc/bc/crypto/ec/libcrypto-lib-ecdh_kdf.bc	-	-	0.016
0	fileck	workspace/openssl-bc/bc/crypto/ec/libcrypto-lib-ecdh_kdf.bc	-	-	0.016
0	null-deref	workspace/openssl-bc/bc/crypto/ec/libcrypto-lib-ecdh_kdf.bc	-	-	0.016
0	leak	workspace/openssl-bc/bc/crypto/ec/libcrypto-lib-ecdh_ossl.bc	-	-	0.016
0	dfree	workspace/openssl-bc/bc/crypto/ec/libcrypto-lib-ecdh_ossl.bc	-	-	0.016
0	fileck	workspace/openssl-bc/bc/crypto/ec/libcrypto-lib-ecdh_ossl.bc	-	-	0.016
0	null-deref	workspace/openssl-bc/bc/crypto/ec/libcrypto-lib-ecdh_ossl.bc	-	-	0.016
0	leak	workspace/openssl-bc/bc/crypto/ec/libcrypto-lib-ecdsa_ossl.bc	-	-	0.032
0	dfree	workspace/openssl-bc/bc/crypto/ec/libcrypto-lib-ecdsa_ossl.bc	-	-	0.064
0	fileck	workspace/openssl-bc/bc/crypto/ec/libcrypto-lib-ecdsa_ossl.bc	-	-	0.032
0	null-deref	workspace/openssl-bc/bc/crypto/ec/libcrypto-lib-ecdsa_ossl.bc	-	-	0.032
0	leak	workspace/openssl-bc/bc/crypto/ec/libcrypto-lib-ecdsa_sign.bc	-	-	0.016
0	dfree	workspace/openssl-bc/bc/crypto/ec/libcrypto-lib-ecdsa_sign.bc	-	-	0.016
0	fileck	workspace/openssl-bc/bc/crypto/ec/libcrypto-lib-ecdsa_sign.bc	-	-	0.016
0	null-deref	workspace/openssl-bc/bc/crypto/ec/libcrypto-lib-ecdsa_sign.bc	-	-	0.016
0	leak	workspace/openssl-bc/bc/crypto/ec/libcrypto-lib-ecdsa_vrf.bc	-	-	0.016
0	dfree	workspace/openssl-bc/bc/crypto/ec/libcrypto-lib-ecdsa_vrf.bc	-	-	0.016
0	fileck	workspace/openssl-bc/bc/crypto/ec/libcrypto-lib-ecdsa_vrf.bc	-	-	0.016
0	null-deref	workspace/openssl-bc/bc/crypto/ec/libcrypto-lib-ecdsa_vrf.bc	-	-	0.016
0	leak	workspace/openssl-bc/bc/crypto/ec/libcrypto-lib-eck_prn.bc	-	-	0.032
0	dfree	workspace/openssl-bc/bc/crypto/ec/libcrypto-lib-eck_prn.bc	-	-	0.032
0	fileck	workspace/openssl-bc/bc/crypto/ec/libcrypto-lib-eck_prn.bc	-	-	0.032
0	null-deref	workspace/openssl-bc/bc/crypto/ec/libcrypto-lib-eck_prn.bc	-	-	0.032
0	leak	workspace/openssl-bc/bc/crypto/ec/libcrypto-lib-ecp_mont.bc	-	-	0.032
0	dfree	workspace/openssl-bc/bc/crypto/ec/libcrypto-lib-ecp_mont.bc	-	-	0.032
0	fileck	workspace/openssl-bc/bc/crypto/ec/libcrypto-lib-ecp_mont.bc	-	-	0.032
0	null-deref	workspace/openssl-bc/bc/crypto/ec/libcrypto-lib-ecp_mont.bc	-	-	0.032
0	leak	workspace/openssl-bc/bc/crypto/ec/libcrypto-lib-ecp_nist.bc	-	-	0.032
0	dfree	workspace/openssl-bc/bc/crypto/ec/libcrypto-lib-ecp_nist.bc	-	-	0.032
0	fileck	workspace/openssl-bc/bc/crypto/ec/libcrypto-lib-ecp_nist.bc	-	-	0.032
0	null-deref	workspace/openssl-bc/bc/crypto/ec/libcrypto-lib-ecp_nist.bc	-	-	0.032
0	leak	workspace/openssl-bc/bc/crypto/ec/libcrypto-lib-ecp_oct.bc	-	-	0.032
0	dfree	workspace/openssl-bc/bc/crypto/ec/libcrypto-lib-ecp_oct.bc	-	-	0.032
0	fileck	workspace/openssl-bc/bc/crypto/ec/libcrypto-lib-ecp_oct.bc	-	-	0.032
0	null-deref	workspace/openssl-bc/bc/crypto/ec/libcrypto-lib-ecp_oct.bc	-	-	0.032
0	leak	workspace/openssl-bc/bc/crypto/ec/libcrypto-lib-ecp_smpl.bc	-	-	0.114
0	dfree	workspace/openssl-bc/bc/crypto/ec/libcrypto-lib-ecp_smpl.bc	-	-	0.114
0	fileck	workspace/openssl-bc/bc/crypto/ec/libcrypto-lib-ecp_smpl.bc	-	-	0.114
0	null-deref	workspace/openssl-bc/bc/crypto/ec/libcrypto-lib-ecp_smpl.bc	-	-	0.114
0	leak	workspace/openssl-bc/bc/crypto/ec/libcrypto-lib-ecx_backend.bc	-	-	0.032
0	dfree	workspace/openssl-bc/bc/crypto/ec/libcrypto-lib-ecx_backend.bc	-	-	0.032
0	fileck	workspace/openssl-bc/bc/crypto/ec/libcrypto-lib-ecx_backend.bc	-	-	0.032
0	null-deref	workspace/openssl-bc/bc/crypto/ec/libcrypto-lib-ecx_backend.bc	-	-	0.032
0	leak	workspace/openssl-bc/bc/crypto/ec/libcrypto-lib-ecx_key.bc	-	-	0.032
0	dfree	workspace/openssl-bc/bc/crypto/ec/libcrypto-lib-ecx_key.bc	-	-	0.032
0	fileck	workspace/openssl-bc/bc/crypto/ec/libcrypto-lib-ecx_key.bc	-	-	0.032
0	null-deref	workspace/openssl-bc/bc/crypto/ec/libcrypto-lib-ecx_key.bc	-	-	0.032
0	leak	workspace/openssl-bc/bc/crypto/ec/libcrypto-lib-ecx_meth.bc	-	-	0.064
0	dfree	workspace/openssl-bc/bc/crypto/ec/libcrypto-lib-ecx_meth.bc	-	-	0.064
0	fileck	workspace/openssl-bc/bc/crypto/ec/libcrypto-lib-ecx_meth.bc	-	-	0.064
0	null-deref	workspace/openssl-bc/bc/crypto/ec/libcrypto-lib-ecx_meth.bc	-	-	0.064
0	leak	workspace/openssl-bc/bc/crypto/encode_decode/libcrypto-lib-decoder_err.bc	-	-	0.011
0	dfree	workspace/openssl-bc/bc/crypto/encode_decode/libcrypto-lib-decoder_err.bc	-	-	0.016
0	fileck	workspace/openssl-bc/bc/crypto/encode_decode/libcrypto-lib-decoder_err.bc	-	-	0.016
0	null-deref	workspace/openssl-bc/bc/crypto/encode_decode/libcrypto-lib-decoder_err.bc	-	-	0.016
0	leak	workspace/openssl-bc/bc/crypto/encode_decode/libcrypto-lib-decoder_lib.bc	-	-	0.064
0	dfree	workspace/openssl-bc/bc/crypto/encode_decode/libcrypto-lib-decoder_lib.bc	-	-	0.064
0	fileck	workspace/openssl-bc/bc/crypto/encode_decode/libcrypto-lib-decoder_lib.bc	-	-	0.064
0	null-deref	workspace/openssl-bc/bc/crypto/encode_decode/libcrypto-lib-decoder_lib.bc	-	-	0.065
0	leak	workspace/openssl-bc/bc/crypto/encode_decode/libcrypto-lib-decoder_meth.bc	-	-	0.064
0	dfree	workspace/openssl-bc/bc/crypto/encode_decode/libcrypto-lib-decoder_meth.bc	-	-	0.064
0	fileck	workspace/openssl-bc/bc/crypto/encode_decode/libcrypto-lib-decoder_meth.bc	-	-	0.064
0	null-deref	workspace/openssl-bc/bc/crypto/encode_decode/libcrypto-lib-decoder_meth.bc	-	-	0.064
0	leak	workspace/openssl-bc/bc/crypto/encode_decode/libcrypto-lib-decoder_pkey.bc	-	outputs/saber/openssl/workspace__openssl-bc__bc__crypto__encode_decode__libcrypto-lib-decoder_pkey.leak.stderr.txt	0.064
0	dfree	workspace/openssl-bc/bc/crypto/encode_decode/libcrypto-lib-decoder_pkey.bc	-	-	0.065
0	fileck	workspace/openssl-bc/bc/crypto/encode_decode/libcrypto-lib-decoder_pkey.bc	-	-	0.064
0	null-deref	workspace/openssl-bc/bc/crypto/encode_decode/libcrypto-lib-decoder_pkey.bc	-	outputs/saber/openssl/workspace__openssl-bc__bc__crypto__encode_decode__libcrypto-lib-decoder_pkey.null-deref.stderr.txt	0.072
0	leak	workspace/openssl-bc/bc/crypto/encode_decode/libcrypto-lib-encoder_err.bc	-	-	0.016
0	dfree	workspace/openssl-bc/bc/crypto/encode_decode/libcrypto-lib-encoder_err.bc	-	-	0.016
0	fileck	workspace/openssl-bc/bc/crypto/encode_decode/libcrypto-lib-encoder_err.bc	-	-	0.016
0	null-deref	workspace/openssl-bc/bc/crypto/encode_decode/libcrypto-lib-encoder_err.bc	-	-	0.016
0	leak	workspace/openssl-bc/bc/crypto/encode_decode/libcrypto-lib-encoder_lib.bc	-	-	0.064
0	dfree	workspace/openssl-bc/bc/crypto/encode_decode/libcrypto-lib-encoder_lib.bc	-	-	0.064
0	fileck	workspace/openssl-bc/bc/crypto/encode_decode/libcrypto-lib-encoder_lib.bc	-	-	0.064
0	null-deref	workspace/openssl-bc/bc/crypto/encode_decode/libcrypto-lib-encoder_lib.bc	-	-	0.064
0	leak	workspace/openssl-bc/bc/crypto/encode_decode/libcrypto-lib-encoder_meth.bc	-	-	0.064
0	dfree	workspace/openssl-bc/bc/crypto/encode_decode/libcrypto-lib-encoder_meth.bc	-	-	0.064
0	fileck	workspace/openssl-bc/bc/crypto/encode_decode/libcrypto-lib-encoder_meth.bc	-	-	0.064
0	null-deref	workspace/openssl-bc/bc/crypto/encode_decode/libcrypto-lib-encoder_meth.bc	-	-	0.064
0	leak	workspace/openssl-bc/bc/crypto/encode_decode/libcrypto-lib-encoder_pkey.bc	-	-	0.036
0	dfree	workspace/openssl-bc/bc/crypto/encode_decode/libcrypto-lib-encoder_pkey.bc	-	-	0.032
0	fileck	workspace/openssl-bc/bc/crypto/encode_decode/libcrypto-lib-encoder_pkey.bc	-	-	0.032
0	null-deref	workspace/openssl-bc/bc/crypto/encode_decode/libcrypto-lib-encoder_pkey.bc	-	-	0.032
0	leak	workspace/openssl-bc/bc/crypto/err/libcrypto-lib-err.bc	-	outputs/saber/openssl/workspace__openssl-bc__bc__crypto__err__libcrypto-lib-err.leak.stderr.txt	0.064
0	dfree	workspace/openssl-bc/bc/crypto/err/libcrypto-lib-err.bc	-	-	0.064
0	fileck	workspace/openssl-bc/bc/crypto/err/libcrypto-lib-err.bc	-	-	0.064
0	null-deref	workspace/openssl-bc/bc/crypto/err/libcrypto-lib-err.bc	-	outputs/saber/openssl/workspace__openssl-bc__bc__crypto__err__libcrypto-lib-err.null-deref.stderr.txt	0.064
0	leak	workspace/openssl-bc/bc/crypto/err/libcrypto-lib-err_all.bc	-	-	0.016
0	dfree	workspace/openssl-bc/bc/crypto/err/libcrypto-lib-err_all.bc	-	-	0.016
0	fileck	workspace/openssl-bc/bc/crypto/err/libcrypto-lib-err_all.bc	-	-	0.016
0	null-deref	workspace/openssl-bc/bc/crypto/err/libcrypto-lib-err_all.bc	-	-	0.016
0	leak	workspace/openssl-bc/bc/crypto/err/libcrypto-lib-err_all_legacy.bc	-	-	0.016
0	dfree	workspace/openssl-bc/bc/crypto/err/libcrypto-lib-err_all_legacy.bc	-	-	0.016
0	fileck	workspace/openssl-bc/bc/crypto/err/libcrypto-lib-err_all_legacy.bc	-	-	0.016
0	null-deref	workspace/openssl-bc/bc/crypto/err/libcrypto-lib-err_all_legacy.bc	-	-	0.016
0	leak	workspace/openssl-bc/bc/crypto/err/libcrypto-lib-err_blocks.bc	-	outputs/saber/openssl/workspace__openssl-bc__bc__crypto__err__libcrypto-lib-err_blocks.leak.stderr.txt	0.032
0	dfree	workspace/openssl-bc/bc/crypto/err/libcrypto-lib-err_blocks.bc	-	-	0.032
0	fileck	workspace/openssl-bc/bc/crypto/err/libcrypto-lib-err_blocks.bc	-	-	0.032
0	null-deref	workspace/openssl-bc/bc/crypto/err/libcrypto-lib-err_blocks.bc	-	outputs/saber/openssl/workspace__openssl-bc__bc__crypto__err__libcrypto-lib-err_blocks.null-deref.stderr.txt	0.032
0	leak	workspace/openssl-bc/bc/crypto/err/libcrypto-lib-err_mark.bc	-	-	0.032
0	dfree	workspace/openssl-bc/bc/crypto/err/libcrypto-lib-err_mark.bc	-	-	0.016
0	fileck	workspace/openssl-bc/bc/crypto/err/libcrypto-lib-err_mark.bc	-	-	0.016
0	null-deref	workspace/openssl-bc/bc/crypto/err/libcrypto-lib-err_mark.bc	-	-	0.032
0	leak	workspace/openssl-bc/bc/crypto/err/libcrypto-lib-err_prn.bc	-	-	0.032
0	dfree	workspace/openssl-bc/bc/crypto/err/libcrypto-lib-err_prn.bc	-	-	0.032
0	fileck	workspace/openssl-bc/bc/crypto/err/libcrypto-lib-err_prn.bc	-	-	0.032
0	null-deref	workspace/openssl-bc/bc/crypto/err/libcrypto-lib-err_prn.bc	-	-	0.032
0	leak	workspace/openssl-bc/bc/crypto/err/libcrypto-lib-err_save.bc	-	outputs/saber/openssl/workspace__openssl-bc__bc__crypto__err__libcrypto-lib-err_save.leak.stderr.txt	0.032
0	dfree	workspace/openssl-bc/bc/crypto/err/libcrypto-lib-err_save.bc	-	-	0.032
0	fileck	workspace/openssl-bc/bc/crypto/err/libcrypto-lib-err_save.bc	-	-	0.032
0	null-deref	workspace/openssl-bc/bc/crypto/err/libcrypto-lib-err_save.bc	-	outputs/saber/openssl/workspace__openssl-bc__bc__crypto__err__libcrypto-lib-err_save.null-deref.stderr.txt	0.032
0	leak	workspace/openssl-bc/bc/crypto/ess/libcrypto-lib-ess_asn1.bc	-	-	0.032
0	dfree	workspace/openssl-bc/bc/crypto/ess/libcrypto-lib-ess_asn1.bc	-	-	0.032
0	fileck	workspace/openssl-bc/bc/crypto/ess/libcrypto-lib-ess_asn1.bc	-	-	0.032
0	null-deref	workspace/openssl-bc/bc/crypto/ess/libcrypto-lib-ess_asn1.bc	-	-	0.032
0	leak	workspace/openssl-bc/bc/crypto/ess/libcrypto-lib-ess_err.bc	-	-	0.016
0	dfree	workspace/openssl-bc/bc/crypto/ess/libcrypto-lib-ess_err.bc	-	-	0.016
0	fileck	workspace/openssl-bc/bc/crypto/ess/libcrypto-lib-ess_err.bc	-	-	0.016
0	null-deref	workspace/openssl-bc/bc/crypto/ess/libcrypto-lib-ess_err.bc	-	-	0.016
0	leak	workspace/openssl-bc/bc/crypto/ess/libcrypto-lib-ess_lib.bc	-	-	0.032
0	dfree	workspace/openssl-bc/bc/crypto/ess/libcrypto-lib-ess_lib.bc	-	-	0.032
0	fileck	workspace/openssl-bc/bc/crypto/ess/libcrypto-lib-ess_lib.bc	-	-	0.032
0	null-deref	workspace/openssl-bc/bc/crypto/ess/libcrypto-lib-ess_lib.bc	-	-	0.032
0	leak	workspace/openssl-bc/bc/crypto/evp/libcrypto-lib-asymcipher.bc	-	-	0.064
0	dfree	workspace/openssl-bc/bc/crypto/evp/libcrypto-lib-asymcipher.bc	-	-	0.032
0	fileck	workspace/openssl-bc/bc/crypto/evp/libcrypto-lib-asymcipher.bc	-	-	0.032
0	null-deref	workspace/openssl-bc/bc/crypto/evp/libcrypto-lib-asymcipher.bc	-	-	0.032
0	leak	workspace/openssl-bc/bc/crypto/evp/libcrypto-lib-bio_b64.bc	-	outputs/saber/openssl/workspace__openssl-bc__bc__crypto__evp__libcrypto-lib-bio_b64.leak.stderr.txt	0.032
0	dfree	workspace/openssl-bc/bc/crypto/evp/libcrypto-lib-bio_b64.bc	-	-	0.032
0	fileck	workspace/openssl-bc/bc/crypto/evp/libcrypto-lib-bio_b64.bc	-	-	0.032
0	null-deref	workspace/openssl-bc/bc/crypto/evp/libcrypto-lib-bio_b64.bc	-	outputs/saber/openssl/workspace__openssl-bc__bc__crypto__evp__libcrypto-lib-bio_b64.null-deref.stderr.txt	0.064
0	leak	workspace/openssl-bc/bc/crypto/evp/libcrypto-lib-bio_enc.bc	-	-	0.035
0	dfree	workspace/openssl-bc/bc/crypto/evp/libcrypto-lib-bio_enc.bc	-	-	0.032
0	fileck	workspace/openssl-bc/bc/crypto/evp/libcrypto-lib-bio_enc.bc	-	-	0.032
0	null-deref	workspace/openssl-bc/bc/crypto/evp/libcrypto-lib-bio_enc.bc	-	-	0.032
0	leak	workspace/openssl-bc/bc/crypto/evp/libcrypto-lib-bio_md.bc	-	-	0.032
0	dfree	workspace/openssl-bc/bc/crypto/evp/libcrypto-lib-bio_md.bc	-	-	0.032
0	fileck	workspace/openssl-bc/bc/crypto/evp/libcrypto-lib-bio_md.bc	-	-	0.032
0	null-deref	workspace/openssl-bc/bc/crypto/evp/libcrypto-lib-bio_md.bc	-	-	0.032
0	leak	workspace/openssl-bc/bc/crypto/evp/libcrypto-lib-c_allc.bc	-	-	0.032
0	dfree	workspace/openssl-bc/bc/crypto/evp/libcrypto-lib-c_allc.bc	-	-	0.032
0	fileck	workspace/openssl-bc/bc/crypto/evp/libcrypto-lib-c_allc.bc	-	-	0.032
0	null-deref	workspace/openssl-bc/bc/crypto/evp/libcrypto-lib-c_allc.bc	-	-	0.032
0	leak	workspace/openssl-bc/bc/crypto/evp/libcrypto-lib-c_alld.bc	-	-	0.016
0	dfree	workspace/openssl-bc/bc/crypto/evp/libcrypto-lib-c_alld.bc	-	-	0.016
0	fileck	workspace/openssl-bc/bc/crypto/evp/libcrypto-lib-c_alld.bc	-	-	0.016
0	null-deref	workspace/openssl-bc/bc/crypto/evp/libcrypto-lib-c_alld.bc	-	-	0.016
0	leak	workspace/openssl-bc/bc/crypto/evp/libcrypto-lib-ctrl_params_translate.bc	-	-	2.872
0	dfree	workspace/openssl-bc/bc/crypto/evp/libcrypto-lib-ctrl_params_translate.bc	-	outputs/saber/openssl/workspace__openssl-bc__bc__crypto__evp__libcrypto-lib-ctrl_params_translate.dfree.stderr.txt	2.822
0	fileck	workspace/openssl-bc/bc/crypto/evp/libcrypto-lib-ctrl_params_translate.bc	-	-	0.215
0	null-deref	workspace/openssl-bc/bc/crypto/evp/libcrypto-lib-ctrl_params_translate.bc	-	-	2.923
0	leak	workspace/openssl-bc/bc/crypto/evp/libcrypto-lib-dh_ctrl.bc	-	-	0.032
0	dfree	workspace/openssl-bc/bc/crypto/evp/libcrypto-lib-dh_ctrl.bc	-	-	0.032
0	fileck	workspace/openssl-bc/bc/crypto/evp/libcrypto-lib-dh_ctrl.bc	-	-	0.032
0	null-deref	workspace/openssl-bc/bc/crypto/evp/libcrypto-lib-dh_ctrl.bc	-	-	0.032
0	leak	workspace/openssl-bc/bc/crypto/evp/libcrypto-lib-dh_support.bc	-	-	0.016
0	dfree	workspace/openssl-bc/bc/crypto/evp/libcrypto-lib-dh_support.bc	-	-	0.016
0	fileck	workspace/openssl-bc/bc/crypto/evp/libcrypto-lib-dh_support.bc	-	-	0.016
0	null-deref	workspace/openssl-bc/bc/crypto/evp/libcrypto-lib-dh_support.bc	-	-	0.016
0	leak	workspace/openssl-bc/bc/crypto/evp/libcrypto-lib-digest.bc	-	outputs/saber/openssl/workspace__openssl-bc__bc__crypto__evp__libcrypto-lib-digest.leak.stderr.txt	0.064
0	dfree	workspace/openssl-bc/bc/crypto/evp/libcrypto-lib-digest.bc	-	-	0.064
0	fileck	workspace/openssl-bc/bc/crypto/evp/libcrypto-lib-digest.bc	-	-	0.064
0	null-deref	workspace/openssl-bc/bc/crypto/evp/libcrypto-lib-digest.bc	-	outputs/saber/openssl/workspace__openssl-bc__bc__crypto__evp__libcrypto-lib-digest.null-deref.stderr.txt	0.064
0	leak	workspace/openssl-bc/bc/crypto/evp/libcrypto-lib-dsa_ctrl.bc	-	-	0.032
0	dfree	workspace/openssl-bc/bc/crypto/evp/libcrypto-lib-dsa_ctrl.bc	-	-	0.032
0	fileck	workspace/openssl-bc/bc/crypto/evp/libcrypto-lib-dsa_ctrl.bc	-	-	0.032
0	null-deref	workspace/openssl-bc/bc/crypto/evp/libcrypto-lib-dsa_ctrl.bc	-	-	0.032
0	leak	workspace/openssl-bc/bc/crypto/evp/libcrypto-lib-e_aes.bc	-	-	0.032
0	dfree	workspace/openssl-bc/bc/crypto/evp/libcrypto-lib-e_aes.bc	-	-	0.032
0	fileck	workspace/openssl-bc/bc/crypto/evp/libcrypto-lib-e_aes.bc	-	-	0.032
0	null-deref	workspace/openssl-bc/bc/crypto/evp/libcrypto-lib-e_aes.bc	-	-	0.032
0	leak	workspace/openssl-bc/bc/crypto/evp/libcrypto-lib-e_aes_cbc_hmac_sha1.bc	-	-	0.016
0	dfree	workspace/openssl-bc/bc/crypto/evp/libcrypto-lib-e_aes_cbc_hmac_sha1.bc	-	-	0.016
0	fileck	workspace/openssl-bc/bc/crypto/evp/libcrypto-lib-e_aes_cbc_hmac_sha1.bc	-	-	0.016
0	null-deref	workspace/openssl-bc/bc/crypto/evp/libcrypto-lib-e_aes_cbc_hmac_sha1.bc	-	-	0.016
0	leak	workspace/openssl-bc/bc/crypto/evp/libcrypto-lib-e_aes_cbc_hmac_sha256.bc	-	-	0.016
0	dfree	workspace/openssl-bc/bc/crypto/evp/libcrypto-lib-e_aes_cbc_hmac_sha256.bc	-	-	0.016
0	fileck	workspace/openssl-bc/bc/crypto/evp/libcrypto-lib-e_aes_cbc_hmac_sha256.bc	-	-	0.016
0	null-deref	workspace/openssl-bc/bc/crypto/evp/libcrypto-lib-e_aes_cbc_hmac_sha256.bc	-	-	0.016
0	leak	workspace/openssl-bc/bc/crypto/evp/libcrypto-lib-e_aria.bc	-	-	0.032
0	dfree	workspace/openssl-bc/bc/crypto/evp/libcrypto-lib-e_aria.bc	-	-	0.032
0	fileck	workspace/openssl-bc/bc/crypto/evp/libcrypto-lib-e_aria.bc	-	-	0.032
0	null-deref	workspace/openssl-bc/bc/crypto/evp/libcrypto-lib-e_aria.bc	-	-	0.032
0	leak	workspace/openssl-bc/bc/crypto/evp/libcrypto-lib-e_bf.bc	-	-	0.016
0	dfree	workspace/openssl-bc/bc/crypto/evp/libcrypto-lib-e_bf.bc	-	-	0.016
0	fileck	workspace/openssl-bc/bc/crypto/evp/libcrypto-lib-e_bf.bc	-	-	0.016
0	null-deref	workspace/openssl-bc/bc/crypto/evp/libcrypto-lib-e_bf.bc	-	-	0.016
0	leak	workspace/openssl-bc/bc/crypto/evp/libcrypto-lib-e_camellia.bc	-	-	0.032
0	dfree	workspace/openssl-bc/bc/crypto/evp/libcrypto-lib-e_camellia.bc	-	-	0.032
0	fileck	workspace/openssl-bc/bc/crypto/evp/libcrypto-lib-e_camellia.bc	-	-	0.032
0	null-deref	workspace/openssl-bc/bc/crypto/evp/libcrypto-lib-e_camellia.bc	-	-	0.032
0	leak	workspace/openssl-bc/bc/crypto/evp/libcrypto-lib-e_cast.bc	-	-	0.016
0	dfree	workspace/openssl-bc/bc/crypto/evp/libcrypto-lib-e_cast.bc	-	-	0.016
0	fileck	workspace/openssl-bc/bc/crypto/evp/libcrypto-lib-e_cast.bc	-	-	0.016
0	null-deref	workspace/openssl-bc/bc/crypto/evp/libcrypto-lib-e_cast.bc	-	-	0.016
0	leak	workspace/openssl-bc/bc/crypto/evp/libcrypto-lib-e_chacha20_poly1305.bc	-	-	0.016
0	dfree	workspace/openssl-bc/bc/crypto/evp/libcrypto-lib-e_chacha20_poly1305.bc	-	-	0.016
0	fileck	workspace/openssl-bc/bc/crypto/evp/libcrypto-lib-e_chacha20_poly1305.bc	-	-	0.016
0	null-deref	workspace/openssl-bc/bc/crypto/evp/libcrypto-lib-e_chacha20_poly1305.bc	-	-	0.016
0	leak	workspace/openssl-bc/bc/crypto/evp/libcrypto-lib-e_des.bc	-	-	0.016
0	dfree	workspace/openssl-bc/bc/crypto/evp/libcrypto-lib-e_des.bc	-	-	0.016
0	fileck	workspace/openssl-bc/bc/crypto/evp/libcrypto-lib-e_des.bc	-	-	0.016
0	null-deref	workspace/openssl-bc/bc/crypto/evp/libcrypto-lib-e_des.bc	-	-	0.016
0	leak	workspace/openssl-bc/bc/crypto/evp/libcrypto-lib-e_des3.bc	-	-	0.016
0	dfree	workspace/openssl-bc/bc/crypto/evp/libcrypto-lib-e_des3.bc	-	-	0.016
0	fileck	workspace/openssl-bc/bc/crypto/evp/libcrypto-lib-e_des3.bc	-	-	0.016
0	null-deref	workspace/openssl-bc/bc/crypto/evp/libcrypto-lib-e_des3.bc	-	-	0.016
0	leak	workspace/openssl-bc/bc/crypto/evp/libcrypto-lib-e_idea.bc	-	-	0.016
0	dfree	workspace/openssl-bc/bc/crypto/evp/libcrypto-lib-e_idea.bc	-	-	0.016
0	fileck	workspace/openssl-bc/bc/crypto/evp/libcrypto-lib-e_idea.bc	-	-	0.016
0	null-deref	workspace/openssl-bc/bc/crypto/evp/libcrypto-lib-e_idea.bc	-	-	0.016
0	leak	workspace/openssl-bc/bc/crypto/evp/libcrypto-lib-e_null.bc	-	-	0.016
0	dfree	workspace/openssl-bc/bc/crypto/evp/libcrypto-lib-e_null.bc	-	-	0.016
0	fileck	workspace/openssl-bc/bc/crypto/evp/libcrypto-lib-e_null.bc	-	-	0.016
0	null-deref	workspace/openssl-bc/bc/crypto/evp/libcrypto-lib-e_null.bc	-	-	0.016
0	leak	workspace/openssl-bc/bc/crypto/evp/libcrypto-lib-e_old.bc	-	-	0.016
0	dfree	workspace/openssl-bc/bc/crypto/evp/libcrypto-lib-e_old.bc	-	-	0.016
0	fileck	workspace/openssl-bc/bc/crypto/evp/libcrypto-lib-e_old.bc	-	-	0.016
0	null-deref	workspace/openssl-bc/bc/crypto/evp/libcrypto-lib-e_old.bc	-	-	0.016
0	leak	workspace/openssl-bc/bc/crypto/evp/libcrypto-lib-e_rc2.bc	-	-	0.016
0	dfree	workspace/openssl-bc/bc/crypto/evp/libcrypto-lib-e_rc2.bc	-	-	0.016
0	fileck	workspace/openssl-bc/bc/crypto/evp/libcrypto-lib-e_rc2.bc	-	-	0.016
0	null-deref	workspace/openssl-bc/bc/crypto/evp/libcrypto-lib-e_rc2.bc	-	-	0.016
0	leak	workspace/openssl-bc/bc/crypto/evp/libcrypto-lib-e_rc4.bc	-	-	0.016
0	dfree	workspace/openssl-bc/bc/crypto/evp/libcrypto-lib-e_rc4.bc	-	-	0.016
0	fileck	workspace/openssl-bc/bc/crypto/evp/libcrypto-lib-e_rc4.bc	-	-	0.016
0	null-deref	workspace/openssl-bc/bc/crypto/evp/libcrypto-lib-e_rc4.bc	-	-	0.016
0	leak	workspace/openssl-bc/bc/crypto/evp/libcrypto-lib-e_rc4_hmac_md5.bc	-	-	0.016
0	dfree	workspace/openssl-bc/bc/crypto/evp/libcrypto-lib-e_rc4_hmac_md5.bc	-	-	0.016
0	fileck	workspace/openssl-bc/bc/crypto/evp/libcrypto-lib-e_rc4_hmac_md5.bc	-	-	0.016
0	null-deref	workspace/openssl-bc/bc/crypto/evp/libcrypto-lib-e_rc4_hmac_md5.bc	-	-	0.016
0	leak	workspace/openssl-bc/bc/crypto/evp/libcrypto-lib-e_rc5.bc	-	-	0.016
0	dfree	workspace/openssl-bc/bc/crypto/evp/libcrypto-lib-e_rc5.bc	-	-	0.016
0	fileck	workspace/openssl-bc/bc/crypto/evp/libcrypto-lib-e_rc5.bc	-	-	0.016
0	null-deref	workspace/openssl-bc/bc/crypto/evp/libcrypto-lib-e_rc5.bc	-	-	0.016
0	leak	workspace/openssl-bc/bc/crypto/evp/libcrypto-lib-e_seed.bc	-	-	0.016
0	dfree	workspace/openssl-bc/bc/crypto/evp/libcrypto-lib-e_seed.bc	-	-	0.016
0	fileck	workspace/openssl-bc/bc/crypto/evp/libcrypto-lib-e_seed.bc	-	-	0.016
0	null-deref	workspace/openssl-bc/bc/crypto/evp/libcrypto-lib-e_seed.bc	-	-	0.016
0	leak	workspace/openssl-bc/bc/crypto/evp/libcrypto-lib-e_sm4.bc	-	-	0.016
0	dfree	workspace/openssl-bc/bc/crypto/evp/libcrypto-lib-e_sm4.bc	-	-	0.016
0	fileck	workspace/openssl-bc/bc/crypto/evp/libcrypto-lib-e_sm4.bc	-	-	0.016
0	null-deref	workspace/openssl-bc/bc/crypto/evp/libcrypto-lib-e_sm4.bc	-	-	0.016
0	leak	workspace/openssl-bc/bc/crypto/evp/libcrypto-lib-e_xcbc_d.bc	-	-	0.016
0	dfree	workspace/openssl-bc/bc/crypto/evp/libcrypto-lib-e_xcbc_d.bc	-	-	0.016
0	fileck	workspace/openssl-bc/bc/crypto/evp/libcrypto-lib-e_xcbc_d.bc	-	-	0.016
0	null-deref	workspace/openssl-bc/bc/crypto/evp/libcrypto-lib-e_xcbc_d.bc	-	-	0.016
0	leak	workspace/openssl-bc/bc/crypto/evp/libcrypto-lib-ec_ctrl.bc	-	-	0.032
0	dfree	workspace/openssl-bc/bc/crypto/evp/libcrypto-lib-ec_ctrl.bc	-	-	0.032
0	fileck	workspace/openssl-bc/bc/crypto/evp/libcrypto-lib-ec_ctrl.bc	-	-	0.032
0	null-deref	workspace/openssl-bc/bc/crypto/evp/libcrypto-lib-ec_ctrl.bc	-	-	0.032
0	leak	workspace/openssl-bc/bc/crypto/evp/libcrypto-lib-ec_support.bc	-	-	0.032
0	dfree	workspace/openssl-bc/bc/crypto/evp/libcrypto-lib-ec_support.bc	-	-	0.032
0	fileck	workspace/openssl-bc/bc/crypto/evp/libcrypto-lib-ec_support.bc	-	-	0.032
0	null-deref	workspace/openssl-bc/bc/crypto/evp/libcrypto-lib-ec_support.bc	-	-	0.032
0	leak	workspace/openssl-bc/bc/crypto/evp/libcrypto-lib-enc_b64_avx2.bc	-	-	0.215
0	dfree	workspace/openssl-bc/bc/crypto/evp/libcrypto-lib-enc_b64_avx2.bc	-	-	0.215
0	fileck	workspace/openssl-bc/bc/crypto/evp/libcrypto-lib-enc_b64_avx2.bc	-	-	0.215
0	null-deref	workspace/openssl-bc/bc/crypto/evp/libcrypto-lib-enc_b64_avx2.bc	-	-	0.215
0	leak	workspace/openssl-bc/bc/crypto/evp/libcrypto-lib-enc_b64_scalar.bc	-	-	0.032
0	dfree	workspace/openssl-bc/bc/crypto/evp/libcrypto-lib-enc_b64_scalar.bc	-	-	0.032
0	fileck	workspace/openssl-bc/bc/crypto/evp/libcrypto-lib-enc_b64_scalar.bc	-	-	0.032
0	null-deref	workspace/openssl-bc/bc/crypto/evp/libcrypto-lib-enc_b64_scalar.bc	-	-	0.032
0	leak	workspace/openssl-bc/bc/crypto/evp/libcrypto-lib-encode.bc	-	-	0.032
0	dfree	workspace/openssl-bc/bc/crypto/evp/libcrypto-lib-encode.bc	-	-	0.032
0	fileck	workspace/openssl-bc/bc/crypto/evp/libcrypto-lib-encode.bc	-	-	0.032
0	null-deref	workspace/openssl-bc/bc/crypto/evp/libcrypto-lib-encode.bc	-	-	0.032
0	leak	workspace/openssl-bc/bc/crypto/evp/libcrypto-lib-evp_cnf.bc	-	-	0.016
0	dfree	workspace/openssl-bc/bc/crypto/evp/libcrypto-lib-evp_cnf.bc	-	-	0.016
0	fileck	workspace/openssl-bc/bc/crypto/evp/libcrypto-lib-evp_cnf.bc	-	-	0.016
0	null-deref	workspace/openssl-bc/bc/crypto/evp/libcrypto-lib-evp_cnf.bc	-	-	0.016
0	leak	workspace/openssl-bc/bc/crypto/evp/libcrypto-lib-evp_enc.bc	-	-	0.114
0	dfree	workspace/openssl-bc/bc/crypto/evp/libcrypto-lib-evp_enc.bc	-	-	0.114
0	fileck	workspace/openssl-bc/bc/crypto/evp/libcrypto-lib-evp_enc.bc	-	-	0.114
0	null-deref	workspace/openssl-bc/bc/crypto/evp/libcrypto-lib-evp_enc.bc	-	-	0.115
0	leak	workspace/openssl-bc/bc/crypto/evp/libcrypto-lib-evp_err.bc	-	-	0.032
0	dfree	workspace/openssl-bc/bc/crypto/evp/libcrypto-lib-evp_err.bc	-	-	0.032
0	fileck	workspace/openssl-bc/bc/crypto/evp/libcrypto-lib-evp_err.bc	-	-	0.032
0	null-deref	workspace/openssl-bc/bc/crypto/evp/libcrypto-lib-evp_err.bc	-	-	0.032
0	leak	workspace/openssl-bc/bc/crypto/evp/libcrypto-lib-evp_fetch.bc	-	outputs/saber/openssl/workspace__openssl-bc__bc__crypto__evp__libcrypto-lib-evp_fetch.leak.stderr.txt	0.064
0	dfree	workspace/openssl-bc/bc/crypto/evp/libcrypto-lib-evp_fetch.bc	-	-	0.064
0	fileck	workspace/openssl-bc/bc/crypto/evp/libcrypto-lib-evp_fetch.bc	-	-	0.064
0	null-deref	workspace/openssl-bc/bc/crypto/evp/libcrypto-lib-evp_fetch.bc	-	outputs/saber/openssl/workspace__openssl-bc__bc__crypto__evp__libcrypto-lib-evp_fetch.null-deref.stderr.txt	0.064
0	leak	workspace/openssl-bc/bc/crypto/evp/libcrypto-lib-evp_key.bc	-	-	0.032
0	dfree	workspace/openssl-bc/bc/crypto/evp/libcrypto-lib-evp_key.bc	-	-	0.032
0	fileck	workspace/openssl-bc/bc/crypto/evp/libcrypto-lib-evp_key.bc	-	-	0.032
0	null-deref	workspace/openssl-bc/bc/crypto/evp/libcrypto-lib-evp_key.bc	-	-	0.032
0	leak	workspace/openssl-bc/bc/crypto/evp/libcrypto-lib-evp_lib.bc	-	-	0.114
0	dfree	workspace/openssl-bc/bc/crypto/evp/libcrypto-lib-evp_lib.bc	-	-	0.115
0	fileck	workspace/openssl-bc/bc/crypto/evp/libcrypto-lib-evp_lib.bc	-	-	0.115
0	null-deref	workspace/openssl-bc/bc/crypto/evp/libcrypto-lib-evp_lib.bc	-	-	0.114
0	leak	workspace/openssl-bc/bc/crypto/evp/libcrypto-lib-evp_pbe.bc	-	-	0.033
0	dfree	workspace/openssl-bc/bc/crypto/evp/libcrypto-lib-evp_pbe.bc	-	-	0.032
0	fileck	workspace/openssl-bc/bc/crypto/evp/libcrypto-lib-evp_pbe.bc	-	-	0.032
0	null-deref	workspace/openssl-bc/bc/crypto/evp/libcrypto-lib-evp_pbe.bc	-	-	0.032
0	leak	workspace/openssl-bc/bc/crypto/evp/libcrypto-lib-evp_pkey.bc	-	-	0.032
0	dfree	workspace/openssl-bc/bc/crypto/evp/libcrypto-lib-evp_pkey.bc	-	outputs/saber/openssl/workspace__openssl-bc__bc__crypto__evp__libcrypto-lib-evp_pkey.dfree.stderr.txt	0.032
0	fileck	workspace/openssl-bc/bc/crypto/evp/libcrypto-lib-evp_pkey.bc	-	-	0.032
0	null-deref	workspace/openssl-bc/bc/crypto/evp/libcrypto-lib-evp_pkey.bc	-	-	0.032
0	leak	workspace/openssl-bc/bc/crypto/evp/libcrypto-lib-evp_pkey_type.bc	-	-	0.016
0	dfree	workspace/openssl-bc/bc/crypto/evp/libcrypto-lib-evp_pkey_type.bc	-	-	0.016
0	fileck	workspace/openssl-bc/bc/crypto/evp/libcrypto-lib-evp_pkey_type.bc	-	-	0.016
0	null-deref	workspace/openssl-bc/bc/crypto/evp/libcrypto-lib-evp_pkey_type.bc	-	-	0.016
0	leak	workspace/openssl-bc/bc/crypto/evp/libcrypto-lib-evp_rand.bc	-	-	0.064
0	dfree	workspace/openssl-bc/bc/crypto/evp/libcrypto-lib-evp_rand.bc	-	-	0.064
0	fileck	workspace/openssl-bc/bc/crypto/evp/libcrypto-lib-evp_rand.bc	-	-	0.064
0	null-deref	workspace/openssl-bc/bc/crypto/evp/libcrypto-lib-evp_rand.bc	-	-	0.064
0	leak	workspace/openssl-bc/bc/crypto/evp/libcrypto-lib-evp_utils.bc	-	-	0.016
0	dfree	workspace/openssl-bc/bc/crypto/evp/libcrypto-lib-evp_utils.bc	-	-	0.016
0	fileck	workspace/openssl-bc/bc/crypto/evp/libcrypto-lib-evp_utils.bc	-	-	0.016
0	null-deref	workspace/openssl-bc/bc/crypto/evp/libcrypto-lib-evp_utils.bc	-	-	0.016
0	leak	workspace/openssl-bc/bc/crypto/evp/libcrypto-lib-exchange.bc	-	-	0.064
0	dfree	workspace/openssl-bc/bc/crypto/evp/libcrypto-lib-exchange.bc	-	-	0.064
0	fileck	workspace/openssl-bc/bc/crypto/evp/libcrypto-lib-exchange.bc	-	-	0.064
0	null-deref	workspace/openssl-bc/bc/crypto/evp/libcrypto-lib-exchange.bc	-	-	0.065
0	leak	workspace/openssl-bc/bc/crypto/evp/libcrypto-lib-kdf_lib.bc	-	-	0.032
0	dfree	workspace/openssl-bc/bc/crypto/evp/libcrypto-lib-kdf_lib.bc	-	-	0.032
0	fileck	workspace/openssl-bc/bc/crypto/evp/libcrypto-lib-kdf_lib.bc	-	-	0.032
0	null-deref	workspace/openssl-bc/bc/crypto/evp/libcrypto-lib-kdf_lib.bc	-	-	0.032
0	leak	workspace/openssl-bc/bc/crypto/evp/libcrypto-lib-kdf_meth.bc	-	-	0.032
0	dfree	workspace/openssl-bc/bc/crypto/evp/libcrypto-lib-kdf_meth.bc	-	-	0.032
0	fileck	workspace/openssl-bc/bc/crypto/evp/libcrypto-lib-kdf_meth.bc	-	-	0.032
0	null-deref	workspace/openssl-bc/bc/crypto/evp/libcrypto-lib-kdf_meth.bc	-	-	0.032
0	leak	workspace/openssl-bc/bc/crypto/evp/libcrypto-lib-kem.bc	-	-	0.064
0	dfree	workspace/openssl-bc/bc/crypto/evp/libcrypto-lib-kem.bc	-	-	0.032
0	fileck	workspace/openssl-bc/bc/crypto/evp/libcrypto-lib-kem.bc	-	-	0.032
0	null-deref	workspace/openssl-bc/bc/crypto/evp/libcrypto-lib-kem.bc	-	-	0.032
0	leak	workspace/openssl-bc/bc/crypto/evp/libcrypto-lib-keymgmt_lib.bc	-	outputs/saber/openssl/workspace__openssl-bc__bc__crypto__evp__libcrypto-lib-keymgmt_lib.leak.stderr.txt	0.064
0	dfree	workspace/openssl-bc/bc/crypto/evp/libcrypto-lib-keymgmt_lib.bc	-	-	0.064
0	fileck	workspace/openssl-bc/bc/crypto/evp/libcrypto-lib-keymgmt_lib.bc	-	-	0.032
0	null-deref	workspace/openssl-bc/bc/crypto/evp/libcrypto-lib-keymgmt_lib.bc	-	outputs/saber/openssl/workspace__openssl-bc__bc__crypto__evp__libcrypto-lib-keymgmt_lib.null-deref.stderr.txt	0.064
0	leak	workspace/openssl-bc/bc/crypto/evp/libcrypto-lib-keymgmt_meth.bc	-	-	0.064
0	dfree	workspace/openssl-bc/bc/crypto/evp/libcrypto-lib-keymgmt_meth.bc	-	-	0.064
0	fileck	workspace/openssl-bc/bc/crypto/evp/libcrypto-lib-keymgmt_meth.bc	-	-	0.064
0	null-deref	workspace/openssl-bc/bc/crypto/evp/libcrypto-lib-keymgmt_meth.bc	-	-	0.064
0	leak	workspace/openssl-bc/bc/crypto/evp/libcrypto-lib-legacy_blake2.bc	-	-	0.016
0	dfree	workspace/openssl-bc/bc/crypto/evp/libcrypto-lib-legacy_blake2.bc	-	-	0.016
0	fileck	workspace/openssl-bc/bc/crypto/evp/libcrypto-lib-legacy_blake2.bc	-	-	0.016
0	null-deref	workspace/openssl-bc/bc/crypto/evp/libcrypto-lib-legacy_blake2.bc	-	-	0.016
0	leak	workspace/openssl-bc/bc/crypto/evp/libcrypto-lib-legacy_md4.bc	-	-	0.016
0	dfree	workspace/openssl-bc/bc/crypto/evp/libcrypto-lib-legacy_md4.bc	-	-	0.016
0	fileck	workspace/openssl-bc/bc/crypto/evp/libcrypto-lib-legacy_md4.bc	-	-	0.016
0	null-deref	workspace/openssl-bc/bc/crypto/evp/libcrypto-lib-legacy_md4.bc	-	-	0.016
0	leak	workspace/openssl-bc/bc/crypto/evp/libcrypto-lib-legacy_md5.bc	-	-	0.016
0	dfree	workspace/openssl-bc/bc/crypto/evp/libcrypto-lib-legacy_md5.bc	-	-	0.016
0	fileck	workspace/openssl-bc/bc/crypto/evp/libcrypto-lib-legacy_md5.bc	-	-	0.016
0	null-deref	workspace/openssl-bc/bc/crypto/evp/libcrypto-lib-legacy_md5.bc	-	-	0.016
0	leak	workspace/openssl-bc/bc/crypto/evp/libcrypto-lib-legacy_md5_sha1.bc	-	-	0.016
0	dfree	workspace/openssl-bc/bc/crypto/evp/libcrypto-lib-legacy_md5_sha1.bc	-	-	0.016
0	fileck	workspace/openssl-bc/bc/crypto/evp/libcrypto-lib-legacy_md5_sha1.bc	-	-	0.016
0	null-deref	workspace/openssl-bc/bc/crypto/evp/libcrypto-lib-legacy_md5_sha1.bc	-	-	0.016
0	leak	workspace/openssl-bc/bc/crypto/evp/libcrypto-lib-legacy_mdc2.bc	-	-	0.016
0	dfree	workspace/openssl-bc/bc/crypto/evp/libcrypto-lib-legacy_mdc2.bc	-	-	0.016
0	fileck	workspace/openssl-bc/bc/crypto/evp/libcrypto-lib-legacy_mdc2.bc	-	-	0.016
0	null-deref	workspace/openssl-bc/bc/crypto/evp/libcrypto-lib-legacy_mdc2.bc	-	-	0.016
0	leak	workspace/openssl-bc/bc/crypto/evp/libcrypto-lib-legacy_ripemd.bc	-	-	0.016
0	dfree	workspace/openssl-bc/bc/crypto/evp/libcrypto-lib-legacy_ripemd.bc	-	-	0.016
0	fileck	workspace/openssl-bc/bc/crypto/evp/libcrypto-lib-legacy_ripemd.bc	-	-	0.016
0	null-deref	workspace/openssl-bc/bc/crypto/evp/libcrypto-lib-legacy_ripemd.bc	-	-	0.016
0	leak	workspace/openssl-bc/bc/crypto/evp/libcrypto-lib-legacy_sha.bc	-	-	0.016
0	dfree	workspace/openssl-bc/bc/crypto/evp/libcrypto-lib-legacy_sha.bc	-	-	0.016
0	fileck	workspace/openssl-bc/bc/crypto/evp/libcrypto-lib-legacy_sha.bc	-	-	0.016
0	null-deref	workspace/openssl-bc/bc/crypto/evp/libcrypto-lib-legacy_sha.bc	-	-	0.016
0	leak	workspace/openssl-bc/bc/crypto/evp/libcrypto-lib-legacy_wp.bc	-	-	0.016
0	dfree	workspace/openssl-bc/bc/crypto/evp/libcrypto-lib-legacy_wp.bc	-	-	0.016
0	fileck	workspace/openssl-bc/bc/crypto/evp/libcrypto-lib-legacy_wp.bc	-	-	0.016
0	null-deref	workspace/openssl-bc/bc/crypto/evp/libcrypto-lib-legacy_wp.bc	-	-	0.016
0	leak	workspace/openssl-bc/bc/crypto/evp/libcrypto-lib-m_null.bc	-	-	0.016
0	dfree	workspace/openssl-bc/bc/crypto/evp/libcrypto-lib-m_null.bc	-	-	0.016
0	fileck	workspace/openssl-bc/bc/crypto/evp/libcrypto-lib-m_null.bc	-	-	0.016
0	null-deref	workspace/openssl-bc/bc/crypto/evp/libcrypto-lib-m_null.bc	-	-	0.016
0	leak	workspace/openssl-bc/bc/crypto/evp/libcrypto-lib-m_sigver.bc	-	outputs/saber/openssl/workspace__openssl-bc__bc__crypto__evp__libcrypto-lib-m_sigver.leak.stderr.txt	0.064
0	dfree	workspace/openssl-bc/bc/crypto/evp/libcrypto-lib-m_sigver.bc	-	-	0.064
0	fileck	workspace/openssl-bc/bc/crypto/evp/libcrypto-lib-m_sigver.bc	-	-	0.064
0	null-deref	workspace/openssl-bc/bc/crypto/evp/libcrypto-lib-m_sigver.bc	-	outputs/saber/openssl/workspace__openssl-bc__bc__crypto__evp__libcrypto-lib-m_sigver.null-deref.stderr.txt	0.064
0	leak	workspace/openssl-bc/bc/crypto/evp/libcrypto-lib-mac_lib.bc	-	-	0.032
0	dfree	workspace/openssl-bc/bc/crypto/evp/libcrypto-lib-mac_lib.bc	-	-	0.032
0	fileck	workspace/openssl-bc/bc/crypto/evp/libcrypto-lib-mac_lib.bc	-	-	0.032
0	null-deref	workspace/openssl-bc/bc/crypto/evp/libcrypto-lib-mac_lib.bc	-	-	0.032
0	leak	workspace/openssl-bc/bc/crypto/evp/libcrypto-lib-mac_meth.bc	-	-	0.032
0	dfree	workspace/openssl-bc/bc/crypto/evp/libcrypto-lib-mac_meth.bc	-	-	0.032
0	fileck	workspace/openssl-bc/bc/crypto/evp/libcrypto-lib-mac_meth.bc	-	-	0.032
0	null-deref	workspace/openssl-bc/bc/crypto/evp/libcrypto-lib-mac_meth.bc	-	-	0.032
0	leak	workspace/openssl-bc/bc/crypto/evp/libcrypto-lib-names.bc	-	-	0.032
0	dfree	workspace/openssl-bc/bc/crypto/evp/libcrypto-lib-names.bc	-	-	0.032
0	fileck	workspace/openssl-bc/bc/crypto/evp/libcrypto-lib-names.bc	-	-	0.032
0	null-deref	workspace/openssl-bc/bc/crypto/evp/libcrypto-lib-names.bc	-	-	0.032
0	leak	workspace/openssl-bc/bc/crypto/evp/libcrypto-lib-p5_crpt.bc	-	-	0.032
0	dfree	workspace/openssl-bc/bc/crypto/evp/libcrypto-lib-p5_crpt.bc	-	-	0.032
0	fileck	workspace/openssl-bc/bc/crypto/evp/libcrypto-lib-p5_crpt.bc	-	-	0.032
0	null-deref	workspace/openssl-bc/bc/crypto/evp/libcrypto-lib-p5_crpt.bc	-	-	0.032
0	leak	workspace/openssl-bc/bc/crypto/evp/libcrypto-lib-p5_crpt2.bc	-	-	0.032
0	dfree	workspace/openssl-bc/bc/crypto/evp/libcrypto-lib-p5_crpt2.bc	-	-	0.032
0	fileck	workspace/openssl-bc/bc/crypto/evp/libcrypto-lib-p5_crpt2.bc	-	-	0.032
0	null-deref	workspace/openssl-bc/bc/crypto/evp/libcrypto-lib-p5_crpt2.bc	-	-	0.032
0	leak	workspace/openssl-bc/bc/crypto/evp/libcrypto-lib-p_dec.bc	-	-	0.016
0	dfree	workspace/openssl-bc/bc/crypto/evp/libcrypto-lib-p_dec.bc	-	-	0.016
0	fileck	workspace/openssl-bc/bc/crypto/evp/libcrypto-lib-p_dec.bc	-	-	0.016
0	null-deref	workspace/openssl-bc/bc/crypto/evp/libcrypto-lib-p_dec.bc	-	-	0.016
0	leak	workspace/openssl-bc/bc/crypto/evp/libcrypto-lib-p_enc.bc	-	-	0.016
0	dfree	workspace/openssl-bc/bc/crypto/evp/libcrypto-lib-p_enc.bc	-	-	0.016
0	fileck	workspace/openssl-bc/bc/crypto/evp/libcrypto-lib-p_enc.bc	-	-	0.016
0	null-deref	workspace/openssl-bc/bc/crypto/evp/libcrypto-lib-p_enc.bc	-	-	0.016
0	leak	workspace/openssl-bc/bc/crypto/evp/libcrypto-lib-p_legacy.bc	-	-	0.016
0	dfree	workspace/openssl-bc/bc/crypto/evp/libcrypto-lib-p_legacy.bc	-	-	0.016
0	fileck	workspace/openssl-bc/bc/crypto/evp/libcrypto-lib-p_legacy.bc	-	-	0.016
0	null-deref	workspace/openssl-bc/bc/crypto/evp/libcrypto-lib-p_legacy.bc	-	-	0.016
0	leak	workspace/openssl-bc/bc/crypto/evp/libcrypto-lib-p_lib.bc	-	outputs/saber/openssl/workspace__openssl-bc__bc__crypto__evp__libcrypto-lib-p_lib.leak.stderr.txt	0.164
0	dfree	workspace/openssl-bc/bc/crypto/evp/libcrypto-lib-p_lib.bc	-	outputs/saber/openssl/workspace__openssl-bc__bc__crypto__evp__libcrypto-lib-p_lib.dfree.stderr.txt	0.164
0	fileck	workspace/openssl-bc/bc/crypto/evp/libcrypto-lib-p_lib.bc	-	-	0.114
0	null-deref	workspace/openssl-bc/bc/crypto/evp/libcrypto-lib-p_lib.bc	-	outputs/saber/openssl/workspace__openssl-bc__bc__crypto__evp__libcrypto-lib-p_lib.null-deref.stderr.txt	0.164
0	leak	workspace/openssl-bc/bc/crypto/evp/libcrypto-lib-p_open.bc	-	-	0.016
0	dfree	workspace/openssl-bc/bc/crypto/evp/libcrypto-lib-p_open.bc	-	-	0.016
0	fileck	workspace/openssl-bc/bc/crypto/evp/libcrypto-lib-p_open.bc	-	-	0.016
0	null-deref	workspace/openssl-bc/bc/crypto/evp/libcrypto-lib-p_open.bc	-	-	0.016
0	leak	workspace/openssl-bc/bc/crypto/evp/libcrypto-lib-p_seal.bc	-	-	0.016
0	dfree	workspace/openssl-bc/bc/crypto/evp/libcrypto-lib-p_seal.bc	-	-	0.016
0	fileck	workspace/openssl-bc/bc/crypto/evp/libcrypto-lib-p_seal.bc	-	-	0.016
0	null-deref	workspace/openssl-bc/bc/crypto/evp/libcrypto-lib-p_seal.bc	-	-	0.016
0	leak	workspace/openssl-bc/bc/crypto/evp/libcrypto-lib-p_sign.bc	-	-	0.032
0	dfree	workspace/openssl-bc/bc/crypto/evp/libcrypto-lib-p_sign.bc	-	-	0.032
0	fileck	workspace/openssl-bc/bc/crypto/evp/libcrypto-lib-p_sign.bc	-	-	0.016
0	null-deref	workspace/openssl-bc/bc/crypto/evp/libcrypto-lib-p_sign.bc	-	-	0.032
0	leak	workspace/openssl-bc/bc/crypto/evp/libcrypto-lib-p_verify.bc	-	-	0.032
0	dfree	workspace/openssl-bc/bc/crypto/evp/libcrypto-lib-p_verify.bc	-	-	0.032
0	fileck	workspace/openssl-bc/bc/crypto/evp/libcrypto-lib-p_verify.bc	-	-	0.016
0	null-deref	workspace/openssl-bc/bc/crypto/evp/libcrypto-lib-p_verify.bc	-	-	0.032
0	leak	workspace/openssl-bc/bc/crypto/evp/libcrypto-lib-pbe_scrypt.bc	-	-	0.016
0	dfree	workspace/openssl-bc/bc/crypto/evp/libcrypto-lib-pbe_scrypt.bc	-	-	0.016
0	fileck	workspace/openssl-bc/bc/crypto/evp/libcrypto-lib-pbe_scrypt.bc	-	-	0.032
0	null-deref	workspace/openssl-bc/bc/crypto/evp/libcrypto-lib-pbe_scrypt.bc	-	-	0.032
0	leak	workspace/openssl-bc/bc/crypto/evp/libcrypto-lib-pmeth_check.bc	-	-	0.032
0	dfree	workspace/openssl-bc/bc/crypto/evp/libcrypto-lib-pmeth_check.bc	-	-	0.016
0	fileck	workspace/openssl-bc/bc/crypto/evp/libcrypto-lib-pmeth_check.bc	-	-	0.016
0	null-deref	workspace/openssl-bc/bc/crypto/evp/libcrypto-lib-pmeth_check.bc	-	-	0.016
0	leak	workspace/openssl-bc/bc/crypto/evp/libcrypto-lib-pmeth_gn.bc	-	outputs/saber/openssl/workspace__openssl-bc__bc__crypto__evp__libcrypto-lib-pmeth_gn.leak.stderr.txt	0.032
0	dfree	workspace/openssl-bc/bc/crypto/evp/libcrypto-lib-pmeth_gn.bc	-	-	0.032
0	fileck	workspace/openssl-bc/bc/crypto/evp/libcrypto-lib-pmeth_gn.bc	-	-	0.032
0	null-deref	workspace/openssl-bc/bc/crypto/evp/libcrypto-lib-pmeth_gn.bc	-	outputs/saber/openssl/workspace__openssl-bc__bc__crypto__evp__libcrypto-lib-pmeth_gn.null-deref.stderr.txt	0.032
0	leak	workspace/openssl-bc/bc/crypto/evp/libcrypto-lib-pmeth_lib.bc	-	-	0.114
0	dfree	workspace/openssl-bc/bc/crypto/evp/libcrypto-lib-pmeth_lib.bc	-	-	0.114
0	fileck	workspace/openssl-bc/bc/crypto/evp/libcrypto-lib-pmeth_lib.bc	-	-	0.114
0	null-deref	workspace/openssl-bc/bc/crypto/evp/libcrypto-lib-pmeth_lib.bc	-	-	0.073
0	leak	workspace/openssl-bc/bc/crypto/evp/libcrypto-lib-s_lib.bc	-	-	0.032
0	dfree	workspace/openssl-bc/bc/crypto/evp/libcrypto-lib-s_lib.bc	-	-	0.032
0	fileck	workspace/openssl-bc/bc/crypto/evp/libcrypto-lib-s_lib.bc	-	-	0.032
0	null-deref	workspace/openssl-bc/bc/crypto/evp/libcrypto-lib-s_lib.bc	-	-	0.032
0	leak	workspace/openssl-bc/bc/crypto/evp/libcrypto-lib-signature.bc	-	-	0.064
0	dfree	workspace/openssl-bc/bc/crypto/evp/libcrypto-lib-signature.bc	-	-	0.064
0	fileck	workspace/openssl-bc/bc/crypto/evp/libcrypto-lib-signature.bc	-	-	0.064
0	null-deref	workspace/openssl-bc/bc/crypto/evp/libcrypto-lib-signature.bc	-	-	0.064
0	leak	workspace/openssl-bc/bc/crypto/evp/libcrypto-lib-skeymgmt_meth.bc	-	-	0.032
0	dfree	workspace/openssl-bc/bc/crypto/evp/libcrypto-lib-skeymgmt_meth.bc	-	-	0.032
0	fileck	workspace/openssl-bc/bc/crypto/evp/libcrypto-lib-skeymgmt_meth.bc	-	-	0.032
0	null-deref	workspace/openssl-bc/bc/crypto/evp/libcrypto-lib-skeymgmt_meth.bc	-	-	0.032
0	leak	workspace/openssl-bc/bc/crypto/ffc/libcrypto-lib-ffc_backend.bc	-	-	0.016
0	dfree	workspace/openssl-bc/bc/crypto/ffc/libcrypto-lib-ffc_backend.bc	-	-	0.016
0	fileck	workspace/openssl-bc/bc/crypto/ffc/libcrypto-lib-ffc_backend.bc	-	-	0.016
0	null-deref	workspace/openssl-bc/bc/crypto/ffc/libcrypto-lib-ffc_backend.bc	-	-	0.016
0	leak	workspace/openssl-bc/bc/crypto/ffc/libcrypto-lib-ffc_dh.bc	-	-	0.016
0	dfree	workspace/openssl-bc/bc/crypto/ffc/libcrypto-lib-ffc_dh.bc	-	-	0.016
0	fileck	workspace/openssl-bc/bc/crypto/ffc/libcrypto-lib-ffc_dh.bc	-	-	0.016
0	null-deref	workspace/openssl-bc/bc/crypto/ffc/libcrypto-lib-ffc_dh.bc	-	-	0.016
0	leak	workspace/openssl-bc/bc/crypto/ffc/libcrypto-lib-ffc_key_generate.bc	-	-	0.016
0	dfree	workspace/openssl-bc/bc/crypto/ffc/libcrypto-lib-ffc_key_generate.bc	-	-	0.016
0	fileck	workspace/openssl-bc/bc/crypto/ffc/libcrypto-lib-ffc_key_generate.bc	-	-	0.016
0	null-deref	workspace/openssl-bc/bc/crypto/ffc/libcrypto-lib-ffc_key_generate.bc	-	-	0.016
0	leak	workspace/openssl-bc/bc/crypto/ffc/libcrypto-lib-ffc_key_validate.bc	-	-	0.016
0	dfree	workspace/openssl-bc/bc/crypto/ffc/libcrypto-lib-ffc_key_validate.bc	-	-	0.016
0	fileck	workspace/openssl-bc/bc/crypto/ffc/libcrypto-lib-ffc_key_validate.bc	-	-	0.016
0	null-deref	workspace/openssl-bc/bc/crypto/ffc/libcrypto-lib-ffc_key_validate.bc	-	-	0.016
0	leak	workspace/openssl-bc/bc/crypto/ffc/libcrypto-lib-ffc_params.bc	-	-	0.032
0	dfree	workspace/openssl-bc/bc/crypto/ffc/libcrypto-lib-ffc_params.bc	-	-	0.032
0	fileck	workspace/openssl-bc/bc/crypto/ffc/libcrypto-lib-ffc_params.bc	-	-	0.032
0	null-deref	workspace/openssl-bc/bc/crypto/ffc/libcrypto-lib-ffc_params.bc	-	-	0.032
0	leak	workspace/openssl-bc/bc/crypto/ffc/libcrypto-lib-ffc_params_generate.bc	-	outputs/saber/openssl/workspace__openssl-bc__bc__crypto__ffc__libcrypto-lib-ffc_params_generate.leak.stderr.txt	0.114
0	dfree	workspace/openssl-bc/bc/crypto/ffc/libcrypto-lib-ffc_params_generate.bc	-	-	0.114
0	fileck	workspace/openssl-bc/bc/crypto/ffc/libcrypto-lib-ffc_params_generate.bc	-	-	0.064
0	null-deref	workspace/openssl-bc/bc/crypto/ffc/libcrypto-lib-ffc_params_generate.bc	-	outputs/saber/openssl/workspace__openssl-bc__bc__crypto__ffc__libcrypto-lib-ffc_params_generate.null-deref.stderr.txt	0.114
0	leak	workspace/openssl-bc/bc/crypto/ffc/libcrypto-lib-ffc_params_validate.bc	-	-	0.032
0	dfree	workspace/openssl-bc/bc/crypto/ffc/libcrypto-lib-ffc_params_validate.bc	-	-	0.032
0	fileck	workspace/openssl-bc/bc/crypto/ffc/libcrypto-lib-ffc_params_validate.bc	-	-	0.032
0	null-deref	workspace/openssl-bc/bc/crypto/ffc/libcrypto-lib-ffc_params_validate.bc	-	-	0.032
0	leak	workspace/openssl-bc/bc/crypto/hashtable/libcrypto-lib-hashfunc.bc	-	-	0.016
0	dfree	workspace/openssl-bc/bc/crypto/hashtable/libcrypto-lib-hashfunc.bc	-	-	0.016
0	fileck	workspace/openssl-bc/bc/crypto/hashtable/libcrypto-lib-hashfunc.bc	-	-	0.016
0	null-deref	workspace/openssl-bc/bc/crypto/hashtable/libcrypto-lib-hashfunc.bc	-	-	0.016
0	leak	workspace/openssl-bc/bc/crypto/hashtable/libcrypto-lib-hashtable.bc	-	outputs/saber/openssl/workspace__openssl-bc__bc__crypto__hashtable__libcrypto-lib-hashtable.leak.stderr.txt	0.064
0	dfree	workspace/openssl-bc/bc/crypto/hashtable/libcrypto-lib-hashtable.bc	-	-	0.064
0	fileck	workspace/openssl-bc/bc/crypto/hashtable/libcrypto-lib-hashtable.bc	-	-	0.064
0	null-deref	workspace/openssl-bc/bc/crypto/hashtable/libcrypto-lib-hashtable.bc	-	outputs/saber/openssl/workspace__openssl-bc__bc__crypto__hashtable__libcrypto-lib-hashtable.null-deref.stderr.txt	0.064
0	leak	workspace/openssl-bc/bc/crypto/hmac/libcrypto-lib-hmac.bc	-	-	0.032
0	dfree	workspace/openssl-bc/bc/crypto/hmac/libcrypto-lib-hmac.bc	-	-	0.032
0	fileck	workspace/openssl-bc/bc/crypto/hmac/libcrypto-lib-hmac.bc	-	-	0.032
0	null-deref	workspace/openssl-bc/bc/crypto/hmac/libcrypto-lib-hmac.bc	-	-	0.032
0	leak	workspace/openssl-bc/bc/crypto/hpke/libcrypto-lib-hpke.bc	-	outputs/saber/openssl/workspace__openssl-bc__bc__crypto__hpke__libcrypto-lib-hpke.leak.stderr.txt	0.114
0	dfree	workspace/openssl-bc/bc/crypto/hpke/libcrypto-lib-hpke.bc	-	outputs/saber/openssl/workspace__openssl-bc__bc__crypto__hpke__libcrypto-lib-hpke.dfree.stderr.txt	0.115
0	fileck	workspace/openssl-bc/bc/crypto/hpke/libcrypto-lib-hpke.bc	-	-	0.115
0	null-deref	workspace/openssl-bc/bc/crypto/hpke/libcrypto-lib-hpke.bc	-	outputs/saber/openssl/workspace__openssl-bc__bc__crypto__hpke__libcrypto-lib-hpke.null-deref.stderr.txt	0.124
0	leak	workspace/openssl-bc/bc/crypto/hpke/libcrypto-lib-hpke_util.bc	-	-	0.032
0	dfree	workspace/openssl-bc/bc/crypto/hpke/libcrypto-lib-hpke_util.bc	-	-	0.032
0	fileck	workspace/openssl-bc/bc/crypto/hpke/libcrypto-lib-hpke_util.bc	-	-	0.032
0	null-deref	workspace/openssl-bc/bc/crypto/hpke/libcrypto-lib-hpke_util.bc	-	-	0.032
0	leak	workspace/openssl-bc/bc/crypto/http/libcrypto-lib-http_client.bc	-	outputs/saber/openssl/workspace__openssl-bc__bc__crypto__http__libcrypto-lib-http_client.leak.stderr.txt	0.114
0	dfree	workspace/openssl-bc/bc/crypto/http/libcrypto-lib-http_client.bc	-	-	0.114
0	fileck	workspace/openssl-bc/bc/crypto/http/libcrypto-lib-http_client.bc	-	-	0.114
0	null-deref	workspace/openssl-bc/bc/crypto/http/libcrypto-lib-http_client.bc	-	outputs/saber/openssl/workspace__openssl-bc__bc__crypto__http__libcrypto-lib-http_client.null-deref.stderr.txt	0.114
0	leak	workspace/openssl-bc/bc/crypto/http/libcrypto-lib-http_err.bc	-	-	0.016
0	dfree	workspace/openssl-bc/bc/crypto/http/libcrypto-lib-http_err.bc	-	-	0.016
0	fileck	workspace/openssl-bc/bc/crypto/http/libcrypto-lib-http_err.bc	-	-	0.016
0	null-deref	workspace/openssl-bc/bc/crypto/http/libcrypto-lib-http_err.bc	-	-	0.016
0	leak	workspace/openssl-bc/bc/crypto/http/libcrypto-lib-http_lib.bc	-	outputs/saber/openssl/workspace__openssl-bc__bc__crypto__http__libcrypto-lib-http_lib.leak.stderr.txt	0.032
0	dfree	workspace/openssl-bc/bc/crypto/http/libcrypto-lib-http_lib.bc	-	-	0.032
0	fileck	workspace/openssl-bc/bc/crypto/http/libcrypto-lib-http_lib.bc	-	-	0.032
0	null-deref	workspace/openssl-bc/bc/crypto/http/libcrypto-lib-http_lib.bc	-	outputs/saber/openssl/workspace__openssl-bc__bc__crypto__http__libcrypto-lib-http_lib.null-deref.stderr.txt	0.032
0	leak	workspace/openssl-bc/bc/crypto/idea/libcrypto-lib-i_cbc.bc	-	-	0.064
0	dfree	workspace/openssl-bc/bc/crypto/idea/libcrypto-lib-i_cbc.bc	-	-	0.064
0	fileck	workspace/openssl-bc/bc/crypto/idea/libcrypto-lib-i_cbc.bc	-	-	0.064
0	null-deref	workspace/openssl-bc/bc/crypto/idea/libcrypto-lib-i_cbc.bc	-	-	0.064
0	leak	workspace/openssl-bc/bc/crypto/idea/libcrypto-lib-i_cfb64.bc	-	-	0.032
0	dfree	workspace/openssl-bc/bc/crypto/idea/libcrypto-lib-i_cfb64.bc	-	-	0.016
0	fileck	workspace/openssl-bc/bc/crypto/idea/libcrypto-lib-i_cfb64.bc	-	-	0.016
0	null-deref	workspace/openssl-bc/bc/crypto/idea/libcrypto-lib-i_cfb64.bc	-	-	0.016
0	leak	workspace/openssl-bc/bc/crypto/idea/libcrypto-lib-i_ecb.bc	-	-	0.016
0	dfree	workspace/openssl-bc/bc/crypto/idea/libcrypto-lib-i_ecb.bc	-	-	0.016
0	fileck	workspace/openssl-bc/bc/crypto/idea/libcrypto-lib-i_ecb.bc	-	-	0.016
0	null-deref	workspace/openssl-bc/bc/crypto/idea/libcrypto-lib-i_ecb.bc	-	-	0.016
0	leak	workspace/openssl-bc/bc/crypto/idea/libcrypto-lib-i_ofb64.bc	-	-	0.016
0	dfree	workspace/openssl-bc/bc/crypto/idea/libcrypto-lib-i_ofb64.bc	-	-	0.016
0	fileck	workspace/openssl-bc/bc/crypto/idea/libcrypto-lib-i_ofb64.bc	-	-	0.016
0	null-deref	workspace/openssl-bc/bc/crypto/idea/libcrypto-lib-i_ofb64.bc	-	-	0.016
0	leak	workspace/openssl-bc/bc/crypto/idea/libcrypto-lib-i_skey.bc	-	-	0.032
0	dfree	workspace/openssl-bc/bc/crypto/idea/libcrypto-lib-i_skey.bc	-	-	0.032
0	fileck	workspace/openssl-bc/bc/crypto/idea/libcrypto-lib-i_skey.bc	-	-	0.032
0	null-deref	workspace/openssl-bc/bc/crypto/idea/libcrypto-lib-i_skey.bc	-	-	0.032
0	leak	workspace/openssl-bc/bc/crypto/kdf/libcrypto-lib-kdf_err.bc	-	-	0.016
0	dfree	workspace/openssl-bc/bc/crypto/kdf/libcrypto-lib-kdf_err.bc	-	-	0.016
0	fileck	workspace/openssl-bc/bc/crypto/kdf/libcrypto-lib-kdf_err.bc	-	-	0.016
0	null-deref	workspace/openssl-bc/bc/crypto/kdf/libcrypto-lib-kdf_err.bc	-	-	0.016
0	leak	workspace/openssl-bc/bc/crypto/lhash/libcrypto-lib-lh_stats.bc	-	-	0.016
0	dfree	workspace/openssl-bc/bc/crypto/lhash/libcrypto-lib-lh_stats.bc	-	-	0.016
0	fileck	workspace/openssl-bc/bc/crypto/lhash/libcrypto-lib-lh_stats.bc	-	-	0.032
0	null-deref	workspace/openssl-bc/bc/crypto/lhash/libcrypto-lib-lh_stats.bc	-	-	0.032
0	leak	workspace/openssl-bc/bc/crypto/lhash/libcrypto-lib-lhash.bc	-	outputs/saber/openssl/workspace__openssl-bc__bc__crypto__lhash__libcrypto-lib-lhash.leak.stderr.txt	0.032
0	dfree	workspace/openssl-bc/bc/crypto/lhash/libcrypto-lib-lhash.bc	-	-	0.032
0	fileck	workspace/openssl-bc/bc/crypto/lhash/libcrypto-lib-lhash.bc	-	-	0.032
0	null-deref	workspace/openssl-bc/bc/crypto/lhash/libcrypto-lib-lhash.bc	-	outputs/saber/openssl/workspace__openssl-bc__bc__crypto__lhash__libcrypto-lib-lhash.null-deref.stderr.txt	0.032
0	leak	workspace/openssl-bc/bc/crypto/libcrypto-lib-aligned_alloc.bc	-	-	0.016
0	dfree	workspace/openssl-bc/bc/crypto/libcrypto-lib-aligned_alloc.bc	-	-	0.016
0	fileck	workspace/openssl-bc/bc/crypto/libcrypto-lib-aligned_alloc.bc	-	-	0.016
0	null-deref	workspace/openssl-bc/bc/crypto/libcrypto-lib-aligned_alloc.bc	-	-	0.016
0	leak	workspace/openssl-bc/bc/crypto/libcrypto-lib-array_alloc.bc	-	-	0.032
0	dfree	workspace/openssl-bc/bc/crypto/libcrypto-lib-array_alloc.bc	-	-	0.032
0	fileck	workspace/openssl-bc/bc/crypto/libcrypto-lib-array_alloc.bc	-	-	0.032
0	null-deref	workspace/openssl-bc/bc/crypto/libcrypto-lib-array_alloc.bc	-	-	0.032
0	leak	workspace/openssl-bc/bc/crypto/libcrypto-lib-asn1_dsa.bc	-	-	0.032
0	dfree	workspace/openssl-bc/bc/crypto/libcrypto-lib-asn1_dsa.bc	-	-	0.032
0	fileck	workspace/openssl-bc/bc/crypto/libcrypto-lib-asn1_dsa.bc	-	-	0.032
0	null-deref	workspace/openssl-bc/bc/crypto/libcrypto-lib-asn1_dsa.bc	-	-	0.032
0	leak	workspace/openssl-bc/bc/crypto/libcrypto-lib-bsearch.bc	-	-	0.016
0	dfree	workspace/openssl-bc/bc/crypto/libcrypto-lib-bsearch.bc	-	-	0.016
0	fileck	workspace/openssl-bc/bc/crypto/libcrypto-lib-bsearch.bc	-	-	0.016
0	null-deref	workspace/openssl-bc/bc/crypto/libcrypto-lib-bsearch.bc	-	-	0.016
0	leak	workspace/openssl-bc/bc/crypto/libcrypto-lib-comp_methods.bc	-	-	0.016
0	dfree	workspace/openssl-bc/bc/crypto/libcrypto-lib-comp_methods.bc	-	-	0.016
0	fileck	workspace/openssl-bc/bc/crypto/libcrypto-lib-comp_methods.bc	-	-	0.016
0	null-deref	workspace/openssl-bc/bc/crypto/libcrypto-lib-comp_methods.bc	-	-	0.016
0	leak	workspace/openssl-bc/bc/crypto/libcrypto-lib-context.bc	-	-	0.365
0	dfree	workspace/openssl-bc/bc/crypto/libcrypto-lib-context.bc	-	outputs/saber/openssl/workspace__openssl-bc__bc__crypto__libcrypto-lib-context.dfree.stderr.txt	0.365
0	fileck	workspace/openssl-bc/bc/crypto/libcrypto-lib-context.bc	-	-	0.064
0	null-deref	workspace/openssl-bc/bc/crypto/libcrypto-lib-context.bc	-	-	0.365
0	leak	workspace/openssl-bc/bc/crypto/libcrypto-lib-core_algorithm.bc	-	-	0.032
0	dfree	workspace/openssl-bc/bc/crypto/libcrypto-lib-core_algorithm.bc	-	-	0.032
0	fileck	workspace/openssl-bc/bc/crypto/libcrypto-lib-core_algorithm.bc	-	-	0.032
0	null-deref	workspace/openssl-bc/bc/crypto/libcrypto-lib-core_algorithm.bc	-	-	0.032
0	leak	workspace/openssl-bc/bc/crypto/libcrypto-lib-core_fetch.bc	-	-	0.016
0	dfree	workspace/openssl-bc/bc/crypto/libcrypto-lib-core_fetch.bc	-	-	0.016
0	fileck	workspace/openssl-bc/bc/crypto/libcrypto-lib-core_fetch.bc	-	-	0.032
0	null-deref	workspace/openssl-bc/bc/crypto/libcrypto-lib-core_fetch.bc	-	-	0.032
0	leak	workspace/openssl-bc/bc/crypto/libcrypto-lib-core_namemap.bc	-	outputs/saber/openssl/workspace__openssl-bc__bc__crypto__libcrypto-lib-core_namemap.leak.stderr.txt	0.064
0	dfree	workspace/openssl-bc/bc/crypto/libcrypto-lib-core_namemap.bc	-	-	0.064
0	fileck	workspace/openssl-bc/bc/crypto/libcrypto-lib-core_namemap.bc	-	-	0.064
0	null-deref	workspace/openssl-bc/bc/crypto/libcrypto-lib-core_namemap.bc	-	outputs/saber/openssl/workspace__openssl-bc__bc__crypto__libcrypto-lib-core_namemap.null-deref.stderr.txt	0.064
0	leak	workspace/openssl-bc/bc/crypto/libcrypto-lib-cpt_err.bc	-	-	0.016
0	dfree	workspace/openssl-bc/bc/crypto/libcrypto-lib-cpt_err.bc	-	-	0.016
0	fileck	workspace/openssl-bc/bc/crypto/libcrypto-lib-cpt_err.bc	-	-	0.016
0	null-deref	workspace/openssl-bc/bc/crypto/libcrypto-lib-cpt_err.bc	-	-	0.016
0	leak	workspace/openssl-bc/bc/crypto/libcrypto-lib-cpuid.bc	-	-	0.016
0	dfree	workspace/openssl-bc/bc/crypto/libcrypto-lib-cpuid.bc	-	-	0.016
0	fileck	workspace/openssl-bc/bc/crypto/libcrypto-lib-cpuid.bc	-	-	0.016
0	null-deref	workspace/openssl-bc/bc/crypto/libcrypto-lib-cpuid.bc	-	-	0.016
0	leak	workspace/openssl-bc/bc/crypto/libcrypto-lib-cryptlib.bc	-	-	0.016
0	dfree	workspace/openssl-bc/bc/crypto/libcrypto-lib-cryptlib.bc	-	-	0.016
0	fileck	workspace/openssl-bc/bc/crypto/libcrypto-lib-cryptlib.bc	-	-	0.016
0	null-deref	workspace/openssl-bc/bc/crypto/libcrypto-lib-cryptlib.bc	-	-	0.016
0	leak	workspace/openssl-bc/bc/crypto/libcrypto-lib-ctype.bc	-	-	0.016
0	dfree	workspace/openssl-bc/bc/crypto/libcrypto-lib-ctype.bc	-	-	0.016
0	fileck	workspace/openssl-bc/bc/crypto/libcrypto-lib-ctype.bc	-	-	0.016
0	null-deref	workspace/openssl-bc/bc/crypto/libcrypto-lib-ctype.bc	-	-	0.016
0	leak	workspace/openssl-bc/bc/crypto/libcrypto-lib-cversion.bc	-	-	0.016
0	dfree	workspace/openssl-bc/bc/crypto/libcrypto-lib-cversion.bc	-	-	0.016
0	fileck	workspace/openssl-bc/bc/crypto/libcrypto-lib-cversion.bc	-	-	0.016
0	null-deref	workspace/openssl-bc/bc/crypto/libcrypto-lib-cversion.bc	-	-	0.016
0	leak	workspace/openssl-bc/bc/crypto/libcrypto-lib-defaults.bc	-	-	0.016
0	dfree	workspace/openssl-bc/bc/crypto/libcrypto-lib-defaults.bc	-	-	0.016
0	fileck	workspace/openssl-bc/bc/crypto/libcrypto-lib-defaults.bc	-	-	0.016
0	null-deref	workspace/openssl-bc/bc/crypto/libcrypto-lib-defaults.bc	-	-	0.016
0	leak	workspace/openssl-bc/bc/crypto/libcrypto-lib-der_writer.bc	-	-	0.032
0	dfree	workspace/openssl-bc/bc/crypto/libcrypto-lib-der_writer.bc	-	-	0.032
0	fileck	workspace/openssl-bc/bc/crypto/libcrypto-lib-der_writer.bc	-	-	0.032
0	null-deref	workspace/openssl-bc/bc/crypto/libcrypto-lib-der_writer.bc	-	-	0.032
0	leak	workspace/openssl-bc/bc/crypto/libcrypto-lib-deterministic_nonce.bc	-	-	0.032
0	dfree	workspace/openssl-bc/bc/crypto/libcrypto-lib-deterministic_nonce.bc	-	-	0.032
0	fileck	workspace/openssl-bc/bc/crypto/libcrypto-lib-deterministic_nonce.bc	-	-	0.032
0	null-deref	workspace/openssl-bc/bc/crypto/libcrypto-lib-deterministic_nonce.bc	-	-	0.032
0	leak	workspace/openssl-bc/bc/crypto/libcrypto-lib-ebcdic.bc	-	-	0.016
0	dfree	workspace/openssl-bc/bc/crypto/libcrypto-lib-ebcdic.bc	-	-	0.016
0	fileck	workspace/openssl-bc/bc/crypto/libcrypto-lib-ebcdic.bc	-	-	0.016
0	null-deref	workspace/openssl-bc/bc/crypto/libcrypto-lib-ebcdic.bc	-	-	0.016
0	leak	workspace/openssl-bc/bc/crypto/libcrypto-lib-ex_data.bc	-	outputs/saber/openssl/workspace__openssl-bc__bc__crypto__libcrypto-lib-ex_data.leak.stderr.txt	0.064
0	dfree	workspace/openssl-bc/bc/crypto/libcrypto-lib-ex_data.bc	-	-	0.064
0	fileck	workspace/openssl-bc/bc/crypto/libcrypto-lib-ex_data.bc	-	-	0.032
0	null-deref	workspace/openssl-bc/bc/crypto/libcrypto-lib-ex_data.bc	-	outputs/saber/openssl/workspace__openssl-bc__bc__crypto__libcrypto-lib-ex_data.null-deref.stderr.txt	0.064
0	leak	workspace/openssl-bc/bc/crypto/libcrypto-lib-getenv.bc	-	-	0.016
0	dfree	workspace/openssl-bc/bc/crypto/libcrypto-lib-getenv.bc	-	-	0.016
0	fileck	workspace/openssl-bc/bc/crypto/libcrypto-lib-getenv.bc	-	-	0.016
0	null-deref	workspace/openssl-bc/bc/crypto/libcrypto-lib-getenv.bc	-	-	0.016
0	leak	workspace/openssl-bc/bc/crypto/libcrypto-lib-indicator_core.bc	-	-	0.016
0	dfree	workspace/openssl-bc/bc/crypto/libcrypto-lib-indicator_core.bc	-	-	0.016
0	fileck	workspace/openssl-bc/bc/crypto/libcrypto-lib-indicator_core.bc	-	-	0.016
0	null-deref	workspace/openssl-bc/bc/crypto/libcrypto-lib-indicator_core.bc	-	-	0.016
0	leak	workspace/openssl-bc/bc/crypto/libcrypto-lib-info.bc	-	-	0.016
0	dfree	workspace/openssl-bc/bc/crypto/libcrypto-lib-info.bc	-	-	0.016
0	fileck	workspace/openssl-bc/bc/crypto/libcrypto-lib-info.bc	-	-	0.016
0	null-deref	workspace/openssl-bc/bc/crypto/libcrypto-lib-info.bc	-	-	0.016
0	leak	workspace/openssl-bc/bc/crypto/libcrypto-lib-init.bc	-	-	0.032
0	dfree	workspace/openssl-bc/bc/crypto/libcrypto-lib-init.bc	-	-	0.032
0	fileck	workspace/openssl-bc/bc/crypto/libcrypto-lib-init.bc	-	-	0.032
0	null-deref	workspace/openssl-bc/bc/crypto/libcrypto-lib-init.bc	-	-	0.032
0	leak	workspace/openssl-bc/bc/crypto/libcrypto-lib-initthread.bc	-	-	0.032
0	dfree	workspace/openssl-bc/bc/crypto/libcrypto-lib-initthread.bc	-	-	0.032
0	fileck	workspace/openssl-bc/bc/crypto/libcrypto-lib-initthread.bc	-	-	0.032
0	null-deref	workspace/openssl-bc/bc/crypto/libcrypto-lib-initthread.bc	-	-	0.032
0	leak	workspace/openssl-bc/bc/crypto/libcrypto-lib-mem.bc	-	outputs/saber/openssl/workspace__openssl-bc__bc__crypto__libcrypto-lib-mem.leak.stderr.txt	0.032
0	dfree	workspace/openssl-bc/bc/crypto/libcrypto-lib-mem.bc	-	-	0.032
0	fileck	workspace/openssl-bc/bc/crypto/libcrypto-lib-mem.bc	-	-	0.032
0	null-deref	workspace/openssl-bc/bc/crypto/libcrypto-lib-mem.bc	-	outputs/saber/openssl/workspace__openssl-bc__bc__crypto__libcrypto-lib-mem.null-deref.stderr.txt	0.032
0	leak	workspace/openssl-bc/bc/crypto/libcrypto-lib-mem_clr.bc	-	-	0.016
0	dfree	workspace/openssl-bc/bc/crypto/libcrypto-lib-mem_clr.bc	-	-	0.016
0	fileck	workspace/openssl-bc/bc/crypto/libcrypto-lib-mem_clr.bc	-	-	0.016
0	null-deref	workspace/openssl-bc/bc/crypto/libcrypto-lib-mem_clr.bc	-	-	0.016
0	leak	workspace/openssl-bc/bc/crypto/libcrypto-lib-mem_sec.bc	-	-	0.064
0	dfree	workspace/openssl-bc/bc/crypto/libcrypto-lib-mem_sec.bc	-	-	0.064
0	fileck	workspace/openssl-bc/bc/crypto/libcrypto-lib-mem_sec.bc	-	-	0.064
0	null-deref	workspace/openssl-bc/bc/crypto/libcrypto-lib-mem_sec.bc	-	-	0.064
0	leak	workspace/openssl-bc/bc/crypto/libcrypto-lib-o_dir.bc	-	-	0.016
0	dfree	workspace/openssl-bc/bc/crypto/libcrypto-lib-o_dir.bc	-	-	0.016
0	fileck	workspace/openssl-bc/bc/crypto/libcrypto-lib-o_dir.bc	-	-	0.016
0	null-deref	workspace/openssl-bc/bc/crypto/libcrypto-lib-o_dir.bc	-	-	0.016
0	leak	workspace/openssl-bc/bc/crypto/libcrypto-lib-o_fopen.bc	-	-	0.016
0	dfree	workspace/openssl-bc/bc/crypto/libcrypto-lib-o_fopen.bc	-	-	0.016
0	fileck	workspace/openssl-bc/bc/crypto/libcrypto-lib-o_fopen.bc	-	-	0.016
0	null-deref	workspace/openssl-bc/bc/crypto/libcrypto-lib-o_fopen.bc	-	-	0.016
0	leak	workspace/openssl-bc/bc/crypto/libcrypto-lib-o_init.bc	-	-	0.016
0	dfree	workspace/openssl-bc/bc/crypto/libcrypto-lib-o_init.bc	-	-	0.016
0	fileck	workspace/openssl-bc/bc/crypto/libcrypto-lib-o_init.bc	-	-	0.016
0	null-deref	workspace/openssl-bc/bc/crypto/libcrypto-lib-o_init.bc	-	-	0.016
0	leak	workspace/openssl-bc/bc/crypto/libcrypto-lib-o_str.bc	-	-	0.032
0	dfree	workspace/openssl-bc/bc/crypto/libcrypto-lib-o_str.bc	-	-	0.032
0	fileck	workspace/openssl-bc/bc/crypto/libcrypto-lib-o_str.bc	-	-	0.032
0	null-deref	workspace/openssl-bc/bc/crypto/libcrypto-lib-o_str.bc	-	-	0.032
0	leak	workspace/openssl-bc/bc/crypto/libcrypto-lib-packet.bc	-	-	0.032
0	dfree	workspace/openssl-bc/bc/crypto/libcrypto-lib-packet.bc	-	-	0.064
0	fileck	workspace/openssl-bc/bc/crypto/libcrypto-lib-packet.bc	-	-	0.033
0	null-deref	workspace/openssl-bc/bc/crypto/libcrypto-lib-packet.bc	-	-	0.032
0	leak	workspace/openssl-bc/bc/crypto/libcrypto-lib-param_build.bc	-	-	0.032
0	dfree	workspace/openssl-bc/bc/crypto/libcrypto-lib-param_build.bc	-	-	0.064
0	fileck	workspace/openssl-bc/bc/crypto/libcrypto-lib-param_build.bc	-	-	0.064
0	null-deref	workspace/openssl-bc/bc/crypto/libcrypto-lib-param_build.bc	-	-	0.064
0	leak	workspace/openssl-bc/bc/crypto/libcrypto-lib-param_build_set.bc	-	-	0.032
0	dfree	workspace/openssl-bc/bc/crypto/libcrypto-lib-param_build_set.bc	-	-	0.032
0	fileck	workspace/openssl-bc/bc/crypto/libcrypto-lib-param_build_set.bc	-	-	0.032
0	null-deref	workspace/openssl-bc/bc/crypto/libcrypto-lib-param_build_set.bc	-	-	0.032
0	leak	workspace/openssl-bc/bc/crypto/libcrypto-lib-params.bc	-	outputs/saber/openssl/workspace__openssl-bc__bc__crypto__libcrypto-lib-params.leak.stderr.txt	0.114
0	dfree	workspace/openssl-bc/bc/crypto/libcrypto-lib-params.bc	-	-	0.114
0	fileck	workspace/openssl-bc/bc/crypto/libcrypto-lib-params.bc	-	-	0.115
0	null-deref	workspace/openssl-bc/bc/crypto/libcrypto-lib-params.bc	-	outputs/saber/openssl/workspace__openssl-bc__bc__crypto__libcrypto-lib-params.null-deref.stderr.txt	0.121
0	leak	workspace/openssl-bc/bc/crypto/libcrypto-lib-params_dup.bc	-	-	0.032
0	dfree	workspace/openssl-bc/bc/crypto/libcrypto-lib-params_dup.bc	-	-	0.032
0	fileck	workspace/openssl-bc/bc/crypto/libcrypto-lib-params_dup.bc	-	-	0.032
0	null-deref	workspace/openssl-bc/bc/crypto/libcrypto-lib-params_dup.bc	-	-	0.032
0	leak	workspace/openssl-bc/bc/crypto/libcrypto-lib-params_from_text.bc	-	-	0.032
0	dfree	workspace/openssl-bc/bc/crypto/libcrypto-lib-params_from_text.bc	-	-	0.032
0	fileck	workspace/openssl-bc/bc/crypto/libcrypto-lib-params_from_text.bc	-	-	0.032
0	null-deref	workspace/openssl-bc/bc/crypto/libcrypto-lib-params_from_text.bc	-	-	0.033
0	leak	workspace/openssl-bc/bc/crypto/libcrypto-lib-passphrase.bc	-	outputs/saber/openssl/workspace__openssl-bc__bc__crypto__libcrypto-lib-passphrase.leak.stderr.txt	0.032
0	dfree	workspace/openssl-bc/bc/crypto/libcrypto-lib-passphrase.bc	-	-	0.032
0	fileck	workspace/openssl-bc/bc/crypto/libcrypto-lib-passphrase.bc	-	-	0.032
0	null-deref	workspace/openssl-bc/bc/crypto/libcrypto-lib-passphrase.bc	-	outputs/saber/openssl/workspace__openssl-bc__bc__crypto__libcrypto-lib-passphrase.null-deref.stderr.txt	0.032
0	leak	workspace/openssl-bc/bc/crypto/libcrypto-lib-provider.bc	-	-	0.032
0	dfree	workspace/openssl-bc/bc/crypto/libcrypto-lib-provider.bc	-	-	0.032
0	fileck	workspace/openssl-bc/bc/crypto/libcrypto-lib-provider.bc	-	-	0.032
0	null-deref	workspace/openssl-bc/bc/crypto/libcrypto-lib-provider.bc	-	-	0.016
0	leak	workspace/openssl-bc/bc/crypto/libcrypto-lib-provider_child.bc	-	-	0.032
0	dfree	workspace/openssl-bc/bc/crypto/libcrypto-lib-provider_child.bc	-	-	0.032
0	fileck	workspace/openssl-bc/bc/crypto/libcrypto-lib-provider_child.bc	-	-	0.032
0	null-deref	workspace/openssl-bc/bc/crypto/libcrypto-lib-provider_child.bc	-	-	0.032
0	leak	workspace/openssl-bc/bc/crypto/libcrypto-lib-provider_conf.bc	-	-	0.032
0	dfree	workspace/openssl-bc/bc/crypto/libcrypto-lib-provider_conf.bc	-	-	0.032
0	fileck	workspace/openssl-bc/bc/crypto/libcrypto-lib-provider_conf.bc	-	-	0.032
0	null-deref	workspace/openssl-bc/bc/crypto/libcrypto-lib-provider_conf.bc	-	-	0.032
0	leak	workspace/openssl-bc/bc/crypto/libcrypto-lib-provider_core.bc	-	outputs/saber/openssl/workspace__openssl-bc__bc__crypto__libcrypto-lib-provider_core.leak.stderr.txt	0.114
0	dfree	workspace/openssl-bc/bc/crypto/libcrypto-lib-provider_core.bc	-	-	0.115
0	fileck	workspace/openssl-bc/bc/crypto/libcrypto-lib-provider_core.bc	-	-	0.114
0	null-deref	workspace/openssl-bc/bc/crypto/libcrypto-lib-provider_core.bc	-	outputs/saber/openssl/workspace__openssl-bc__bc__crypto__libcrypto-lib-provider_core.null-deref.stderr.txt	0.115
0	leak	workspace/openssl-bc/bc/crypto/libcrypto-lib-provider_predefined.bc	-	-	0.016
0	dfree	workspace/openssl-bc/bc/crypto/libcrypto-lib-provider_predefined.bc	-	-	0.016
0	fileck	workspace/openssl-bc/bc/crypto/libcrypto-lib-provider_predefined.bc	-	-	0.016
0	null-deref	workspace/openssl-bc/bc/crypto/libcrypto-lib-provider_predefined.bc	-	-	0.016
0	leak	workspace/openssl-bc/bc/crypto/libcrypto-lib-punycode.bc	-	-	0.032
0	dfree	workspace/openssl-bc/bc/crypto/libcrypto-lib-punycode.bc	-	-	0.032
0	fileck	workspace/openssl-bc/bc/crypto/libcrypto-lib-punycode.bc	-	-	0.032
0	null-deref	workspace/openssl-bc/bc/crypto/libcrypto-lib-punycode.bc	-	-	0.032
0	leak	workspace/openssl-bc/bc/crypto/libcrypto-lib-quic_vlint.bc	-	-	0.016
0	dfree	workspace/openssl-bc/bc/crypto/libcrypto-lib-quic_vlint.bc	-	-	0.016
0	fileck	workspace/openssl-bc/bc/crypto/libcrypto-lib-quic_vlint.bc	-	-	0.016
0	null-deref	workspace/openssl-bc/bc/crypto/libcrypto-lib-quic_vlint.bc	-	-	0.016
0	leak	workspace/openssl-bc/bc/crypto/libcrypto-lib-self_test_core.bc	-	-	0.032
0	dfree	workspace/openssl-bc/bc/crypto/libcrypto-lib-self_test_core.bc	-	-	0.032
0	fileck	workspace/openssl-bc/bc/crypto/libcrypto-lib-self_test_core.bc	-	-	0.032
0	null-deref	workspace/openssl-bc/bc/crypto/libcrypto-lib-self_test_core.bc	-	-	0.032
0	leak	workspace/openssl-bc/bc/crypto/libcrypto-lib-sleep.bc	-	-	0.016
0	dfree	workspace/openssl-bc/bc/crypto/libcrypto-lib-sleep.bc	-	-	0.016
0	fileck	workspace/openssl-bc/bc/crypto/libcrypto-lib-sleep.bc	-	-	0.016
0	null-deref	workspace/openssl-bc/bc/crypto/libcrypto-lib-sleep.bc	-	-	0.016
0	leak	workspace/openssl-bc/bc/crypto/libcrypto-lib-sparse_array.bc	-	-	0.032
0	dfree	workspace/openssl-bc/bc/crypto/libcrypto-lib-sparse_array.bc	-	-	0.032
0	fileck	workspace/openssl-bc/bc/crypto/libcrypto-lib-sparse_array.bc	-	-	0.032
0	null-deref	workspace/openssl-bc/bc/crypto/libcrypto-lib-sparse_array.bc	-	-	0.032
0	leak	workspace/openssl-bc/bc/crypto/libcrypto-lib-ssl_err.bc	-	-	0.064
0	dfree	workspace/openssl-bc/bc/crypto/libcrypto-lib-ssl_err.bc	-	-	0.064
0	fileck	workspace/openssl-bc/bc/crypto/libcrypto-lib-ssl_err.bc	-	-	0.064
0	null-deref	workspace/openssl-bc/bc/crypto/libcrypto-lib-ssl_err.bc	-	-	0.064
0	leak	workspace/openssl-bc/bc/crypto/libcrypto-lib-threads_common.bc	-	-	0.032
0	dfree	workspace/openssl-bc/bc/crypto/libcrypto-lib-threads_common.bc	-	-	0.032
0	fileck	workspace/openssl-bc/bc/crypto/libcrypto-lib-threads_common.bc	-	-	0.016
0	null-deref	workspace/openssl-bc/bc/crypto/libcrypto-lib-threads_common.bc	-	-	0.016
0	leak	workspace/openssl-bc/bc/crypto/libcrypto-lib-threads_lib.bc	-	-	0.016
0	dfree	workspace/openssl-bc/bc/crypto/libcrypto-lib-threads_lib.bc	-	-	0.016
0	fileck	workspace/openssl-bc/bc/crypto/libcrypto-lib-threads_lib.bc	-	-	0.016
0	null-deref	workspace/openssl-bc/bc/crypto/libcrypto-lib-threads_lib.bc	-	-	0.016
0	leak	workspace/openssl-bc/bc/crypto/libcrypto-lib-threads_none.bc	-	-	0.016
0	dfree	workspace/openssl-bc/bc/crypto/libcrypto-lib-threads_none.bc	-	-	0.016
0	fileck	workspace/openssl-bc/bc/crypto/libcrypto-lib-threads_none.bc	-	-	0.016
0	null-deref	workspace/openssl-bc/bc/crypto/libcrypto-lib-threads_none.bc	-	-	0.016
0	leak	workspace/openssl-bc/bc/crypto/libcrypto-lib-threads_pthread.bc	-	-	0.032
0	dfree	workspace/openssl-bc/bc/crypto/libcrypto-lib-threads_pthread.bc	-	-	0.032
0	fileck	workspace/openssl-bc/bc/crypto/libcrypto-lib-threads_pthread.bc	-	-	0.032
0	null-deref	workspace/openssl-bc/bc/crypto/libcrypto-lib-threads_pthread.bc	-	-	0.032
0	leak	workspace/openssl-bc/bc/crypto/libcrypto-lib-threads_win.bc	-	-	0.016
0	dfree	workspace/openssl-bc/bc/crypto/libcrypto-lib-threads_win.bc	-	-	0.016
0	fileck	workspace/openssl-bc/bc/crypto/libcrypto-lib-threads_win.bc	-	-	0.016
0	null-deref	workspace/openssl-bc/bc/crypto/libcrypto-lib-threads_win.bc	-	-	0.016
0	leak	workspace/openssl-bc/bc/crypto/libcrypto-lib-time.bc	-	-	0.016
0	dfree	workspace/openssl-bc/bc/crypto/libcrypto-lib-time.bc	-	-	0.016
0	fileck	workspace/openssl-bc/bc/crypto/libcrypto-lib-time.bc	-	-	0.016
0	null-deref	workspace/openssl-bc/bc/crypto/libcrypto-lib-time.bc	-	-	0.016
0	leak	workspace/openssl-bc/bc/crypto/libcrypto-lib-trace.bc	-	-	0.032
0	dfree	workspace/openssl-bc/bc/crypto/libcrypto-lib-trace.bc	-	-	0.032
0	fileck	workspace/openssl-bc/bc/crypto/libcrypto-lib-trace.bc	-	-	0.032
0	null-deref	workspace/openssl-bc/bc/crypto/libcrypto-lib-trace.bc	-	-	0.032
0	leak	workspace/openssl-bc/bc/crypto/libcrypto-lib-uid.bc	-	-	0.016
0	dfree	workspace/openssl-bc/bc/crypto/libcrypto-lib-uid.bc	-	-	0.016
0	fileck	workspace/openssl-bc/bc/crypto/libcrypto-lib-uid.bc	-	-	0.016
0	null-deref	workspace/openssl-bc/bc/crypto/libcrypto-lib-uid.bc	-	-	0.016
0	leak	workspace/openssl-bc/bc/crypto/md4/libcrypto-lib-md4_dgst.bc	-	-	0.064
0	dfree	workspace/openssl-bc/bc/crypto/md4/libcrypto-lib-md4_dgst.bc	-	-	0.070
0	fileck	workspace/openssl-bc/bc/crypto/md4/libcrypto-lib-md4_dgst.bc	-	-	0.064
0	null-deref	workspace/openssl-bc/bc/crypto/md4/libcrypto-lib-md4_dgst.bc	-	-	0.064
0	leak	workspace/openssl-bc/bc/crypto/md4/libcrypto-lib-md4_one.bc	-	-	0.016
0	dfree	workspace/openssl-bc/bc/crypto/md4/libcrypto-lib-md4_one.bc	-	-	0.016
0	fileck	workspace/openssl-bc/bc/crypto/md4/libcrypto-lib-md4_one.bc	-	-	0.016
0	null-deref	workspace/openssl-bc/bc/crypto/md4/libcrypto-lib-md4_one.bc	-	-	0.016
0	leak	workspace/openssl-bc/bc/crypto/md5/libcrypto-lib-md5_dgst.bc	-	-	0.064
0	dfree	workspace/openssl-bc/bc/crypto/md5/libcrypto-lib-md5_dgst.bc	-	-	0.064
0	fileck	workspace/openssl-bc/bc/crypto/md5/libcrypto-lib-md5_dgst.bc	-	-	0.064
0	null-deref	workspace/openssl-bc/bc/crypto/md5/libcrypto-lib-md5_dgst.bc	-	-	0.064
0	leak	workspace/openssl-bc/bc/crypto/md5/libcrypto-lib-md5_one.bc	-	-	0.016
0	dfree	workspace/openssl-bc/bc/crypto/md5/libcrypto-lib-md5_one.bc	-	-	0.016
0	fileck	workspace/openssl-bc/bc/crypto/md5/libcrypto-lib-md5_one.bc	-	-	0.016
0	null-deref	workspace/openssl-bc/bc/crypto/md5/libcrypto-lib-md5_one.bc	-	-	0.016
0	leak	workspace/openssl-bc/bc/crypto/md5/libcrypto-lib-md5_sha1.bc	-	-	0.016
0	dfree	workspace/openssl-bc/bc/crypto/md5/libcrypto-lib-md5_sha1.bc	-	-	0.016
0	fileck	workspace/openssl-bc/bc/crypto/md5/libcrypto-lib-md5_sha1.bc	-	-	0.016
0	null-deref	workspace/openssl-bc/bc/crypto/md5/libcrypto-lib-md5_sha1.bc	-	-	0.016
0	leak	workspace/openssl-bc/bc/crypto/mdc2/libcrypto-lib-mdc2_one.bc	-	-	0.016
0	dfree	workspace/openssl-bc/bc/crypto/mdc2/libcrypto-lib-mdc2_one.bc	-	-	0.016
0	fileck	workspace/openssl-bc/bc/crypto/mdc2/libcrypto-lib-mdc2_one.bc	-	-	0.016
0	null-deref	workspace/openssl-bc/bc/crypto/mdc2/libcrypto-lib-mdc2_one.bc	-	-	0.016
0	leak	workspace/openssl-bc/bc/crypto/mdc2/libcrypto-lib-mdc2dgst.bc	-	-	0.032
0	dfree	workspace/openssl-bc/bc/crypto/mdc2/libcrypto-lib-mdc2dgst.bc	-	-	0.032
0	fileck	workspace/openssl-bc/bc/crypto/mdc2/libcrypto-lib-mdc2dgst.bc	-	-	0.032
0	null-deref	workspace/openssl-bc/bc/crypto/mdc2/libcrypto-lib-mdc2dgst.bc	-	-	0.032
0	leak	workspace/openssl-bc/bc/crypto/ml_dsa/libcrypto-lib-ml_dsa_encoders.bc	-	-	0.064
0	dfree	workspace/openssl-bc/bc/crypto/ml_dsa/libcrypto-lib-ml_dsa_encoders.bc	-	-	0.064
0	fileck	workspace/openssl-bc/bc/crypto/ml_dsa/libcrypto-lib-ml_dsa_encoders.bc	-	-	0.064
0	null-deref	workspace/openssl-bc/bc/crypto/ml_dsa/libcrypto-lib-ml_dsa_encoders.bc	-	-	0.066
0	leak	workspace/openssl-bc/bc/crypto/ml_dsa/libcrypto-lib-ml_dsa_key.bc	-	outputs/saber/openssl/workspace__openssl-bc__bc__crypto__ml_dsa__libcrypto-lib-ml_dsa_key.leak.stderr.txt	0.064
0	dfree	workspace/openssl-bc/bc/crypto/ml_dsa/libcrypto-lib-ml_dsa_key.bc	-	-	0.064
0	fileck	workspace/openssl-bc/bc/crypto/ml_dsa/libcrypto-lib-ml_dsa_key.bc	-	-	0.064
0	null-deref	workspace/openssl-bc/bc/crypto/ml_dsa/libcrypto-lib-ml_dsa_key.bc	-	outputs/saber/openssl/workspace__openssl-bc__bc__crypto__ml_dsa__libcrypto-lib-ml_dsa_key.null-deref.stderr.txt	0.070
0	leak	workspace/openssl-bc/bc/crypto/ml_dsa/libcrypto-lib-ml_dsa_key_compress.bc	-	-	0.018
0	dfree	workspace/openssl-bc/bc/crypto/ml_dsa/libcrypto-lib-ml_dsa_key_compress.bc	-	-	0.016
0	fileck	workspace/openssl-bc/bc/crypto/ml_dsa/libcrypto-lib-ml_dsa_key_compress.bc	-	-	0.016
0	null-deref	workspace/openssl-bc/bc/crypto/ml_dsa/libcrypto-lib-ml_dsa_key_compress.bc	-	-	0.016
0	leak	workspace/openssl-bc/bc/crypto/ml_dsa/libcrypto-lib-ml_dsa_matrix.bc	-	-	0.016
0	dfree	workspace/openssl-bc/bc/crypto/ml_dsa/libcrypto-lib-ml_dsa_matrix.bc	-	-	0.016
0	fileck	workspace/openssl-bc/bc/crypto/ml_dsa/libcrypto-lib-ml_dsa_matrix.bc	-	-	0.016
0	null-deref	workspace/openssl-bc/bc/crypto/ml_dsa/libcrypto-lib-ml_dsa_matrix.bc	-	-	0.016
0	leak	workspace/openssl-bc/bc/crypto/ml_dsa/libcrypto-lib-ml_dsa_ntt.bc	-	-	0.032
0	dfree	workspace/openssl-bc/bc/crypto/ml_dsa/libcrypto-lib-ml_dsa_ntt.bc	-	-	0.032
0	fileck	workspace/openssl-bc/bc/crypto/ml_dsa/libcrypto-lib-ml_dsa_ntt.bc	-	-	0.032
0	null-deref	workspace/openssl-bc/bc/crypto/ml_dsa/libcrypto-lib-ml_dsa_ntt.bc	-	-	0.032
0	leak	workspace/openssl-bc/bc/crypto/ml_dsa/libcrypto-lib-ml_dsa_params.bc	-	-	0.016
0	dfree	workspace/openssl-bc/bc/crypto/ml_dsa/libcrypto-lib-ml_dsa_params.bc	-	-	0.016
0	fileck	workspace/openssl-bc/bc/crypto/ml_dsa/libcrypto-lib-ml_dsa_params.bc	-	-	0.016
0	null-deref	workspace/openssl-bc/bc/crypto/ml_dsa/libcrypto-lib-ml_dsa_params.bc	-	-	0.016
0	leak	workspace/openssl-bc/bc/crypto/ml_dsa/libcrypto-lib-ml_dsa_sample.bc	-	-	0.032
0	dfree	workspace/openssl-bc/bc/crypto/ml_dsa/libcrypto-lib-ml_dsa_sample.bc	-	-	0.032
0	fileck	workspace/openssl-bc/bc/crypto/ml_dsa/libcrypto-lib-ml_dsa_sample.bc	-	-	0.032
0	null-deref	workspace/openssl-bc/bc/crypto/ml_dsa/libcrypto-lib-ml_dsa_sample.bc	-	-	0.032
0	leak	workspace/openssl-bc/bc/crypto/ml_dsa/libcrypto-lib-ml_dsa_sign.bc	-	-	0.064
0	dfree	workspace/openssl-bc/bc/crypto/ml_dsa/libcrypto-lib-ml_dsa_sign.bc	-	-	0.064
0	fileck	workspace/openssl-bc/bc/crypto/ml_dsa/libcrypto-lib-ml_dsa_sign.bc	-	-	0.064
0	null-deref	workspace/openssl-bc/bc/crypto/ml_dsa/libcrypto-lib-ml_dsa_sign.bc	-	-	0.064
0	leak	workspace/openssl-bc/bc/crypto/ml_kem/libcrypto-lib-ml_kem.bc	-	-	0.114
0	dfree	workspace/openssl-bc/bc/crypto/ml_kem/libcrypto-lib-ml_kem.bc	-	-	0.115
0	fileck	workspace/openssl-bc/bc/crypto/ml_kem/libcrypto-lib-ml_kem.bc	-	-	0.116
0	null-deref	workspace/openssl-bc/bc/crypto/ml_kem/libcrypto-lib-ml_kem.bc	-	-	0.115
0	leak	workspace/openssl-bc/bc/crypto/modes/libcrypto-lib-cbc128.bc	-	-	0.032
0	dfree	workspace/openssl-bc/bc/crypto/modes/libcrypto-lib-cbc128.bc	-	-	0.016
0	fileck	workspace/openssl-bc/bc/crypto/modes/libcrypto-lib-cbc128.bc	-	-	0.016
0	null-deref	workspace/openssl-bc/bc/crypto/modes/libcrypto-lib-cbc128.bc	-	-	0.016
0	leak	workspace/openssl-bc/bc/crypto/modes/libcrypto-lib-ccm128.bc	-	-	0.032
0	dfree	workspace/openssl-bc/bc/crypto/modes/libcrypto-lib-ccm128.bc	-	-	0.032
0	fileck	workspace/openssl-bc/bc/crypto/modes/libcrypto-lib-ccm128.bc	-	-	0.032
0	null-deref	workspace/openssl-bc/bc/crypto/modes/libcrypto-lib-ccm128.bc	-	-	0.032
0	leak	workspace/openssl-bc/bc/crypto/modes/libcrypto-lib-cfb128.bc	-	-	0.032
0	dfree	workspace/openssl-bc/bc/crypto/modes/libcrypto-lib-cfb128.bc	-	-	0.032
0	fileck	workspace/openssl-bc/bc/crypto/modes/libcrypto-lib-cfb128.bc	-	-	0.032
0	null-deref	workspace/openssl-bc/bc/crypto/modes/libcrypto-lib-cfb128.bc	-	-	0.032
0	leak	workspace/openssl-bc/bc/crypto/modes/libcrypto-lib-ctr128.bc	-	-	0.032
0	dfree	workspace/openssl-bc/bc/crypto/modes/libcrypto-lib-ctr128.bc	-	-	0.032
0	fileck	workspace/openssl-bc/bc/crypto/modes/libcrypto-lib-ctr128.bc	-	-	0.032
0	null-deref	workspace/openssl-bc/bc/crypto/modes/libcrypto-lib-ctr128.bc	-	-	0.032
0	leak	workspace/openssl-bc/bc/crypto/modes/libcrypto-lib-cts128.bc	-	-	0.032
0	dfree	workspace/openssl-bc/bc/crypto/modes/libcrypto-lib-cts128.bc	-	-	0.032
0	fileck	workspace/openssl-bc/bc/crypto/modes/libcrypto-lib-cts128.bc	-	-	0.032
0	null-deref	workspace/openssl-bc/bc/crypto/modes/libcrypto-lib-cts128.bc	-	-	0.032
0	leak	workspace/openssl-bc/bc/crypto/modes/libcrypto-lib-gcm128.bc	-	-	0.114
0	dfree	workspace/openssl-bc/bc/crypto/modes/libcrypto-lib-gcm128.bc	-	-	0.064
0	fileck	workspace/openssl-bc/bc/crypto/modes/libcrypto-lib-gcm128.bc	-	-	0.064
0	null-deref	workspace/openssl-bc/bc/crypto/modes/libcrypto-lib-gcm128.bc	-	-	0.064
0	leak	workspace/openssl-bc/bc/crypto/modes/libcrypto-lib-ocb128.bc	-	outputs/saber/openssl/workspace__openssl-bc__bc__crypto__modes__libcrypto-lib-ocb128.leak.stderr.txt	0.064
0	dfree	workspace/openssl-bc/bc/crypto/modes/libcrypto-lib-ocb128.bc	-	-	0.064
0	fileck	workspace/openssl-bc/bc/crypto/modes/libcrypto-lib-ocb128.bc	-	-	0.064
0	null-deref	workspace/openssl-bc/bc/crypto/modes/libcrypto-lib-ocb128.bc	-	outputs/saber/openssl/workspace__openssl-bc__bc__crypto__modes__libcrypto-lib-ocb128.null-deref.stderr.txt	0.064
0	leak	workspace/openssl-bc/bc/crypto/modes/libcrypto-lib-ofb128.bc	-	-	0.016
0	dfree	workspace/openssl-bc/bc/crypto/modes/libcrypto-lib-ofb128.bc	-	-	0.016
0	fileck	workspace/openssl-bc/bc/crypto/modes/libcrypto-lib-ofb128.bc	-	-	0.016
0	null-deref	workspace/openssl-bc/bc/crypto/modes/libcrypto-lib-ofb128.bc	-	-	0.016
0	leak	workspace/openssl-bc/bc/crypto/modes/libcrypto-lib-siv128.bc	-	-	0.032
0	dfree	workspace/openssl-bc/bc/crypto/modes/libcrypto-lib-siv128.bc	-	-	0.032
0	fileck	workspace/openssl-bc/bc/crypto/modes/libcrypto-lib-siv128.bc	-	-	0.032
0	null-deref	workspace/openssl-bc/bc/crypto/modes/libcrypto-lib-siv128.bc	-	-	0.032
0	leak	workspace/openssl-bc/bc/crypto/modes/libcrypto-lib-wrap128.bc	-	-	0.032
0	dfree	workspace/openssl-bc/bc/crypto/modes/libcrypto-lib-wrap128.bc	-	-	0.032
0	fileck	workspace/openssl-bc/bc/crypto/modes/libcrypto-lib-wrap128.bc	-	-	0.032
0	null-deref	workspace/openssl-bc/bc/crypto/modes/libcrypto-lib-wrap128.bc	-	-	0.032
0	leak	workspace/openssl-bc/bc/crypto/modes/libcrypto-lib-xts128.bc	-	-	0.016
0	dfree	workspace/openssl-bc/bc/crypto/modes/libcrypto-lib-xts128.bc	-	-	0.016
0	fileck	workspace/openssl-bc/bc/crypto/modes/libcrypto-lib-xts128.bc	-	-	0.016
0	null-deref	workspace/openssl-bc/bc/crypto/modes/libcrypto-lib-xts128.bc	-	-	0.016
0	leak	workspace/openssl-bc/bc/crypto/modes/libcrypto-lib-xts128gb.bc	-	-	0.032
0	dfree	workspace/openssl-bc/bc/crypto/modes/libcrypto-lib-xts128gb.bc	-	-	0.032
0	fileck	workspace/openssl-bc/bc/crypto/modes/libcrypto-lib-xts128gb.bc	-	-	0.032
0	null-deref	workspace/openssl-bc/bc/crypto/modes/libcrypto-lib-xts128gb.bc	-	-	0.032
0	leak	workspace/openssl-bc/bc/crypto/objects/libcrypto-lib-o_names.bc	-	-	0.032
0	dfree	workspace/openssl-bc/bc/crypto/objects/libcrypto-lib-o_names.bc	-	-	0.032
0	fileck	workspace/openssl-bc/bc/crypto/objects/libcrypto-lib-o_names.bc	-	-	0.032
0	null-deref	workspace/openssl-bc/bc/crypto/objects/libcrypto-lib-o_names.bc	-	-	0.032
0	leak	workspace/openssl-bc/bc/crypto/objects/libcrypto-lib-obj_dat.bc	-	outputs/saber/openssl/workspace__openssl-bc__bc__crypto__objects__libcrypto-lib-obj_dat.leak.stderr.txt	0.515
0	dfree	workspace/openssl-bc/bc/crypto/objects/libcrypto-lib-obj_dat.bc	-	-	0.516
0	fileck	workspace/openssl-bc/bc/crypto/objects/libcrypto-lib-obj_dat.bc	-	-	0.365
0	null-deref	workspace/openssl-bc/bc/crypto/objects/libcrypto-lib-obj_dat.bc	-	outputs/saber/openssl/workspace__openssl-bc__bc__crypto__objects__libcrypto-lib-obj_dat.null-deref.stderr.txt	0.515
0	leak	workspace/openssl-bc/bc/crypto/objects/libcrypto-lib-obj_err.bc	-	-	0.016
0	dfree	workspace/openssl-bc/bc/crypto/objects/libcrypto-lib-obj_err.bc	-	-	0.016
0	fileck	workspace/openssl-bc/bc/crypto/objects/libcrypto-lib-obj_err.bc	-	-	0.016
0	null-deref	workspace/openssl-bc/bc/crypto/objects/libcrypto-lib-obj_err.bc	-	-	0.016
0	leak	workspace/openssl-bc/bc/crypto/objects/libcrypto-lib-obj_lib.bc	-	-	0.016
0	dfree	workspace/openssl-bc/bc/crypto/objects/libcrypto-lib-obj_lib.bc	-	-	0.016
0	fileck	workspace/openssl-bc/bc/crypto/objects/libcrypto-lib-obj_lib.bc	-	-	0.016
0	null-deref	workspace/openssl-bc/bc/crypto/objects/libcrypto-lib-obj_lib.bc	-	-	0.016
0	leak	workspace/openssl-bc/bc/crypto/objects/libcrypto-lib-obj_xref.bc	-	-	0.032
0	dfree	workspace/openssl-bc/bc/crypto/objects/libcrypto-lib-obj_xref.bc	-	-	0.032
0	fileck	workspace/openssl-bc/bc/crypto/objects/libcrypto-lib-obj_xref.bc	-	-	0.032
0	null-deref	workspace/openssl-bc/bc/crypto/objects/libcrypto-lib-obj_xref.bc	-	-	0.032
0	leak	workspace/openssl-bc/bc/crypto/ocsp/libcrypto-lib-ocsp_asn.bc	-	-	0.032
0	dfree	workspace/openssl-bc/bc/crypto/ocsp/libcrypto-lib-ocsp_asn.bc	-	-	0.032
0	fileck	workspace/openssl-bc/bc/crypto/ocsp/libcrypto-lib-ocsp_asn.bc	-	-	0.032
0	null-deref	workspace/openssl-bc/bc/crypto/ocsp/libcrypto-lib-ocsp_asn.bc	-	-	0.032
0	leak	workspace/openssl-bc/bc/crypto/ocsp/libcrypto-lib-ocsp_cl.bc	-	-	0.032
0	dfree	workspace/openssl-bc/bc/crypto/ocsp/libcrypto-lib-ocsp_cl.bc	-	-	0.032
0	fileck	workspace/openssl-bc/bc/crypto/ocsp/libcrypto-lib-ocsp_cl.bc	-	-	0.032
0	null-deref	workspace/openssl-bc/bc/crypto/ocsp/libcrypto-lib-ocsp_cl.bc	-	-	0.032
0	leak	workspace/openssl-bc/bc/crypto/ocsp/libcrypto-lib-ocsp_err.bc	-	-	0.016
0	dfree	workspace/openssl-bc/bc/crypto/ocsp/libcrypto-lib-ocsp_err.bc	-	-	0.016
0	fileck	workspace/openssl-bc/bc/crypto/ocsp/libcrypto-lib-ocsp_err.bc	-	-	0.016
0	null-deref	workspace/openssl-bc/bc/crypto/ocsp/libcrypto-lib-ocsp_err.bc	-	-	0.016
0	leak	workspace/openssl-bc/bc/crypto/ocsp/libcrypto-lib-ocsp_ext.bc	-	-	0.032
0	dfree	workspace/openssl-bc/bc/crypto/ocsp/libcrypto-lib-ocsp_ext.bc	-	-	0.032
0	fileck	workspace/openssl-bc/bc/crypto/ocsp/libcrypto-lib-ocsp_ext.bc	-	-	0.032
0	null-deref	workspace/openssl-bc/bc/crypto/ocsp/libcrypto-lib-ocsp_ext.bc	-	-	0.032
0	leak	workspace/openssl-bc/bc/crypto/ocsp/libcrypto-lib-ocsp_http.bc	-	-	0.016
0	dfree	workspace/openssl-bc/bc/crypto/ocsp/libcrypto-lib-ocsp_http.bc	-	-	0.016
0	fileck	workspace/openssl-bc/bc/crypto/ocsp/libcrypto-lib-ocsp_http.bc	-	-	0.016
0	null-deref	workspace/openssl-bc/bc/crypto/ocsp/libcrypto-lib-ocsp_http.bc	-	-	0.016
0	leak	workspace/openssl-bc/bc/crypto/ocsp/libcrypto-lib-ocsp_lib.bc	-	-	0.016
0	dfree	workspace/openssl-bc/bc/crypto/ocsp/libcrypto-lib-ocsp_lib.bc	-	-	0.016
0	fileck	workspace/openssl-bc/bc/crypto/ocsp/libcrypto-lib-ocsp_lib.bc	-	-	0.016
0	null-deref	workspace/openssl-bc/bc/crypto/ocsp/libcrypto-lib-ocsp_lib.bc	-	-	0.016
0	leak	workspace/openssl-bc/bc/crypto/ocsp/libcrypto-lib-ocsp_prn.bc	-	-	0.032
0	dfree	workspace/openssl-bc/bc/crypto/ocsp/libcrypto-lib-ocsp_prn.bc	-	-	0.032
0	fileck	workspace/openssl-bc/bc/crypto/ocsp/libcrypto-lib-ocsp_prn.bc	-	-	0.032
0	null-deref	workspace/openssl-bc/bc/crypto/ocsp/libcrypto-lib-ocsp_prn.bc	-	-	0.032
0	leak	workspace/openssl-bc/bc/crypto/ocsp/libcrypto-lib-ocsp_srv.bc	-	-	0.032
0	dfree	workspace/openssl-bc/bc/crypto/ocsp/libcrypto-lib-ocsp_srv.bc	-	-	0.032
0	fileck	workspace/openssl-bc/bc/crypto/ocsp/libcrypto-lib-ocsp_srv.bc	-	-	0.032
0	null-deref	workspace/openssl-bc/bc/crypto/ocsp/libcrypto-lib-ocsp_srv.bc	-	-	0.032
0	leak	workspace/openssl-bc/bc/crypto/ocsp/libcrypto-lib-ocsp_vfy.bc	-	-	0.032
0	dfree	workspace/openssl-bc/bc/crypto/ocsp/libcrypto-lib-ocsp_vfy.bc	-	-	0.032
0	fileck	workspace/openssl-bc/bc/crypto/ocsp/libcrypto-lib-ocsp_vfy.bc	-	-	0.032
0	null-deref	workspace/openssl-bc/bc/crypto/ocsp/libcrypto-lib-ocsp_vfy.bc	-	-	0.032
0	leak	workspace/openssl-bc/bc/crypto/ocsp/libcrypto-lib-v3_ocsp.bc	-	-	0.032
0	dfree	workspace/openssl-bc/bc/crypto/ocsp/libcrypto-lib-v3_ocsp.bc	-	-	0.032
0	fileck	workspace/openssl-bc/bc/crypto/ocsp/libcrypto-lib-v3_ocsp.bc	-	-	0.032
0	null-deref	workspace/openssl-bc/bc/crypto/ocsp/libcrypto-lib-v3_ocsp.bc	-	-	0.032
0	leak	workspace/openssl-bc/bc/crypto/pem/libcrypto-lib-pem_all.bc	-	-	0.064
0	dfree	workspace/openssl-bc/bc/crypto/pem/libcrypto-lib-pem_all.bc	-	-	0.032
0	fileck	workspace/openssl-bc/bc/crypto/pem/libcrypto-lib-pem_all.bc	-	-	0.032
0	null-deref	workspace/openssl-bc/bc/crypto/pem/libcrypto-lib-pem_all.bc	-	-	0.064
0	leak	workspace/openssl-bc/bc/crypto/pem/libcrypto-lib-pem_err.bc	-	-	0.016
0	dfree	workspace/openssl-bc/bc/crypto/pem/libcrypto-lib-pem_err.bc	-	-	0.016
0	fileck	workspace/openssl-bc/bc/crypto/pem/libcrypto-lib-pem_err.bc	-	-	0.016
0	null-deref	workspace/openssl-bc/bc/crypto/pem/libcrypto-lib-pem_err.bc	-	-	0.016
0	leak	workspace/openssl-bc/bc/crypto/pem/libcrypto-lib-pem_info.bc	-	outputs/saber/openssl/workspace__openssl-bc__bc__crypto__pem__libcrypto-lib-pem_info.leak.stderr.txt	0.032
0	dfree	workspace/openssl-bc/bc/crypto/pem/libcrypto-lib-pem_info.bc	-	-	0.032
0	fileck	workspace/openssl-bc/bc/crypto/pem/libcrypto-lib-pem_info.bc	-	-	0.032
0	null-deref	workspace/openssl-bc/bc/crypto/pem/libcrypto-lib-pem_info.bc	-	outputs/saber/openssl/workspace__openssl-bc__bc__crypto__pem__libcrypto-lib-pem_info.null-deref.stderr.txt	0.032
0	leak	workspace/openssl-bc/bc/crypto/pem/libcrypto-lib-pem_lib.bc	-	-	0.114
0	dfree	workspace/openssl-bc/bc/crypto/pem/libcrypto-lib-pem_lib.bc	-	outputs/saber/openssl/workspace__openssl-bc__bc__crypto__pem__libcrypto-lib-pem_lib.dfree.stderr.txt	0.115
0	fileck	workspace/openssl-bc/bc/crypto/pem/libcrypto-lib-pem_lib.bc	-	-	0.064
0	null-deref	workspace/openssl-bc/bc/crypto/pem/libcrypto-lib-pem_lib.bc	-	-	0.114
0	leak	workspace/openssl-bc/bc/crypto/pem/libcrypto-lib-pem_oth.bc	-	-	0.016
0	dfree	workspace/openssl-bc/bc/crypto/pem/libcrypto-lib-pem_oth.bc	-	-	0.016
0	fileck	workspace/openssl-bc/bc/crypto/pem/libcrypto-lib-pem_oth.bc	-	-	0.016
0	null-deref	workspace/openssl-bc/bc/crypto/pem/libcrypto-lib-pem_oth.bc	-	-	0.016
0	leak	workspace/openssl-bc/bc/crypto/pem/libcrypto-lib-pem_pk8.bc	-	outputs/saber/openssl/workspace__openssl-bc__bc__crypto__pem__libcrypto-lib-pem_pk8.leak.stderr.txt	0.032
0	dfree	workspace/openssl-bc/bc/crypto/pem/libcrypto-lib-pem_pk8.bc	-	-	0.032
0	fileck	workspace/openssl-bc/bc/crypto/pem/libcrypto-lib-pem_pk8.bc	-	-	0.032
0	null-deref	workspace/openssl-bc/bc/crypto/pem/libcrypto-lib-pem_pk8.bc	-	outputs/saber/openssl/workspace__openssl-bc__bc__crypto__pem__libcrypto-lib-pem_pk8.null-deref.stderr.txt	0.032
0	leak	workspace/openssl-bc/bc/crypto/pem/libcrypto-lib-pem_pkey.bc	-	outputs/saber/openssl/workspace__openssl-bc__bc__crypto__pem__libcrypto-lib-pem_pkey.leak.stderr.txt	0.064
0	dfree	workspace/openssl-bc/bc/crypto/pem/libcrypto-lib-pem_pkey.bc	-	-	0.064
0	fileck	workspace/openssl-bc/bc/crypto/pem/libcrypto-lib-pem_pkey.bc	-	-	0.033
0	null-deref	workspace/openssl-bc/bc/crypto/pem/libcrypto-lib-pem_pkey.bc	-	outputs/saber/openssl/workspace__openssl-bc__bc__crypto__pem__libcrypto-lib-pem_pkey.null-deref.stderr.txt	0.064
0	leak	workspace/openssl-bc/bc/crypto/pem/libcrypto-lib-pem_sign.bc	-	-	0.016
0	dfree	workspace/openssl-bc/bc/crypto/pem/libcrypto-lib-pem_sign.bc	-	-	0.016
0	fileck	workspace/openssl-bc/bc/crypto/pem/libcrypto-lib-pem_sign.bc	-	-	0.016
0	null-deref	workspace/openssl-bc/bc/crypto/pem/libcrypto-lib-pem_sign.bc	-	-	0.016
0	leak	workspace/openssl-bc/bc/crypto/pem/libcrypto-lib-pem_x509.bc	-	-	0.016
0	dfree	workspace/openssl-bc/bc/crypto/pem/libcrypto-lib-pem_x509.bc	-	-	0.016
0	fileck	workspace/openssl-bc/bc/crypto/pem/libcrypto-lib-pem_x509.bc	-	-	0.016
0	null-deref	workspace/openssl-bc/bc/crypto/pem/libcrypto-lib-pem_x509.bc	-	-	0.016
0	leak	workspace/openssl-bc/bc/crypto/pem/libcrypto-lib-pem_xaux.bc	-	-	0.016
0	dfree	workspace/openssl-bc/bc/crypto/pem/libcrypto-lib-pem_xaux.bc	-	-	0.016
0	fileck	workspace/openssl-bc/bc/crypto/pem/libcrypto-lib-pem_xaux.bc	-	-	0.016
0	null-deref	workspace/openssl-bc/bc/crypto/pem/libcrypto-lib-pem_xaux.bc	-	-	0.016
0	leak	workspace/openssl-bc/bc/crypto/pem/libcrypto-lib-pvkfmt.bc	-	outputs/saber/openssl/workspace__openssl-bc__bc__crypto__pem__libcrypto-lib-pvkfmt.leak.stderr.txt	0.114
0	dfree	workspace/openssl-bc/bc/crypto/pem/libcrypto-lib-pvkfmt.bc	-	outputs/saber/openssl/workspace__openssl-bc__bc__crypto__pem__libcrypto-lib-pvkfmt.dfree.stderr.txt	0.114
0	fileck	workspace/openssl-bc/bc/crypto/pem/libcrypto-lib-pvkfmt.bc	-	-	0.064
0	null-deref	workspace/openssl-bc/bc/crypto/pem/libcrypto-lib-pvkfmt.bc	-	outputs/saber/openssl/workspace__openssl-bc__bc__crypto__pem__libcrypto-lib-pvkfmt.null-deref.stderr.txt	0.115
0	leak	workspace/openssl-bc/bc/crypto/pkcs12/libcrypto-lib-p12_add.bc	-	-	0.032
0	dfree	workspace/openssl-bc/bc/crypto/pkcs12/libcrypto-lib-p12_add.bc	-	-	0.032
0	fileck	workspace/openssl-bc/bc/crypto/pkcs12/libcrypto-lib-p12_add.bc	-	-	0.032
0	null-deref	workspace/openssl-bc/bc/crypto/pkcs12/libcrypto-lib-p12_add.bc	-	-	0.032
0	leak	workspace/openssl-bc/bc/crypto/pkcs12/libcrypto-lib-p12_asn.bc	-	-	0.032
0	dfree	workspace/openssl-bc/bc/crypto/pkcs12/libcrypto-lib-p12_asn.bc	-	-	0.032
0	fileck	workspace/openssl-bc/bc/crypto/pkcs12/libcrypto-lib-p12_asn.bc	-	-	0.032
0	null-deref	workspace/openssl-bc/bc/crypto/pkcs12/libcrypto-lib-p12_asn.bc	-	-	0.032
0	leak	workspace/openssl-bc/bc/crypto/pkcs12/libcrypto-lib-p12_attr.bc	-	-	0.016
0	dfree	workspace/openssl-bc/bc/crypto/pkcs12/libcrypto-lib-p12_attr.bc	-	-	0.016
0	fileck	workspace/openssl-bc/bc/crypto/pkcs12/libcrypto-lib-p12_attr.bc	-	-	0.016
0	null-deref	workspace/openssl-bc/bc/crypto/pkcs12/libcrypto-lib-p12_attr.bc	-	-	0.016
0	leak	workspace/openssl-bc/bc/crypto/pkcs12/libcrypto-lib-p12_crpt.bc	-	-	0.016
0	dfree	workspace/openssl-bc/bc/crypto/pkcs12/libcrypto-lib-p12_crpt.bc	-	-	0.016
0	fileck	workspace/openssl-bc/bc/crypto/pkcs12/libcrypto-lib-p12_crpt.bc	-	-	0.016
0	null-deref	workspace/openssl-bc/bc/crypto/pkcs12/libcrypto-lib-p12_crpt.bc	-	-	0.016
0	leak	workspace/openssl-bc/bc/crypto/pkcs12/libcrypto-lib-p12_crt.bc	-	-	0.032
0	dfree	workspace/openssl-bc/bc/crypto/pkcs12/libcrypto-lib-p12_crt.bc	-	-	0.032
0	fileck	workspace/openssl-bc/bc/crypto/pkcs12/libcrypto-lib-p12_crt.bc	-	-	0.032
0	null-deref	workspace/openssl-bc/bc/crypto/pkcs12/libcrypto-lib-p12_crt.bc	-	-	0.032
0	leak	workspace/openssl-bc/bc/crypto/pkcs12/libcrypto-lib-p12_decr.bc	-	-	0.032
0	dfree	workspace/openssl-bc/bc/crypto/pkcs12/libcrypto-lib-p12_decr.bc	-	-	0.032
0	fileck	workspace/openssl-bc/bc/crypto/pkcs12/libcrypto-lib-p12_decr.bc	-	-	0.032
0	null-deref	workspace/openssl-bc/bc/crypto/pkcs12/libcrypto-lib-p12_decr.bc	-	-	0.032
0	leak	workspace/openssl-bc/bc/crypto/pkcs12/libcrypto-lib-p12_init.bc	-	-	0.016
0	dfree	workspace/openssl-bc/bc/crypto/pkcs12/libcrypto-lib-p12_init.bc	-	-	0.016
0	fileck	workspace/openssl-bc/bc/crypto/pkcs12/libcrypto-lib-p12_init.bc	-	-	0.016
0	null-deref	workspace/openssl-bc/bc/crypto/pkcs12/libcrypto-lib-p12_init.bc	-	-	0.016
0	leak	workspace/openssl-bc/bc/crypto/pkcs12/libcrypto-lib-p12_key.bc	-	-	0.032
0	dfree	workspace/openssl-bc/bc/crypto/pkcs12/libcrypto-lib-p12_key.bc	-	-	0.032
0	fileck	workspace/openssl-bc/bc/crypto/pkcs12/libcrypto-lib-p12_key.bc	-	-	0.032
0	null-deref	workspace/openssl-bc/bc/crypto/pkcs12/libcrypto-lib-p12_key.bc	-	-	0.032
0	leak	workspace/openssl-bc/bc/crypto/pkcs12/libcrypto-lib-p12_kiss.bc	-	-	0.032
0	dfree	workspace/openssl-bc/bc/crypto/pkcs12/libcrypto-lib-p12_kiss.bc	-	-	0.032
0	fileck	workspace/openssl-bc/bc/crypto/pkcs12/libcrypto-lib-p12_kiss.bc	-	-	0.032
0	null-deref	workspace/openssl-bc/bc/crypto/pkcs12/libcrypto-lib-p12_kiss.bc	-	-	0.032
0	leak	workspace/openssl-bc/bc/crypto/pkcs12/libcrypto-lib-p12_mutl.bc	-	outputs/saber/openssl/workspace__openssl-bc__bc__crypto__pkcs12__libcrypto-lib-p12_mutl.leak.stderr.txt	0.064
0	dfree	workspace/openssl-bc/bc/crypto/pkcs12/libcrypto-lib-p12_mutl.bc	-	-	0.064
0	fileck	workspace/openssl-bc/bc/crypto/pkcs12/libcrypto-lib-p12_mutl.bc	-	-	0.064
0	null-deref	workspace/openssl-bc/bc/crypto/pkcs12/libcrypto-lib-p12_mutl.bc	-	outputs/saber/openssl/workspace__openssl-bc__bc__crypto__pkcs12__libcrypto-lib-p12_mutl.null-deref.stderr.txt	0.064
0	leak	workspace/openssl-bc/bc/crypto/pkcs12/libcrypto-lib-p12_npas.bc	-	-	0.032
0	dfree	workspace/openssl-bc/bc/crypto/pkcs12/libcrypto-lib-p12_npas.bc	-	-	0.032
0	fileck	workspace/openssl-bc/bc/crypto/pkcs12/libcrypto-lib-p12_npas.bc	-	-	0.032
0	null-deref	workspace/openssl-bc/bc/crypto/pkcs12/libcrypto-lib-p12_npas.bc	-	-	0.032
0	leak	workspace/openssl-bc/bc/crypto/pkcs12/libcrypto-lib-p12_p8d.bc	-	-	0.016
0	dfree	workspace/openssl-bc/bc/crypto/pkcs12/libcrypto-lib-p12_p8d.bc	-	-	0.016
0	fileck	workspace/openssl-bc/bc/crypto/pkcs12/libcrypto-lib-p12_p8d.bc	-	-	0.016
0	null-deref	workspace/openssl-bc/bc/crypto/pkcs12/libcrypto-lib-p12_p8d.bc	-	-	0.016
0	leak	workspace/openssl-bc/bc/crypto/pkcs12/libcrypto-lib-p12_p8e.bc	-	-	0.016
0	dfree	workspace/openssl-bc/bc/crypto/pkcs12/libcrypto-lib-p12_p8e.bc	-	-	0.016
0	fileck	workspace/openssl-bc/bc/crypto/pkcs12/libcrypto-lib-p12_p8e.bc	-	-	0.016
0	null-deref	workspace/openssl-bc/bc/crypto/pkcs12/libcrypto-lib-p12_p8e.bc	-	-	0.016
0	leak	workspace/openssl-bc/bc/crypto/pkcs12/libcrypto-lib-p12_sbag.bc	-	-	0.032
0	dfree	workspace/openssl-bc/bc/crypto/pkcs12/libcrypto-lib-p12_sbag.bc	-	-	0.032
0	fileck	workspace/openssl-bc/bc/crypto/pkcs12/libcrypto-lib-p12_sbag.bc	-	-	0.032
0	null-deref	workspace/openssl-bc/bc/crypto/pkcs12/libcrypto-lib-p12_sbag.bc	-	-	0.032
0	leak	workspace/openssl-bc/bc/crypto/pkcs12/libcrypto-lib-p12_utl.bc	-	outputs/saber/openssl/workspace__openssl-bc__bc__crypto__pkcs12__libcrypto-lib-p12_utl.leak.stderr.txt	0.032
0	dfree	workspace/openssl-bc/bc/crypto/pkcs12/libcrypto-lib-p12_utl.bc	-	-	0.032
0	fileck	workspace/openssl-bc/bc/crypto/pkcs12/libcrypto-lib-p12_utl.bc	-	-	0.032
0	null-deref	workspace/openssl-bc/bc/crypto/pkcs12/libcrypto-lib-p12_utl.bc	-	outputs/saber/openssl/workspace__openssl-bc__bc__crypto__pkcs12__libcrypto-lib-p12_utl.null-deref.stderr.txt	0.032
0	leak	workspace/openssl-bc/bc/crypto/pkcs12/libcrypto-lib-pk12err.bc	-	-	0.016
0	dfree	workspace/openssl-bc/bc/crypto/pkcs12/libcrypto-lib-pk12err.bc	-	-	0.016
0	fileck	workspace/openssl-bc/bc/crypto/pkcs12/libcrypto-lib-pk12err.bc	-	-	0.016
0	null-deref	workspace/openssl-bc/bc/crypto/pkcs12/libcrypto-lib-pk12err.bc	-	-	0.016
0	leak	workspace/openssl-bc/bc/crypto/pkcs7/libcrypto-lib-bio_pk7.bc	-	-	0.016
0	dfree	workspace/openssl-bc/bc/crypto/pkcs7/libcrypto-lib-bio_pk7.bc	-	-	0.016
0	fileck	workspace/openssl-bc/bc/crypto/pkcs7/libcrypto-lib-bio_pk7.bc	-	-	0.016
0	null-deref	workspace/openssl-bc/bc/crypto/pkcs7/libcrypto-lib-bio_pk7.bc	-	-	0.016
0	leak	workspace/openssl-bc/bc/crypto/pkcs7/libcrypto-lib-pk7_asn1.bc	-	-	0.032
0	dfree	workspace/openssl-bc/bc/crypto/pkcs7/libcrypto-lib-pk7_asn1.bc	-	-	0.032
0	fileck	workspace/openssl-bc/bc/crypto/pkcs7/libcrypto-lib-pk7_asn1.bc	-	-	0.032
0	null-deref	workspace/openssl-bc/bc/crypto/pkcs7/libcrypto-lib-pk7_asn1.bc	-	-	0.032
0	leak	workspace/openssl-bc/bc/crypto/pkcs7/libcrypto-lib-pk7_attr.bc	-	-	0.032
0	dfree	workspace/openssl-bc/bc/crypto/pkcs7/libcrypto-lib-pk7_attr.bc	-	-	0.032
0	fileck	workspace/openssl-bc/bc/crypto/pkcs7/libcrypto-lib-pk7_attr.bc	-	-	0.032
0	null-deref	workspace/openssl-bc/bc/crypto/pkcs7/libcrypto-lib-pk7_attr.bc	-	-	0.016
0	leak	workspace/openssl-bc/bc/crypto/pkcs7/libcrypto-lib-pk7_doit.bc	-	outputs/saber/openssl/workspace__openssl-bc__bc__crypto__pkcs7__libcrypto-lib-pk7_doit.leak.stderr.txt	0.164
0	dfree	workspace/openssl-bc/bc/crypto/pkcs7/libcrypto-lib-pk7_doit.bc	-	-	0.166
0	fileck	workspace/openssl-bc/bc/crypto/pkcs7/libcrypto-lib-pk7_doit.bc	-	-	0.064
0	null-deref	workspace/openssl-bc/bc/crypto/pkcs7/libcrypto-lib-pk7_doit.bc	-	outputs/saber/openssl/workspace__openssl-bc__bc__crypto__pkcs7__libcrypto-lib-pk7_doit.null-deref.stderr.txt	0.164
0	leak	workspace/openssl-bc/bc/crypto/pkcs7/libcrypto-lib-pk7_lib.bc	-	-	0.064
0	dfree	workspace/openssl-bc/bc/crypto/pkcs7/libcrypto-lib-pk7_lib.bc	-	-	0.064
0	fileck	workspace/openssl-bc/bc/crypto/pkcs7/libcrypto-lib-pk7_lib.bc	-	-	0.064
0	null-deref	workspace/openssl-bc/bc/crypto/pkcs7/libcrypto-lib-pk7_lib.bc	-	-	0.064
0	leak	workspace/openssl-bc/bc/crypto/pkcs7/libcrypto-lib-pk7_mime.bc	-	-	0.016
0	dfree	workspace/openssl-bc/bc/crypto/pkcs7/libcrypto-lib-pk7_mime.bc	-	-	0.016
0	fileck	workspace/openssl-bc/bc/crypto/pkcs7/libcrypto-lib-pk7_mime.bc	-	-	0.016
0	null-deref	workspace/openssl-bc/bc/crypto/pkcs7/libcrypto-lib-pk7_mime.bc	-	-	0.016
0	leak	workspace/openssl-bc/bc/crypto/pkcs7/libcrypto-lib-pk7_smime.bc	-	-	0.064
0	dfree	workspace/openssl-bc/bc/crypto/pkcs7/libcrypto-lib-pk7_smime.bc	-	-	0.064
0	fileck	workspace/openssl-bc/bc/crypto/pkcs7/libcrypto-lib-pk7_smime.bc	-	-	0.064
0	null-deref	workspace/openssl-bc/bc/crypto/pkcs7/libcrypto-lib-pk7_smime.bc	-	-	0.071
0	leak	workspace/openssl-bc/bc/crypto/pkcs7/libcrypto-lib-pkcs7err.bc	-	-	0.016
0	dfree	workspace/openssl-bc/bc/crypto/pkcs7/libcrypto-lib-pkcs7err.bc	-	-	0.016
0	fileck	workspace/openssl-bc/bc/crypto/pkcs7/libcrypto-lib-pkcs7err.bc	-	-	0.016
0	null-deref	workspace/openssl-bc/bc/crypto/pkcs7/libcrypto-lib-pkcs7err.bc	-	-	0.016
0	leak	workspace/openssl-bc/bc/crypto/poly1305/libcrypto-lib-poly1305.bc	-	-	0.032
0	dfree	workspace/openssl-bc/bc/crypto/poly1305/libcrypto-lib-poly1305.bc	-	-	0.032
0	fileck	workspace/openssl-bc/bc/crypto/poly1305/libcrypto-lib-poly1305.bc	-	-	0.032
0	null-deref	workspace/openssl-bc/bc/crypto/poly1305/libcrypto-lib-poly1305.bc	-	-	0.032
0	leak	workspace/openssl-bc/bc/crypto/property/libcrypto-lib-defn_cache.bc	-	-	0.032
0	dfree	workspace/openssl-bc/bc/crypto/property/libcrypto-lib-defn_cache.bc	-	-	0.032
0	fileck	workspace/openssl-bc/bc/crypto/property/libcrypto-lib-defn_cache.bc	-	-	0.032
0	null-deref	workspace/openssl-bc/bc/crypto/property/libcrypto-lib-defn_cache.bc	-	-	0.032
0	leak	workspace/openssl-bc/bc/crypto/property/libcrypto-lib-property.bc	-	-	0.064
0	dfree	workspace/openssl-bc/bc/crypto/property/libcrypto-lib-property.bc	-	-	0.064
0	fileck	workspace/openssl-bc/bc/crypto/property/libcrypto-lib-property.bc	-	-	0.065
0	null-deref	workspace/openssl-bc/bc/crypto/property/libcrypto-lib-property.bc	-	-	0.065
0	leak	workspace/openssl-bc/bc/crypto/property/libcrypto-lib-property_err.bc	-	-	0.016
0	dfree	workspace/openssl-bc/bc/crypto/property/libcrypto-lib-property_err.bc	-	-	0.016
0	fileck	workspace/openssl-bc/bc/crypto/property/libcrypto-lib-property_err.bc	-	-	0.016
0	null-deref	workspace/openssl-bc/bc/crypto/property/libcrypto-lib-property_err.bc	-	-	0.016
0	leak	workspace/openssl-bc/bc/crypto/property/libcrypto-lib-property_parse.bc	-	outputs/saber/openssl/workspace__openssl-bc__bc__crypto__property__libcrypto-lib-property_parse.leak.stderr.txt	0.064
0	dfree	workspace/openssl-bc/bc/crypto/property/libcrypto-lib-property_parse.bc	-	-	0.064
0	fileck	workspace/openssl-bc/bc/crypto/property/libcrypto-lib-property_parse.bc	-	-	0.064
0	null-deref	workspace/openssl-bc/bc/crypto/property/libcrypto-lib-property_parse.bc	-	outputs/saber/openssl/workspace__openssl-bc__bc__crypto__property__libcrypto-lib-property_parse.null-deref.stderr.txt	0.064
0	leak	workspace/openssl-bc/bc/crypto/property/libcrypto-lib-property_query.bc	-	-	0.016
0	dfree	workspace/openssl-bc/bc/crypto/property/libcrypto-lib-property_query.bc	-	-	0.016
0	fileck	workspace/openssl-bc/bc/crypto/property/libcrypto-lib-property_query.bc	-	-	0.016
0	null-deref	workspace/openssl-bc/bc/crypto/property/libcrypto-lib-property_query.bc	-	-	0.016
0	leak	workspace/openssl-bc/bc/crypto/property/libcrypto-lib-property_string.bc	-	outputs/saber/openssl/workspace__openssl-bc__bc__crypto__property__libcrypto-lib-property_string.leak.stderr.txt	0.032
0	dfree	workspace/openssl-bc/bc/crypto/property/libcrypto-lib-property_string.bc	-	-	0.032
0	fileck	workspace/openssl-bc/bc/crypto/property/libcrypto-lib-property_string.bc	-	-	0.032
0	null-deref	workspace/openssl-bc/bc/crypto/property/libcrypto-lib-property_string.bc	-	outputs/saber/openssl/workspace__openssl-bc__bc__crypto__property__libcrypto-lib-property_string.null-deref.stderr.txt	0.032
0	leak	workspace/openssl-bc/bc/crypto/rand/libcrypto-lib-prov_seed.bc	-	-	0.032
0	dfree	workspace/openssl-bc/bc/crypto/rand/libcrypto-lib-prov_seed.bc	-	-	0.032
0	fileck	workspace/openssl-bc/bc/crypto/rand/libcrypto-lib-prov_seed.bc	-	-	0.016
0	null-deref	workspace/openssl-bc/bc/crypto/rand/libcrypto-lib-prov_seed.bc	-	-	0.032
0	leak	workspace/openssl-bc/bc/crypto/rand/libcrypto-lib-rand_deprecated.bc	-	-	0.016
0	dfree	workspace/openssl-bc/bc/crypto/rand/libcrypto-lib-rand_deprecated.bc	-	-	0.016
0	fileck	workspace/openssl-bc/bc/crypto/rand/libcrypto-lib-rand_deprecated.bc	-	-	0.016
0	null-deref	workspace/openssl-bc/bc/crypto/rand/libcrypto-lib-rand_deprecated.bc	-	-	0.016
0	leak	workspace/openssl-bc/bc/crypto/rand/libcrypto-lib-rand_err.bc	-	-	0.016
0	dfree	workspace/openssl-bc/bc/crypto/rand/libcrypto-lib-rand_err.bc	-	-	0.016
0	fileck	workspace/openssl-bc/bc/crypto/rand/libcrypto-lib-rand_err.bc	-	-	0.016
0	null-deref	workspace/openssl-bc/bc/crypto/rand/libcrypto-lib-rand_err.bc	-	-	0.016
0	leak	workspace/openssl-bc/bc/crypto/rand/libcrypto-lib-rand_lib.bc	-	-	0.064
0	dfree	workspace/openssl-bc/bc/crypto/rand/libcrypto-lib-rand_lib.bc	-	-	0.064
0	fileck	workspace/openssl-bc/bc/crypto/rand/libcrypto-lib-rand_lib.bc	-	-	0.064
0	null-deref	workspace/openssl-bc/bc/crypto/rand/libcrypto-lib-rand_lib.bc	-	-	0.065
0	leak	workspace/openssl-bc/bc/crypto/rand/libcrypto-lib-rand_meth.bc	-	-	0.016
0	dfree	workspace/openssl-bc/bc/crypto/rand/libcrypto-lib-rand_meth.bc	-	-	0.016
0	fileck	workspace/openssl-bc/bc/crypto/rand/libcrypto-lib-rand_meth.bc	-	-	0.016
0	null-deref	workspace/openssl-bc/bc/crypto/rand/libcrypto-lib-rand_meth.bc	-	-	0.016
0	leak	workspace/openssl-bc/bc/crypto/rand/libcrypto-lib-rand_pool.bc	-	-	0.032
0	dfree	workspace/openssl-bc/bc/crypto/rand/libcrypto-lib-rand_pool.bc	-	-	0.033
0	fileck	workspace/openssl-bc/bc/crypto/rand/libcrypto-lib-rand_pool.bc	-	-	0.032
0	null-deref	workspace/openssl-bc/bc/crypto/rand/libcrypto-lib-rand_pool.bc	-	-	0.032
0	leak	workspace/openssl-bc/bc/crypto/rand/libcrypto-lib-rand_uniform.bc	-	-	0.016
0	dfree	workspace/openssl-bc/bc/crypto/rand/libcrypto-lib-rand_uniform.bc	-	-	0.016
0	fileck	workspace/openssl-bc/bc/crypto/rand/libcrypto-lib-rand_uniform.bc	-	-	0.016
0	null-deref	workspace/openssl-bc/bc/crypto/rand/libcrypto-lib-rand_uniform.bc	-	-	0.016
0	leak	workspace/openssl-bc/bc/crypto/rand/libcrypto-lib-randfile.bc	-	-	0.032
0	dfree	workspace/openssl-bc/bc/crypto/rand/libcrypto-lib-randfile.bc	-	-	0.032
0	fileck	workspace/openssl-bc/bc/crypto/rand/libcrypto-lib-randfile.bc	-	-	0.032
0	null-deref	workspace/openssl-bc/bc/crypto/rand/libcrypto-lib-randfile.bc	-	-	0.032
0	leak	workspace/openssl-bc/bc/crypto/rc2/libcrypto-lib-rc2_cbc.bc	-	-	0.032
0	dfree	workspace/openssl-bc/bc/crypto/rc2/libcrypto-lib-rc2_cbc.bc	-	-	0.032
0	fileck	workspace/openssl-bc/bc/crypto/rc2/libcrypto-lib-rc2_cbc.bc	-	-	0.032
0	null-deref	workspace/openssl-bc/bc/crypto/rc2/libcrypto-lib-rc2_cbc.bc	-	-	0.032
0	leak	workspace/openssl-bc/bc/crypto/rc2/libcrypto-lib-rc2_ecb.bc	-	-	0.016
0	dfree	workspace/openssl-bc/bc/crypto/rc2/libcrypto-lib-rc2_ecb.bc	-	-	0.016
0	fileck	workspace/openssl-bc/bc/crypto/rc2/libcrypto-lib-rc2_ecb.bc	-	-	0.016
0	null-deref	workspace/openssl-bc/bc/crypto/rc2/libcrypto-lib-rc2_ecb.bc	-	-	0.016
0	leak	workspace/openssl-bc/bc/crypto/rc2/libcrypto-lib-rc2_skey.bc	-	-	0.016
0	dfree	workspace/openssl-bc/bc/crypto/rc2/libcrypto-lib-rc2_skey.bc	-	-	0.016
0	fileck	workspace/openssl-bc/bc/crypto/rc2/libcrypto-lib-rc2_skey.bc	-	-	0.016
0	null-deref	workspace/openssl-bc/bc/crypto/rc2/libcrypto-lib-rc2_skey.bc	-	-	0.016
0	leak	workspace/openssl-bc/bc/crypto/rc2/libcrypto-lib-rc2cfb64.bc	-	-	0.016
0	dfree	workspace/openssl-bc/bc/crypto/rc2/libcrypto-lib-rc2cfb64.bc	-	-	0.016
0	fileck	workspace/openssl-bc/bc/crypto/rc2/libcrypto-lib-rc2cfb64.bc	-	-	0.016
0	null-deref	workspace/openssl-bc/bc/crypto/rc2/libcrypto-lib-rc2cfb64.bc	-	-	0.016
0	leak	workspace/openssl-bc/bc/crypto/rc2/libcrypto-lib-rc2ofb64.bc	-	-	0.016
0	dfree	workspace/openssl-bc/bc/crypto/rc2/libcrypto-lib-rc2ofb64.bc	-	-	0.016
0	fileck	workspace/openssl-bc/bc/crypto/rc2/libcrypto-lib-rc2ofb64.bc	-	-	0.016
0	null-deref	workspace/openssl-bc/bc/crypto/rc2/libcrypto-lib-rc2ofb64.bc	-	-	0.016
0	leak	workspace/openssl-bc/bc/crypto/rc4/libcrypto-lib-rc4_enc.bc	-	-	0.032
0	dfree	workspace/openssl-bc/bc/crypto/rc4/libcrypto-lib-rc4_enc.bc	-	-	0.032
0	fileck	workspace/openssl-bc/bc/crypto/rc4/libcrypto-lib-rc4_enc.bc	-	-	0.032
0	null-deref	workspace/openssl-bc/bc/crypto/rc4/libcrypto-lib-rc4_enc.bc	-	-	0.032
0	leak	workspace/openssl-bc/bc/crypto/rc4/libcrypto-lib-rc4_skey.bc	-	-	0.016
0	dfree	workspace/openssl-bc/bc/crypto/rc4/libcrypto-lib-rc4_skey.bc	-	-	0.016
0	fileck	workspace/openssl-bc/bc/crypto/rc4/libcrypto-lib-rc4_skey.bc	-	-	0.016
0	null-deref	workspace/openssl-bc/bc/crypto/rc4/libcrypto-lib-rc4_skey.bc	-	-	0.016
0	leak	workspace/openssl-bc/bc/crypto/ripemd/libcrypto-lib-rmd_dgst.bc	-	-	0.164
0	dfree	workspace/openssl-bc/bc/crypto/ripemd/libcrypto-lib-rmd_dgst.bc	-	-	0.215
0	fileck	workspace/openssl-bc/bc/crypto/ripemd/libcrypto-lib-rmd_dgst.bc	-	-	0.214
0	null-deref	workspace/openssl-bc/bc/crypto/ripemd/libcrypto-lib-rmd_dgst.bc	-	-	0.214
0	leak	workspace/openssl-bc/bc/crypto/ripemd/libcrypto-lib-rmd_one.bc	-	-	0.016
0	dfree	workspace/openssl-bc/bc/crypto/ripemd/libcrypto-lib-rmd_one.bc	-	-	0.016
0	fileck	workspace/openssl-bc/bc/crypto/ripemd/libcrypto-lib-rmd_one.bc	-	-	0.016
0	null-deref	workspace/openssl-bc/bc/crypto/ripemd/libcrypto-lib-rmd_one.bc	-	-	0.016
0	leak	workspace/openssl-bc/bc/crypto/rsa/libcrypto-lib-rsa_ameth.bc	-	outputs/saber/openssl/workspace__openssl-bc__bc__crypto__rsa__libcrypto-lib-rsa_ameth.leak.stderr.txt	0.064
0	dfree	workspace/openssl-bc/bc/crypto/rsa/libcrypto-lib-rsa_ameth.bc	-	-	0.064
0	fileck	workspace/openssl-bc/bc/crypto/rsa/libcrypto-lib-rsa_ameth.bc	-	-	0.064
0	null-deref	workspace/openssl-bc/bc/crypto/rsa/libcrypto-lib-rsa_ameth.bc	-	outputs/saber/openssl/workspace__openssl-bc__bc__crypto__rsa__libcrypto-lib-rsa_ameth.null-deref.stderr.txt	0.064
0	leak	workspace/openssl-bc/bc/crypto/rsa/libcrypto-lib-rsa_asn1.bc	-	outputs/saber/openssl/workspace__openssl-bc__bc__crypto__rsa__libcrypto-lib-rsa_asn1.leak.stderr.txt	0.032
0	dfree	workspace/openssl-bc/bc/crypto/rsa/libcrypto-lib-rsa_asn1.bc	-	-	0.032
0	fileck	workspace/openssl-bc/bc/crypto/rsa/libcrypto-lib-rsa_asn1.bc	-	-	0.032
0	null-deref	workspace/openssl-bc/bc/crypto/rsa/libcrypto-lib-rsa_asn1.bc	-	outputs/saber/openssl/workspace__openssl-bc__bc__crypto__rsa__libcrypto-lib-rsa_asn1.null-deref.stderr.txt	0.032
0	leak	workspace/openssl-bc/bc/crypto/rsa/libcrypto-lib-rsa_backend.bc	-	-	0.064
0	dfree	workspace/openssl-bc/bc/crypto/rsa/libcrypto-lib-rsa_backend.bc	-	-	0.064
0	fileck	workspace/openssl-bc/bc/crypto/rsa/libcrypto-lib-rsa_backend.bc	-	-	0.064
0	null-deref	workspace/openssl-bc/bc/crypto/rsa/libcrypto-lib-rsa_backend.bc	-	-	0.064
0	leak	workspace/openssl-bc/bc/crypto/rsa/libcrypto-lib-rsa_chk.bc	-	-	0.032
0	dfree	workspace/openssl-bc/bc/crypto/rsa/libcrypto-lib-rsa_chk.bc	-	-	0.032
0	fileck	workspace/openssl-bc/bc/crypto/rsa/libcrypto-lib-rsa_chk.bc	-	-	0.032
0	null-deref	workspace/openssl-bc/bc/crypto/rsa/libcrypto-lib-rsa_chk.bc	-	-	0.032
0	leak	workspace/openssl-bc/bc/crypto/rsa/libcrypto-lib-rsa_crpt.bc	-	-	0.032
0	dfree	workspace/openssl-bc/bc/crypto/rsa/libcrypto-lib-rsa_crpt.bc	-	-	0.032
0	fileck	workspace/openssl-bc/bc/crypto/rsa/libcrypto-lib-rsa_crpt.bc	-	-	0.032
0	null-deref	workspace/openssl-bc/bc/crypto/rsa/libcrypto-lib-rsa_crpt.bc	-	-	0.032
0	leak	workspace/openssl-bc/bc/crypto/rsa/libcrypto-lib-rsa_depr.bc	-	-	0.016
0	dfree	workspace/openssl-bc/bc/crypto/rsa/libcrypto-lib-rsa_depr.bc	-	-	0.016
0	fileck	workspace/openssl-bc/bc/crypto/rsa/libcrypto-lib-rsa_depr.bc	-	-	0.016
0	null-deref	workspace/openssl-bc/bc/crypto/rsa/libcrypto-lib-rsa_depr.bc	-	-	0.016
0	leak	workspace/openssl-bc/bc/crypto/rsa/libcrypto-lib-rsa_err.bc	-	-	0.032
0	dfree	workspace/openssl-bc/bc/crypto/rsa/libcrypto-lib-rsa_err.bc	-	-	0.032
0	fileck	workspace/openssl-bc/bc/crypto/rsa/libcrypto-lib-rsa_err.bc	-	-	0.032
0	null-deref	workspace/openssl-bc/bc/crypto/rsa/libcrypto-lib-rsa_err.bc	-	-	0.032
0	leak	workspace/openssl-bc/bc/crypto/rsa/libcrypto-lib-rsa_gen.bc	-	-	0.064
0	dfree	workspace/openssl-bc/bc/crypto/rsa/libcrypto-lib-rsa_gen.bc	-	-	0.064
0	fileck	workspace/openssl-bc/bc/crypto/rsa/libcrypto-lib-rsa_gen.bc	-	-	0.064
0	null-deref	workspace/openssl-bc/bc/crypto/rsa/libcrypto-lib-rsa_gen.bc	-	-	0.064
0	leak	workspace/openssl-bc/bc/crypto/rsa/libcrypto-lib-rsa_lib.bc	-	-	0.064
0	dfree	workspace/openssl-bc/bc/crypto/rsa/libcrypto-lib-rsa_lib.bc	-	-	0.064
0	fileck	workspace/openssl-bc/bc/crypto/rsa/libcrypto-lib-rsa_lib.bc	-	-	0.064
0	null-deref	workspace/openssl-bc/bc/crypto/rsa/libcrypto-lib-rsa_lib.bc	-	-	0.064
0	leak	workspace/openssl-bc/bc/crypto/rsa/libcrypto-lib-rsa_meth.bc	-	-	0.016
0	dfree	workspace/openssl-bc/bc/crypto/rsa/libcrypto-lib-rsa_meth.bc	-	-	0.032
0	fileck	workspace/openssl-bc/bc/crypto/rsa/libcrypto-lib-rsa_meth.bc	-	-	0.032
0	null-deref	workspace/openssl-bc/bc/crypto/rsa/libcrypto-lib-rsa_meth.bc	-	-	0.032
0	leak	workspace/openssl-bc/bc/crypto/rsa/libcrypto-lib-rsa_mp.bc	-	-	0.016
0	dfree	workspace/openssl-bc/bc/crypto/rsa/libcrypto-lib-rsa_mp.bc	-	-	0.016
0	fileck	workspace/openssl-bc/bc/crypto/rsa/libcrypto-lib-rsa_mp.bc	-	-	0.016
0	null-deref	workspace/openssl-bc/bc/crypto/rsa/libcrypto-lib-rsa_mp.bc	-	-	0.016
0	leak	workspace/openssl-bc/bc/crypto/rsa/libcrypto-lib-rsa_mp_names.bc	-	-	0.016
0	dfree	workspace/openssl-bc/bc/crypto/rsa/libcrypto-lib-rsa_mp_names.bc	-	-	0.016
0	fileck	workspace/openssl-bc/bc/crypto/rsa/libcrypto-lib-rsa_mp_names.bc	-	-	0.016
0	null-deref	workspace/openssl-bc/bc/crypto/rsa/libcrypto-lib-rsa_mp_names.bc	-	-	0.016
0	leak	workspace/openssl-bc/bc/crypto/rsa/libcrypto-lib-rsa_none.bc	-	-	0.016
0	dfree	workspace/openssl-bc/bc/crypto/rsa/libcrypto-lib-rsa_none.bc	-	-	0.016
0	fileck	workspace/openssl-bc/bc/crypto/rsa/libcrypto-lib-rsa_none.bc	-	-	0.016
0	null-deref	workspace/openssl-bc/bc/crypto/rsa/libcrypto-lib-rsa_none.bc	-	-	0.016
0	leak	workspace/openssl-bc/bc/crypto/rsa/libcrypto-lib-rsa_oaep.bc	-	-	0.064
0	dfree	workspace/openssl-bc/bc/crypto/rsa/libcrypto-lib-rsa_oaep.bc	-	-	0.064
0	fileck	workspace/openssl-bc/bc/crypto/rsa/libcrypto-lib-rsa_oaep.bc	-	-	0.032
0	null-deref	workspace/openssl-bc/bc/crypto/rsa/libcrypto-lib-rsa_oaep.bc	-	-	0.064
0	leak	workspace/openssl-bc/bc/crypto/rsa/libcrypto-lib-rsa_ossl.bc	-	-	0.065
0	dfree	workspace/openssl-bc/bc/crypto/rsa/libcrypto-lib-rsa_ossl.bc	-	-	0.064
0	fileck	workspace/openssl-bc/bc/crypto/rsa/libcrypto-lib-rsa_ossl.bc	-	-	0.064
0	null-deref	workspace/openssl-bc/bc/crypto/rsa/libcrypto-lib-rsa_ossl.bc	-	-	0.065
0	leak	workspace/openssl-bc/bc/crypto/rsa/libcrypto-lib-rsa_pk1.bc	-	-	0.032
0	dfree	workspace/openssl-bc/bc/crypto/rsa/libcrypto-lib-rsa_pk1.bc	-	-	0.032
0	fileck	workspace/openssl-bc/bc/crypto/rsa/libcrypto-lib-rsa_pk1.bc	-	-	0.032
0	null-deref	workspace/openssl-bc/bc/crypto/rsa/libcrypto-lib-rsa_pk1.bc	-	-	0.032
0	leak	workspace/openssl-bc/bc/crypto/rsa/libcrypto-lib-rsa_prn.bc	-	-	0.016
0	dfree	workspace/openssl-bc/bc/crypto/rsa/libcrypto-lib-rsa_prn.bc	-	-	0.016
0	fileck	workspace/openssl-bc/bc/crypto/rsa/libcrypto-lib-rsa_prn.bc	-	-	0.016
0	null-deref	workspace/openssl-bc/bc/crypto/rsa/libcrypto-lib-rsa_prn.bc	-	-	0.016
0	leak	workspace/openssl-bc/bc/crypto/rsa/libcrypto-lib-rsa_pss.bc	-	-	0.032
0	dfree	workspace/openssl-bc/bc/crypto/rsa/libcrypto-lib-rsa_pss.bc	-	-	0.032
0	fileck	workspace/openssl-bc/bc/crypto/rsa/libcrypto-lib-rsa_pss.bc	-	-	0.032
0	null-deref	workspace/openssl-bc/bc/crypto/rsa/libcrypto-lib-rsa_pss.bc	-	-	0.032
0	leak	workspace/openssl-bc/bc/crypto/rsa/libcrypto-lib-rsa_saos.bc	-	-	0.016
0	dfree	workspace/openssl-bc/bc/crypto/rsa/libcrypto-lib-rsa_saos.bc	-	-	0.016
0	fileck	workspace/openssl-bc/bc/crypto/rsa/libcrypto-lib-rsa_saos.bc	-	-	0.016
0	null-deref	workspace/openssl-bc/bc/crypto/rsa/libcrypto-lib-rsa_saos.bc	-	-	0.016
0	leak	workspace/openssl-bc/bc/crypto/rsa/libcrypto-lib-rsa_schemes.bc	-	-	0.016
0	dfree	workspace/openssl-bc/bc/crypto/rsa/libcrypto-lib-rsa_schemes.bc	-	-	0.016
0	fileck	workspace/openssl-bc/bc/crypto/rsa/libcrypto-lib-rsa_schemes.bc	-	-	0.016
0	null-deref	workspace/openssl-bc/bc/crypto/rsa/libcrypto-lib-rsa_schemes.bc	-	-	0.016
0	leak	workspace/openssl-bc/bc/crypto/rsa/libcrypto-lib-rsa_sign.bc	-	-	0.032
0	dfree	workspace/openssl-bc/bc/crypto/rsa/libcrypto-lib-rsa_sign.bc	-	outputs/saber/openssl/workspace__openssl-bc__bc__crypto__rsa__libcrypto-lib-rsa_sign.dfree.stderr.txt	0.032
0	fileck	workspace/openssl-bc/bc/crypto/rsa/libcrypto-lib-rsa_sign.bc	-	-	0.032
0	null-deref	workspace/openssl-bc/bc/crypto/rsa/libcrypto-lib-rsa_sign.bc	-	-	0.032
0	leak	workspace/openssl-bc/bc/crypto/rsa/libcrypto-lib-rsa_sp800_56b_check.bc	-	-	0.032
0	dfree	workspace/openssl-bc/bc/crypto/rsa/libcrypto-lib-rsa_sp800_56b_check.bc	-	-	0.032
0	fileck	workspace/openssl-bc/bc/crypto/rsa/libcrypto-lib-rsa_sp800_56b_check.bc	-	-	0.032
0	null-deref	workspace/openssl-bc/bc/crypto/rsa/libcrypto-lib-rsa_sp800_56b_check.bc	-	-	0.032
0	leak	workspace/openssl-bc/bc/crypto/rsa/libcrypto-lib-rsa_sp800_56b_gen.bc	-	-	0.032
0	dfree	workspace/openssl-bc/bc/crypto/rsa/libcrypto-lib-rsa_sp800_56b_gen.bc	-	-	0.032
0	fileck	workspace/openssl-bc/bc/crypto/rsa/libcrypto-lib-rsa_sp800_56b_gen.bc	-	-	0.032
0	null-deref	workspace/openssl-bc/bc/crypto/rsa/libcrypto-lib-rsa_sp800_56b_gen.bc	-	-	0.032
0	leak	workspace/openssl-bc/bc/crypto/rsa/libcrypto-lib-rsa_x931.bc	-	-	0.016
0	dfree	workspace/openssl-bc/bc/crypto/rsa/libcrypto-lib-rsa_x931.bc	-	-	0.016
0	fileck	workspace/openssl-bc/bc/crypto/rsa/libcrypto-lib-rsa_x931.bc	-	-	0.016
0	null-deref	workspace/openssl-bc/bc/crypto/rsa/libcrypto-lib-rsa_x931.bc	-	-	0.016
0	leak	workspace/openssl-bc/bc/crypto/rsa/libcrypto-lib-rsa_x931g.bc	-	-	0.032
0	dfree	workspace/openssl-bc/bc/crypto/rsa/libcrypto-lib-rsa_x931g.bc	-	-	0.032
0	fileck	workspace/openssl-bc/bc/crypto/rsa/libcrypto-lib-rsa_x931g.bc	-	-	0.032
0	null-deref	workspace/openssl-bc/bc/crypto/rsa/libcrypto-lib-rsa_x931g.bc	-	-	0.032
0	leak	workspace/openssl-bc/bc/crypto/seed/libcrypto-lib-seed.bc	-	-	0.114
0	dfree	workspace/openssl-bc/bc/crypto/seed/libcrypto-lib-seed.bc	-	-	0.114
0	fileck	workspace/openssl-bc/bc/crypto/seed/libcrypto-lib-seed.bc	-	-	0.114
0	null-deref	workspace/openssl-bc/bc/crypto/seed/libcrypto-lib-seed.bc	-	-	0.114
0	leak	workspace/openssl-bc/bc/crypto/seed/libcrypto-lib-seed_cbc.bc	-	-	0.016
0	dfree	workspace/openssl-bc/bc/crypto/seed/libcrypto-lib-seed_cbc.bc	-	-	0.016
0	fileck	workspace/openssl-bc/bc/crypto/seed/libcrypto-lib-seed_cbc.bc	-	-	0.016
0	null-deref	workspace/openssl-bc/bc/crypto/seed/libcrypto-lib-seed_cbc.bc	-	-	0.016
0	leak	workspace/openssl-bc/bc/crypto/seed/libcrypto-lib-seed_cfb.bc	-	-	0.016
0	dfree	workspace/openssl-bc/bc/crypto/seed/libcrypto-lib-seed_cfb.bc	-	-	0.016
0	fileck	workspace/openssl-bc/bc/crypto/seed/libcrypto-lib-seed_cfb.bc	-	-	0.016
0	null-deref	workspace/openssl-bc/bc/crypto/seed/libcrypto-lib-seed_cfb.bc	-	-	0.016
0	leak	workspace/openssl-bc/bc/crypto/seed/libcrypto-lib-seed_ecb.bc	-	-	0.016
0	dfree	workspace/openssl-bc/bc/crypto/seed/libcrypto-lib-seed_ecb.bc	-	-	0.016
0	fileck	workspace/openssl-bc/bc/crypto/seed/libcrypto-lib-seed_ecb.bc	-	-	0.016
0	null-deref	workspace/openssl-bc/bc/crypto/seed/libcrypto-lib-seed_ecb.bc	-	-	0.016
0	leak	workspace/openssl-bc/bc/crypto/seed/libcrypto-lib-seed_ofb.bc	-	-	0.016
0	dfree	workspace/openssl-bc/bc/crypto/seed/libcrypto-lib-seed_ofb.bc	-	-	0.016
0	fileck	workspace/openssl-bc/bc/crypto/seed/libcrypto-lib-seed_ofb.bc	-	-	0.016
0	null-deref	workspace/openssl-bc/bc/crypto/seed/libcrypto-lib-seed_ofb.bc	-	-	0.016
0	leak	workspace/openssl-bc/bc/crypto/sha/libcrypto-lib-keccak1600.bc	-	-	0.032
0	dfree	workspace/openssl-bc/bc/crypto/sha/libcrypto-lib-keccak1600.bc	-	-	0.032
0	fileck	workspace/openssl-bc/bc/crypto/sha/libcrypto-lib-keccak1600.bc	-	-	0.032
0	null-deref	workspace/openssl-bc/bc/crypto/sha/libcrypto-lib-keccak1600.bc	-	-	0.032
0	leak	workspace/openssl-bc/bc/crypto/sha/libcrypto-lib-sha1_one.bc	-	-	0.016
0	dfree	workspace/openssl-bc/bc/crypto/sha/libcrypto-lib-sha1_one.bc	-	-	0.016
0	fileck	workspace/openssl-bc/bc/crypto/sha/libcrypto-lib-sha1_one.bc	-	-	0.016
0	null-deref	workspace/openssl-bc/bc/crypto/sha/libcrypto-lib-sha1_one.bc	-	-	0.016
0	leak	workspace/openssl-bc/bc/crypto/sha/libcrypto-lib-sha1dgst.bc	-	-	0.114
0	dfree	workspace/openssl-bc/bc/crypto/sha/libcrypto-lib-sha1dgst.bc	-	-	0.114
0	fileck	workspace/openssl-bc/bc/crypto/sha/libcrypto-lib-sha1dgst.bc	-	-	0.114
0	null-deref	workspace/openssl-bc/bc/crypto/sha/libcrypto-lib-sha1dgst.bc	-	-	0.114
0	leak	workspace/openssl-bc/bc/crypto/sha/libcrypto-lib-sha256.bc	-	-	0.064
0	dfree	workspace/openssl-bc/bc/crypto/sha/libcrypto-lib-sha256.bc	-	-	0.064
0	fileck	workspace/openssl-bc/bc/crypto/sha/libcrypto-lib-sha256.bc	-	-	0.064
0	null-deref	workspace/openssl-bc/bc/crypto/sha/libcrypto-lib-sha256.bc	-	-	0.064
0	leak	workspace/openssl-bc/bc/crypto/sha/libcrypto-lib-sha3.bc	-	-	0.023
0	dfree	workspace/openssl-bc/bc/crypto/sha/libcrypto-lib-sha3.bc	-	-	0.032
0	fileck	workspace/openssl-bc/bc/crypto/sha/libcrypto-lib-sha3.bc	-	-	0.032
0	null-deref	workspace/openssl-bc/bc/crypto/sha/libcrypto-lib-sha3.bc	-	-	0.032
0	leak	workspace/openssl-bc/bc/crypto/sha/libcrypto-lib-sha3_encode.bc	-	-	0.032
0	dfree	workspace/openssl-bc/bc/crypto/sha/libcrypto-lib-sha3_encode.bc	-	-	0.032
0	fileck	workspace/openssl-bc/bc/crypto/sha/libcrypto-lib-sha3_encode.bc	-	-	0.032
0	null-deref	workspace/openssl-bc/bc/crypto/sha/libcrypto-lib-sha3_encode.bc	-	-	0.032
0	leak	workspace/openssl-bc/bc/crypto/sha/libcrypto-lib-sha512.bc	-	-	0.064
0	dfree	workspace/openssl-bc/bc/crypto/sha/libcrypto-lib-sha512.bc	-	-	0.064
0	fileck	workspace/openssl-bc/bc/crypto/sha/libcrypto-lib-sha512.bc	-	-	0.064
0	null-deref	workspace/openssl-bc/bc/crypto/sha/libcrypto-lib-sha512.bc	-	-	0.064
0	leak	workspace/openssl-bc/bc/crypto/siphash/libcrypto-lib-siphash.bc	-	-	0.032
0	dfree	workspace/openssl-bc/bc/crypto/siphash/libcrypto-lib-siphash.bc	-	-	0.036
0	fileck	workspace/openssl-bc/bc/crypto/siphash/libcrypto-lib-siphash.bc	-	-	0.032
0	null-deref	workspace/openssl-bc/bc/crypto/siphash/libcrypto-lib-siphash.bc	-	-	0.032
0	leak	workspace/openssl-bc/bc/crypto/slh_dsa/libcrypto-lib-slh_adrs.bc	-	-	0.016
0	dfree	workspace/openssl-bc/bc/crypto/slh_dsa/libcrypto-lib-slh_adrs.bc	-	-	0.016
0	fileck	workspace/openssl-bc/bc/crypto/slh_dsa/libcrypto-lib-slh_adrs.bc	-	-	0.016
0	null-deref	workspace/openssl-bc/bc/crypto/slh_dsa/libcrypto-lib-slh_adrs.bc	-	-	0.016
0	leak	workspace/openssl-bc/bc/crypto/slh_dsa/libcrypto-lib-slh_dsa.bc	-	-	0.032
0	dfree	workspace/openssl-bc/bc/crypto/slh_dsa/libcrypto-lib-slh_dsa.bc	-	-	0.032
0	fileck	workspace/openssl-bc/bc/crypto/slh_dsa/libcrypto-lib-slh_dsa.bc	-	-	0.032
0	null-deref	workspace/openssl-bc/bc/crypto/slh_dsa/libcrypto-lib-slh_dsa.bc	-	-	0.032
0	leak	workspace/openssl-bc/bc/crypto/slh_dsa/libcrypto-lib-slh_dsa_hash_ctx.bc	-	-	0.016
0	dfree	workspace/openssl-bc/bc/crypto/slh_dsa/libcrypto-lib-slh_dsa_hash_ctx.bc	-	-	0.016
0	fileck	workspace/openssl-bc/bc/crypto/slh_dsa/libcrypto-lib-slh_dsa_hash_ctx.bc	-	-	0.016
0	null-deref	workspace/openssl-bc/bc/crypto/slh_dsa/libcrypto-lib-slh_dsa_hash_ctx.bc	-	-	0.016
0	leak	workspace/openssl-bc/bc/crypto/slh_dsa/libcrypto-lib-slh_dsa_key.bc	-	-	0.032
0	dfree	workspace/openssl-bc/bc/crypto/slh_dsa/libcrypto-lib-slh_dsa_key.bc	-	-	0.032
0	fileck	workspace/openssl-bc/bc/crypto/slh_dsa/libcrypto-lib-slh_dsa_key.bc	-	-	0.032
0	null-deref	workspace/openssl-bc/bc/crypto/slh_dsa/libcrypto-lib-slh_dsa_key.bc	-	-	0.032
0	leak	workspace/openssl-bc/bc/crypto/slh_dsa/libcrypto-lib-slh_fors.bc	-	-	0.032
0	dfree	workspace/openssl-bc/bc/crypto/slh_dsa/libcrypto-lib-slh_fors.bc	-	-	0.032
0	fileck	workspace/openssl-bc/bc/crypto/slh_dsa/libcrypto-lib-slh_fors.bc	-	-	0.032
0	null-deref	workspace/openssl-bc/bc/crypto/slh_dsa/libcrypto-lib-slh_fors.bc	-	-	0.032
0	leak	workspace/openssl-bc/bc/crypto/slh_dsa/libcrypto-lib-slh_hash.bc	-	-	0.064
0	dfree	workspace/openssl-bc/bc/crypto/slh_dsa/libcrypto-lib-slh_hash.bc	-	-	0.032
0	fileck	workspace/openssl-bc/bc/crypto/slh_dsa/libcrypto-lib-slh_hash.bc	-	-	0.032
0	null-deref	workspace/openssl-bc/bc/crypto/slh_dsa/libcrypto-lib-slh_hash.bc	-	-	0.032
0	leak	workspace/openssl-bc/bc/crypto/slh_dsa/libcrypto-lib-slh_hypertree.bc	-	-	0.016
0	dfree	workspace/openssl-bc/bc/crypto/slh_dsa/libcrypto-lib-slh_hypertree.bc	-	-	0.016
0	fileck	workspace/openssl-bc/bc/crypto/slh_dsa/libcrypto-lib-slh_hypertree.bc	-	-	0.016
0	null-deref	workspace/openssl-bc/bc/crypto/slh_dsa/libcrypto-lib-slh_hypertree.bc	-	-	0.032
0	leak	workspace/openssl-bc/bc/crypto/slh_dsa/libcrypto-lib-slh_params.bc	-	-	0.016
0	dfree	workspace/openssl-bc/bc/crypto/slh_dsa/libcrypto-lib-slh_params.bc	-	-	0.016
0	fileck	workspace/openssl-bc/bc/crypto/slh_dsa/libcrypto-lib-slh_params.bc	-	-	0.016
0	null-deref	workspace/openssl-bc/bc/crypto/slh_dsa/libcrypto-lib-slh_params.bc	-	-	0.016
0	leak	workspace/openssl-bc/bc/crypto/slh_dsa/libcrypto-lib-slh_wots.bc	-	-	0.032
0	dfree	workspace/openssl-bc/bc/crypto/slh_dsa/libcrypto-lib-slh_wots.bc	-	-	0.032
0	fileck	workspace/openssl-bc/bc/crypto/slh_dsa/libcrypto-lib-slh_wots.bc	-	-	0.032
0	null-deref	workspace/openssl-bc/bc/crypto/slh_dsa/libcrypto-lib-slh_wots.bc	-	-	0.032
0	leak	workspace/openssl-bc/bc/crypto/slh_dsa/libcrypto-lib-slh_xmss.bc	-	-	0.032
0	dfree	workspace/openssl-bc/bc/crypto/slh_dsa/libcrypto-lib-slh_xmss.bc	-	-	0.032
0	fileck	workspace/openssl-bc/bc/crypto/slh_dsa/libcrypto-lib-slh_xmss.bc	-	-	0.032
0	null-deref	workspace/openssl-bc/bc/crypto/slh_dsa/libcrypto-lib-slh_xmss.bc	-	-	0.032
0	leak	workspace/openssl-bc/bc/crypto/sm2/libcrypto-lib-sm2_crypt.bc	-	-	0.032
0	dfree	workspace/openssl-bc/bc/crypto/sm2/libcrypto-lib-sm2_crypt.bc	-	-	0.032
0	fileck	workspace/openssl-bc/bc/crypto/sm2/libcrypto-lib-sm2_crypt.bc	-	-	0.032
0	null-deref	workspace/openssl-bc/bc/crypto/sm2/libcrypto-lib-sm2_crypt.bc	-	-	0.032
0	leak	workspace/openssl-bc/bc/crypto/sm2/libcrypto-lib-sm2_err.bc	-	-	0.016
0	dfree	workspace/openssl-bc/bc/crypto/sm2/libcrypto-lib-sm2_err.bc	-	-	0.016
0	fileck	workspace/openssl-bc/bc/crypto/sm2/libcrypto-lib-sm2_err.bc	-	-	0.016
0	null-deref	workspace/openssl-bc/bc/crypto/sm2/libcrypto-lib-sm2_err.bc	-	-	0.016
0	leak	workspace/openssl-bc/bc/crypto/sm2/libcrypto-lib-sm2_key.bc	-	-	0.016
0	dfree	workspace/openssl-bc/bc/crypto/sm2/libcrypto-lib-sm2_key.bc	-	-	0.016
0	fileck	workspace/openssl-bc/bc/crypto/sm2/libcrypto-lib-sm2_key.bc	-	-	0.016
0	null-deref	workspace/openssl-bc/bc/crypto/sm2/libcrypto-lib-sm2_key.bc	-	-	0.016
0	leak	workspace/openssl-bc/bc/crypto/sm2/libcrypto-lib-sm2_sign.bc	-	-	0.032
0	dfree	workspace/openssl-bc/bc/crypto/sm2/libcrypto-lib-sm2_sign.bc	-	-	0.032
0	fileck	workspace/openssl-bc/bc/crypto/sm2/libcrypto-lib-sm2_sign.bc	-	-	0.032
0	null-deref	workspace/openssl-bc/bc/crypto/sm2/libcrypto-lib-sm2_sign.bc	-	-	0.032
0	leak	workspace/openssl-bc/bc/crypto/sm3/libcrypto-lib-legacy_sm3.bc	-	-	0.016
0	dfree	workspace/openssl-bc/bc/crypto/sm3/libcrypto-lib-legacy_sm3.bc	-	-	0.016
0	fileck	workspace/openssl-bc/bc/crypto/sm3/libcrypto-lib-legacy_sm3.bc	-	-	0.016
0	null-deref	workspace/openssl-bc/bc/crypto/sm3/libcrypto-lib-legacy_sm3.bc	-	-	0.016
0	leak	workspace/openssl-bc/bc/crypto/sm3/libcrypto-lib-sm3.bc	-	-	0.164
0	dfree	workspace/openssl-bc/bc/crypto/sm3/libcrypto-lib-sm3.bc	-	-	0.165
0	fileck	workspace/openssl-bc/bc/crypto/sm3/libcrypto-lib-sm3.bc	-	-	0.165
0	null-deref	workspace/openssl-bc/bc/crypto/sm3/libcrypto-lib-sm3.bc	-	-	0.164
0	leak	workspace/openssl-bc/bc/crypto/sm4/libcrypto-lib-sm4.bc	-	-	0.064
0	dfree	workspace/openssl-bc/bc/crypto/sm4/libcrypto-lib-sm4.bc	-	-	0.064
0	fileck	workspace/openssl-bc/bc/crypto/sm4/libcrypto-lib-sm4.bc	-	-	0.064
0	null-deref	workspace/openssl-bc/bc/crypto/sm4/libcrypto-lib-sm4.bc	-	-	0.064
0	leak	workspace/openssl-bc/bc/crypto/srp/libcrypto-lib-srp_lib.bc	-	-	0.032
0	dfree	workspace/openssl-bc/bc/crypto/srp/libcrypto-lib-srp_lib.bc	-	-	0.032
0	fileck	workspace/openssl-bc/bc/crypto/srp/libcrypto-lib-srp_lib.bc	-	-	0.032
0	null-deref	workspace/openssl-bc/bc/crypto/srp/libcrypto-lib-srp_lib.bc	-	-	0.032
0	leak	workspace/openssl-bc/bc/crypto/srp/libcrypto-lib-srp_vfy.bc	-	outputs/saber/openssl/workspace__openssl-bc__bc__crypto__srp__libcrypto-lib-srp_vfy.leak.stderr.txt	0.064
0	dfree	workspace/openssl-bc/bc/crypto/srp/libcrypto-lib-srp_vfy.bc	-	-	0.064
0	fileck	workspace/openssl-bc/bc/crypto/srp/libcrypto-lib-srp_vfy.bc	-	-	0.064
0	null-deref	workspace/openssl-bc/bc/crypto/srp/libcrypto-lib-srp_vfy.bc	-	outputs/saber/openssl/workspace__openssl-bc__bc__crypto__srp__libcrypto-lib-srp_vfy.null-deref.stderr.txt	0.064
0	leak	workspace/openssl-bc/bc/crypto/stack/libcrypto-lib-stack.bc	-	outputs/saber/openssl/workspace__openssl-bc__bc__crypto__stack__libcrypto-lib-stack.leak.stderr.txt	0.064
0	dfree	workspace/openssl-bc/bc/crypto/stack/libcrypto-lib-stack.bc	-	-	0.064
0	fileck	workspace/openssl-bc/bc/crypto/stack/libcrypto-lib-stack.bc	-	-	0.064
0	null-deref	workspace/openssl-bc/bc/crypto/stack/libcrypto-lib-stack.bc	-	outputs/saber/openssl/workspace__openssl-bc__bc__crypto__stack__libcrypto-lib-stack.null-deref.stderr.txt	0.064
0	leak	workspace/openssl-bc/bc/crypto/store/libcrypto-lib-store_err.bc	-	-	0.016
0	dfree	workspace/openssl-bc/bc/crypto/store/libcrypto-lib-store_err.bc	-	-	0.016
0	fileck	workspace/openssl-bc/bc/crypto/store/libcrypto-lib-store_err.bc	-	-	0.016
0	null-deref	workspace/openssl-bc/bc/crypto/store/libcrypto-lib-store_err.bc	-	-	0.016
0	leak	workspace/openssl-bc/bc/crypto/store/libcrypto-lib-store_init.bc	-	-	0.016
0	dfree	workspace/openssl-bc/bc/crypto/store/libcrypto-lib-store_init.bc	-	-	0.016
0	fileck	workspace/openssl-bc/bc/crypto/store/libcrypto-lib-store_init.bc	-	-	0.016
0	null-deref	workspace/openssl-bc/bc/crypto/store/libcrypto-lib-store_init.bc	-	-	0.016
0	leak	workspace/openssl-bc/bc/crypto/store/libcrypto-lib-store_lib.bc	-	-	0.064
0	dfree	workspace/openssl-bc/bc/crypto/store/libcrypto-lib-store_lib.bc	-	-	0.064
0	fileck	workspace/openssl-bc/bc/crypto/store/libcrypto-lib-store_lib.bc	-	-	0.064
0	null-deref	workspace/openssl-bc/bc/crypto/store/libcrypto-lib-store_lib.bc	-	-	0.064
0	leak	workspace/openssl-bc/bc/crypto/store/libcrypto-lib-store_meth.bc	-	-	0.064
0	dfree	workspace/openssl-bc/bc/crypto/store/libcrypto-lib-store_meth.bc	-	-	0.032
0	fileck	workspace/openssl-bc/bc/crypto/store/libcrypto-lib-store_meth.bc	-	-	0.032
0	null-deref	workspace/openssl-bc/bc/crypto/store/libcrypto-lib-store_meth.bc	-	-	0.032
0	leak	workspace/openssl-bc/bc/crypto/store/libcrypto-lib-store_register.bc	-	-	0.032
0	dfree	workspace/openssl-bc/bc/crypto/store/libcrypto-lib-store_register.bc	-	-	0.032
0	fileck	workspace/openssl-bc/bc/crypto/store/libcrypto-lib-store_register.bc	-	-	0.032
0	null-deref	workspace/openssl-bc/bc/crypto/store/libcrypto-lib-store_register.bc	-	-	0.032
0	leak	workspace/openssl-bc/bc/crypto/store/libcrypto-lib-store_result.bc	-	outputs/saber/openssl/workspace__openssl-bc__bc__crypto__store__libcrypto-lib-store_result.leak.stderr.txt	0.064
0	dfree	workspace/openssl-bc/bc/crypto/store/libcrypto-lib-store_result.bc	-	-	0.064
0	fileck	workspace/openssl-bc/bc/crypto/store/libcrypto-lib-store_result.bc	-	-	0.064
0	null-deref	workspace/openssl-bc/bc/crypto/store/libcrypto-lib-store_result.bc	-	outputs/saber/openssl/workspace__openssl-bc__bc__crypto__store__libcrypto-lib-store_result.null-deref.stderr.txt	0.064
0	leak	workspace/openssl-bc/bc/crypto/store/libcrypto-lib-store_strings.bc	-	-	0.016
0	dfree	workspace/openssl-bc/bc/crypto/store/libcrypto-lib-store_strings.bc	-	-	0.016
0	fileck	workspace/openssl-bc/bc/crypto/store/libcrypto-lib-store_strings.bc	-	-	0.016
0	null-deref	workspace/openssl-bc/bc/crypto/store/libcrypto-lib-store_strings.bc	-	-	0.016
0	leak	workspace/openssl-bc/bc/crypto/thread/arch/libcrypto-lib-thread_none.bc	-	-	0.016
0	dfree	workspace/openssl-bc/bc/crypto/thread/arch/libcrypto-lib-thread_none.bc	-	-	0.016
0	fileck	workspace/openssl-bc/bc/crypto/thread/arch/libcrypto-lib-thread_none.bc	-	-	0.016
0	null-deref	workspace/openssl-bc/bc/crypto/thread/arch/libcrypto-lib-thread_none.bc	-	-	0.016
0	leak	workspace/openssl-bc/bc/crypto/thread/arch/libcrypto-lib-thread_posix.bc	-	-	0.032
0	dfree	workspace/openssl-bc/bc/crypto/thread/arch/libcrypto-lib-thread_posix.bc	-	-	0.032
0	fileck	workspace/openssl-bc/bc/crypto/thread/arch/libcrypto-lib-thread_posix.bc	-	-	0.032
0	null-deref	workspace/openssl-bc/bc/crypto/thread/arch/libcrypto-lib-thread_posix.bc	-	-	0.032
0	leak	workspace/openssl-bc/bc/crypto/thread/arch/libcrypto-lib-thread_win.bc	-	-	0.016
0	dfree	workspace/openssl-bc/bc/crypto/thread/arch/libcrypto-lib-thread_win.bc	-	-	0.016
0	fileck	workspace/openssl-bc/bc/crypto/thread/arch/libcrypto-lib-thread_win.bc	-	-	0.016
0	null-deref	workspace/openssl-bc/bc/crypto/thread/arch/libcrypto-lib-thread_win.bc	-	-	0.016
0	leak	workspace/openssl-bc/bc/crypto/thread/libcrypto-lib-api.bc	-	-	0.016
0	dfree	workspace/openssl-bc/bc/crypto/thread/libcrypto-lib-api.bc	-	-	0.016
0	fileck	workspace/openssl-bc/bc/crypto/thread/libcrypto-lib-api.bc	-	-	0.016
0	null-deref	workspace/openssl-bc/bc/crypto/thread/libcrypto-lib-api.bc	-	-	0.016
0	leak	workspace/openssl-bc/bc/crypto/thread/libcrypto-lib-arch.bc	-	-	0.016
0	dfree	workspace/openssl-bc/bc/crypto/thread/libcrypto-lib-arch.bc	-	-	0.016
0	fileck	workspace/openssl-bc/bc/crypto/thread/libcrypto-lib-arch.bc	-	-	0.016
0	null-deref	workspace/openssl-bc/bc/crypto/thread/libcrypto-lib-arch.bc	-	-	0.016
0	leak	workspace/openssl-bc/bc/crypto/thread/libcrypto-lib-internal.bc	-	-	0.016
0	dfree	workspace/openssl-bc/bc/crypto/thread/libcrypto-lib-internal.bc	-	-	0.016
0	fileck	workspace/openssl-bc/bc/crypto/thread/libcrypto-lib-internal.bc	-	-	0.016
0	null-deref	workspace/openssl-bc/bc/crypto/thread/libcrypto-lib-internal.bc	-	-	0.016
0	leak	workspace/openssl-bc/bc/crypto/ts/libcrypto-lib-ts_asn1.bc	-	outputs/saber/openssl/workspace__openssl-bc__bc__crypto__ts__libcrypto-lib-ts_asn1.leak.stderr.txt	0.032
0	dfree	workspace/openssl-bc/bc/crypto/ts/libcrypto-lib-ts_asn1.bc	-	-	0.032
0	fileck	workspace/openssl-bc/bc/crypto/ts/libcrypto-lib-ts_asn1.bc	-	-	0.032
0	null-deref	workspace/openssl-bc/bc/crypto/ts/libcrypto-lib-ts_asn1.bc	-	outputs/saber/openssl/workspace__openssl-bc__bc__crypto__ts__libcrypto-lib-ts_asn1.null-deref.stderr.txt	0.032
0	leak	workspace/openssl-bc/bc/crypto/ts/libcrypto-lib-ts_conf.bc	-	-	0.032
0	dfree	workspace/openssl-bc/bc/crypto/ts/libcrypto-lib-ts_conf.bc	-	-	0.032
0	fileck	workspace/openssl-bc/bc/crypto/ts/libcrypto-lib-ts_conf.bc	-	-	0.032
0	null-deref	workspace/openssl-bc/bc/crypto/ts/libcrypto-lib-ts_conf.bc	-	-	0.064
0	leak	workspace/openssl-bc/bc/crypto/ts/libcrypto-lib-ts_err.bc	-	-	0.016
0	dfree	workspace/openssl-bc/bc/crypto/ts/libcrypto-lib-ts_err.bc	-	-	0.016
0	fileck	workspace/openssl-bc/bc/crypto/ts/libcrypto-lib-ts_err.bc	-	-	0.016
0	null-deref	workspace/openssl-bc/bc/crypto/ts/libcrypto-lib-ts_err.bc	-	-	0.016
0	leak	workspace/openssl-bc/bc/crypto/ts/libcrypto-lib-ts_lib.bc	-	-	0.016
0	dfree	workspace/openssl-bc/bc/crypto/ts/libcrypto-lib-ts_lib.bc	-	-	0.016
0	fileck	workspace/openssl-bc/bc/crypto/ts/libcrypto-lib-ts_lib.bc	-	-	0.016
0	null-deref	workspace/openssl-bc/bc/crypto/ts/libcrypto-lib-ts_lib.bc	-	-	0.032
0	leak	workspace/openssl-bc/bc/crypto/ts/libcrypto-lib-ts_req_print.bc	-	-	0.016
0	dfree	workspace/openssl-bc/bc/crypto/ts/libcrypto-lib-ts_req_print.bc	-	-	0.016
0	fileck	workspace/openssl-bc/bc/crypto/ts/libcrypto-lib-ts_req_print.bc	-	-	0.016
0	null-deref	workspace/openssl-bc/bc/crypto/ts/libcrypto-lib-ts_req_print.bc	-	-	0.016
0	leak	workspace/openssl-bc/bc/crypto/ts/libcrypto-lib-ts_req_utils.bc	-	-	0.032
0	dfree	workspace/openssl-bc/bc/crypto/ts/libcrypto-lib-ts_req_utils.bc	-	-	0.032
0	fileck	workspace/openssl-bc/bc/crypto/ts/libcrypto-lib-ts_req_utils.bc	-	-	0.032
0	null-deref	workspace/openssl-bc/bc/crypto/ts/libcrypto-lib-ts_req_utils.bc	-	-	0.032
0	leak	workspace/openssl-bc/bc/crypto/ts/libcrypto-lib-ts_rsp_print.bc	-	-	0.032
0	dfree	workspace/openssl-bc/bc/crypto/ts/libcrypto-lib-ts_rsp_print.bc	-	-	0.032
0	fileck	workspace/openssl-bc/bc/crypto/ts/libcrypto-lib-ts_rsp_print.bc	-	-	0.032
0	null-deref	workspace/openssl-bc/bc/crypto/ts/libcrypto-lib-ts_rsp_print.bc	-	-	0.032
0	leak	workspace/openssl-bc/bc/crypto/ts/libcrypto-lib-ts_rsp_sign.bc	-	outputs/saber/openssl/workspace__openssl-bc__bc__crypto__ts__libcrypto-lib-ts_rsp_sign.leak.stderr.txt	0.064
0	dfree	workspace/openssl-bc/bc/crypto/ts/libcrypto-lib-ts_rsp_sign.bc	-	-	0.064
0	fileck	workspace/openssl-bc/bc/crypto/ts/libcrypto-lib-ts_rsp_sign.bc	-	-	0.064
0	null-deref	workspace/openssl-bc/bc/crypto/ts/libcrypto-lib-ts_rsp_sign.bc	-	outputs/saber/openssl/workspace__openssl-bc__bc__crypto__ts__libcrypto-lib-ts_rsp_sign.null-deref.stderr.txt	0.064
0	leak	workspace/openssl-bc/bc/crypto/ts/libcrypto-lib-ts_rsp_utils.bc	-	-	0.032
0	dfree	workspace/openssl-bc/bc/crypto/ts/libcrypto-lib-ts_rsp_utils.bc	-	-	0.032
0	fileck	workspace/openssl-bc/bc/crypto/ts/libcrypto-lib-ts_rsp_utils.bc	-	-	0.032
0	null-deref	workspace/openssl-bc/bc/crypto/ts/libcrypto-lib-ts_rsp_utils.bc	-	-	0.032
0	leak	workspace/openssl-bc/bc/crypto/ts/libcrypto-lib-ts_rsp_verify.bc	-	-	0.064
0	dfree	workspace/openssl-bc/bc/crypto/ts/libcrypto-lib-ts_rsp_verify.bc	-	outputs/saber/openssl/workspace__openssl-bc__bc__crypto__ts__libcrypto-lib-ts_rsp_verify.dfree.stderr.txt	0.064
0	fileck	workspace/openssl-bc/bc/crypto/ts/libcrypto-lib-ts_rsp_verify.bc	-	-	0.032
0	null-deref	workspace/openssl-bc/bc/crypto/ts/libcrypto-lib-ts_rsp_verify.bc	-	-	0.064
0	leak	workspace/openssl-bc/bc/crypto/ts/libcrypto-lib-ts_verify_ctx.bc	-	-	0.032
0	dfree	workspace/openssl-bc/bc/crypto/ts/libcrypto-lib-ts_verify_ctx.bc	-	-	0.032
0	fileck	workspace/openssl-bc/bc/crypto/ts/libcrypto-lib-ts_verify_ctx.bc	-	-	0.032
0	null-deref	workspace/openssl-bc/bc/crypto/ts/libcrypto-lib-ts_verify_ctx.bc	-	-	0.032
0	leak	workspace/openssl-bc/bc/crypto/txt_db/libcrypto-lib-txt_db.bc	-	outputs/saber/openssl/workspace__openssl-bc__bc__crypto__txt_db__libcrypto-lib-txt_db.leak.stderr.txt	0.032
0	dfree	workspace/openssl-bc/bc/crypto/txt_db/libcrypto-lib-txt_db.bc	-	outputs/saber/openssl/workspace__openssl-bc__bc__crypto__txt_db__libcrypto-lib-txt_db.dfree.stderr.txt	0.032
0	fileck	workspace/openssl-bc/bc/crypto/txt_db/libcrypto-lib-txt_db.bc	-	outputs/saber/openssl/workspace__openssl-bc__bc__crypto__txt_db__libcrypto-lib-txt_db.fileck.stderr.txt	0.032
0	null-deref	workspace/openssl-bc/bc/crypto/txt_db/libcrypto-lib-txt_db.bc	-	outputs/saber/openssl/workspace__openssl-bc__bc__crypto__txt_db__libcrypto-lib-txt_db.null-deref.stderr.txt	0.032
0	leak	workspace/openssl-bc/bc/crypto/ui/libcrypto-lib-ui_err.bc	-	-	0.016
0	dfree	workspace/openssl-bc/bc/crypto/ui/libcrypto-lib-ui_err.bc	-	-	0.016
0	fileck	workspace/openssl-bc/bc/crypto/ui/libcrypto-lib-ui_err.bc	-	-	0.016
0	null-deref	workspace/openssl-bc/bc/crypto/ui/libcrypto-lib-ui_err.bc	-	-	0.016
0	leak	workspace/openssl-bc/bc/crypto/ui/libcrypto-lib-ui_lib.bc	-	-	0.064
0	dfree	workspace/openssl-bc/bc/crypto/ui/libcrypto-lib-ui_lib.bc	-	-	0.064
0	fileck	workspace/openssl-bc/bc/crypto/ui/libcrypto-lib-ui_lib.bc	-	-	0.064
0	null-deref	workspace/openssl-bc/bc/crypto/ui/libcrypto-lib-ui_lib.bc	-	-	0.064
0	leak	workspace/openssl-bc/bc/crypto/ui/libcrypto-lib-ui_null.bc	-	-	0.013
0	dfree	workspace/openssl-bc/bc/crypto/ui/libcrypto-lib-ui_null.bc	-	-	0.016
0	fileck	workspace/openssl-bc/bc/crypto/ui/libcrypto-lib-ui_null.bc	-	-	0.016
0	null-deref	workspace/openssl-bc/bc/crypto/ui/libcrypto-lib-ui_null.bc	-	-	0.016
0	leak	workspace/openssl-bc/bc/crypto/ui/libcrypto-lib-ui_openssl.bc	-	-	0.032
0	dfree	workspace/openssl-bc/bc/crypto/ui/libcrypto-lib-ui_openssl.bc	-	-	0.032
0	fileck	workspace/openssl-bc/bc/crypto/ui/libcrypto-lib-ui_openssl.bc	-	outputs/saber/openssl/workspace__openssl-bc__bc__crypto__ui__libcrypto-lib-ui_openssl.fileck.stderr.txt	0.032
0	null-deref	workspace/openssl-bc/bc/crypto/ui/libcrypto-lib-ui_openssl.bc	-	-	0.032
0	leak	workspace/openssl-bc/bc/crypto/ui/libcrypto-lib-ui_util.bc	-	-	0.032
0	dfree	workspace/openssl-bc/bc/crypto/ui/libcrypto-lib-ui_util.bc	-	-	0.032
0	fileck	workspace/openssl-bc/bc/crypto/ui/libcrypto-lib-ui_util.bc	-	-	0.032
0	null-deref	workspace/openssl-bc/bc/crypto/ui/libcrypto-lib-ui_util.bc	-	-	0.032
0	leak	workspace/openssl-bc/bc/crypto/whrlpool/libcrypto-lib-wp_block.bc	-	-	0.064
0	dfree	workspace/openssl-bc/bc/crypto/whrlpool/libcrypto-lib-wp_block.bc	-	-	0.044
0	fileck	workspace/openssl-bc/bc/crypto/whrlpool/libcrypto-lib-wp_block.bc	-	-	0.064
0	null-deref	workspace/openssl-bc/bc/crypto/whrlpool/libcrypto-lib-wp_block.bc	-	-	0.064
0	leak	workspace/openssl-bc/bc/crypto/whrlpool/libcrypto-lib-wp_dgst.bc	-	-	0.032
0	dfree	workspace/openssl-bc/bc/crypto/whrlpool/libcrypto-lib-wp_dgst.bc	-	-	0.032
0	fileck	workspace/openssl-bc/bc/crypto/whrlpool/libcrypto-lib-wp_dgst.bc	-	-	0.032
0	null-deref	workspace/openssl-bc/bc/crypto/whrlpool/libcrypto-lib-wp_dgst.bc	-	-	0.032
0	leak	workspace/openssl-bc/bc/crypto/x509/libcrypto-lib-by_dir.bc	-	outputs/saber/openssl/workspace__openssl-bc__bc__crypto__x509__libcrypto-lib-by_dir.leak.stderr.txt	0.064
0	dfree	workspace/openssl-bc/bc/crypto/x509/libcrypto-lib-by_dir.bc	-	-	0.064
0	fileck	workspace/openssl-bc/bc/crypto/x509/libcrypto-lib-by_dir.bc	-	-	0.032
0	null-deref	workspace/openssl-bc/bc/crypto/x509/libcrypto-lib-by_dir.bc	-	outputs/saber/openssl/workspace__openssl-bc__bc__crypto__x509__libcrypto-lib-by_dir.null-deref.stderr.txt	0.064
0	leak	workspace/openssl-bc/bc/crypto/x509/libcrypto-lib-by_file.bc	-	outputs/saber/openssl/workspace__openssl-bc__bc__crypto__x509__libcrypto-lib-by_file.leak.stderr.txt	0.032
0	dfree	workspace/openssl-bc/bc/crypto/x509/libcrypto-lib-by_file.bc	-	-	0.032
0	fileck	workspace/openssl-bc/bc/crypto/x509/libcrypto-lib-by_file.bc	-	-	0.032
0	null-deref	workspace/openssl-bc/bc/crypto/x509/libcrypto-lib-by_file.bc	-	outputs/saber/openssl/workspace__openssl-bc__bc__crypto__x509__libcrypto-lib-by_file.null-deref.stderr.txt	0.032
0	leak	workspace/openssl-bc/bc/crypto/x509/libcrypto-lib-by_store.bc	-	-	0.032
0	dfree	workspace/openssl-bc/bc/crypto/x509/libcrypto-lib-by_store.bc	-	-	0.032
0	fileck	workspace/openssl-bc/bc/crypto/x509/libcrypto-lib-by_store.bc	-	-	0.032
0	null-deref	workspace/openssl-bc/bc/crypto/x509/libcrypto-lib-by_store.bc	-	-	0.032
0	leak	workspace/openssl-bc/bc/crypto/x509/libcrypto-lib-pcy_cache.bc	-	outputs/saber/openssl/workspace__openssl-bc__bc__crypto__x509__libcrypto-lib-pcy_cache.leak.stderr.txt	0.032
0	dfree	workspace/openssl-bc/bc/crypto/x509/libcrypto-lib-pcy_cache.bc	-	-	0.032
0	fileck	workspace/openssl-bc/bc/crypto/x509/libcrypto-lib-pcy_cache.bc	-	-	0.032
0	null-deref	workspace/openssl-bc/bc/crypto/x509/libcrypto-lib-pcy_cache.bc	-	outputs/saber/openssl/workspace__openssl-bc__bc__crypto__x509__libcrypto-lib-pcy_cache.null-deref.stderr.txt	0.032
0	leak	workspace/openssl-bc/bc/crypto/x509/libcrypto-lib-pcy_data.bc	-	-	0.016
0	dfree	workspace/openssl-bc/bc/crypto/x509/libcrypto-lib-pcy_data.bc	-	-	0.016
0	fileck	workspace/openssl-bc/bc/crypto/x509/libcrypto-lib-pcy_data.bc	-	-	0.016
0	null-deref	workspace/openssl-bc/bc/crypto/x509/libcrypto-lib-pcy_data.bc	-	-	0.016
0	leak	workspace/openssl-bc/bc/crypto/x509/libcrypto-lib-pcy_lib.bc	-	-	0.016
0	dfree	workspace/openssl-bc/bc/crypto/x509/libcrypto-lib-pcy_lib.bc	-	-	0.016
0	fileck	workspace/openssl-bc/bc/crypto/x509/libcrypto-lib-pcy_lib.bc	-	-	0.016
0	null-deref	workspace/openssl-bc/bc/crypto/x509/libcrypto-lib-pcy_lib.bc	-	-	0.016
0	leak	workspace/openssl-bc/bc/crypto/x509/libcrypto-lib-pcy_map.bc	-	-	0.016
0	dfree	workspace/openssl-bc/bc/crypto/x509/libcrypto-lib-pcy_map.bc	-	-	0.016
0	fileck	workspace/openssl-bc/bc/crypto/x509/libcrypto-lib-pcy_map.bc	-	-	0.016
0	null-deref	workspace/openssl-bc/bc/crypto/x509/libcrypto-lib-pcy_map.bc	-	-	0.016
0	leak	workspace/openssl-bc/bc/crypto/x509/libcrypto-lib-pcy_node.bc	-	-	0.032
0	dfree	workspace/openssl-bc/bc/crypto/x509/libcrypto-lib-pcy_node.bc	-	-	0.032
0	fileck	workspace/openssl-bc/bc/crypto/x509/libcrypto-lib-pcy_node.bc	-	-	0.032
0	null-deref	workspace/openssl-bc/bc/crypto/x509/libcrypto-lib-pcy_node.bc	-	-	0.032
0	leak	workspace/openssl-bc/bc/crypto/x509/libcrypto-lib-pcy_tree.bc	-	-	0.064
0	dfree	workspace/openssl-bc/bc/crypto/x509/libcrypto-lib-pcy_tree.bc	-	-	0.064
0	fileck	workspace/openssl-bc/bc/crypto/x509/libcrypto-lib-pcy_tree.bc	-	-	0.064
0	null-deref	workspace/openssl-bc/bc/crypto/x509/libcrypto-lib-pcy_tree.bc	-	-	0.041
0	leak	workspace/openssl-bc/bc/crypto/x509/libcrypto-lib-t_acert.bc	-	-	0.032
0	dfree	workspace/openssl-bc/bc/crypto/x509/libcrypto-lib-t_acert.bc	-	-	0.032
0	fileck	workspace/openssl-bc/bc/crypto/x509/libcrypto-lib-t_acert.bc	-	-	0.032
0	null-deref	workspace/openssl-bc/bc/crypto/x509/libcrypto-lib-t_acert.bc	-	-	0.032
0	leak	workspace/openssl-bc/bc/crypto/x509/libcrypto-lib-t_crl.bc	-	-	0.016
0	dfree	workspace/openssl-bc/bc/crypto/x509/libcrypto-lib-t_crl.bc	-	-	0.016
0	fileck	workspace/openssl-bc/bc/crypto/x509/libcrypto-lib-t_crl.bc	-	-	0.016
0	null-deref	workspace/openssl-bc/bc/crypto/x509/libcrypto-lib-t_crl.bc	-	-	0.032
0	leak	workspace/openssl-bc/bc/crypto/x509/libcrypto-lib-t_req.bc	-	-	0.032
0	dfree	workspace/openssl-bc/bc/crypto/x509/libcrypto-lib-t_req.bc	-	-	0.032
0	fileck	workspace/openssl-bc/bc/crypto/x509/libcrypto-lib-t_req.bc	-	-	0.032
0	null-deref	workspace/openssl-bc/bc/crypto/x509/libcrypto-lib-t_req.bc	-	-	0.032
0	leak	workspace/openssl-bc/bc/crypto/x509/libcrypto-lib-t_x509.bc	-	outputs/saber/openssl/workspace__openssl-bc__bc__crypto__x509__libcrypto-lib-t_x509.leak.stderr.txt	0.064
0	dfree	workspace/openssl-bc/bc/crypto/x509/libcrypto-lib-t_x509.bc	-	-	0.064
0	fileck	workspace/openssl-bc/bc/crypto/x509/libcrypto-lib-t_x509.bc	-	-	0.065
0	null-deref	workspace/openssl-bc/bc/crypto/x509/libcrypto-lib-t_x509.bc	-	outputs/saber/openssl/workspace__openssl-bc__bc__crypto__x509__libcrypto-lib-t_x509.null-deref.stderr.txt	0.064
0	leak	workspace/openssl-bc/bc/crypto/x509/libcrypto-lib-v3_aaa.bc	-	-	0.032
0	dfree	workspace/openssl-bc/bc/crypto/x509/libcrypto-lib-v3_aaa.bc	-	-	0.032
0	fileck	workspace/openssl-bc/bc/crypto/x509/libcrypto-lib-v3_aaa.bc	-	-	0.032
0	null-deref	workspace/openssl-bc/bc/crypto/x509/libcrypto-lib-v3_aaa.bc	-	-	0.032
0	leak	workspace/openssl-bc/bc/crypto/x509/libcrypto-lib-v3_ac_tgt.bc	-	-	0.032
0	dfree	workspace/openssl-bc/bc/crypto/x509/libcrypto-lib-v3_ac_tgt.bc	-	-	0.032
0	fileck	workspace/openssl-bc/bc/crypto/x509/libcrypto-lib-v3_ac_tgt.bc	-	-	0.032
0	null-deref	workspace/openssl-bc/bc/crypto/x509/libcrypto-lib-v3_ac_tgt.bc	-	-	0.032
0	leak	workspace/openssl-bc/bc/crypto/x509/libcrypto-lib-v3_addr.bc	-	outputs/saber/openssl/workspace__openssl-bc__bc__crypto__x509__libcrypto-lib-v3_addr.leak.stderr.txt	0.164
0	dfree	workspace/openssl-bc/bc/crypto/x509/libcrypto-lib-v3_addr.bc	-	-	0.164
0	fileck	workspace/openssl-bc/bc/crypto/x509/libcrypto-lib-v3_addr.bc	-	-	0.114
0	null-deref	workspace/openssl-bc/bc/crypto/x509/libcrypto-lib-v3_addr.bc	-	outputs/saber/openssl/workspace__openssl-bc__bc__crypto__x509__libcrypto-lib-v3_addr.null-deref.stderr.txt	0.164
0	leak	workspace/openssl-bc/bc/crypto/x509/libcrypto-lib-v3_admis.bc	-	-	0.032
0	dfree	workspace/openssl-bc/bc/crypto/x509/libcrypto-lib-v3_admis.bc	-	-	0.032
0	fileck	workspace/openssl-bc/bc/crypto/x509/libcrypto-lib-v3_admis.bc	-	-	0.032
0	null-deref	workspace/openssl-bc/bc/crypto/x509/libcrypto-lib-v3_admis.bc	-	-	0.032
0	leak	workspace/openssl-bc/bc/crypto/x509/libcrypto-lib-v3_akeya.bc	-	-	0.016
0	dfree	workspace/openssl-bc/bc/crypto/x509/libcrypto-lib-v3_akeya.bc	-	-	0.016
0	fileck	workspace/openssl-bc/bc/crypto/x509/libcrypto-lib-v3_akeya.bc	-	-	0.016
0	null-deref	workspace/openssl-bc/bc/crypto/x509/libcrypto-lib-v3_akeya.bc	-	-	0.016
0	leak	workspace/openssl-bc/bc/crypto/x509/libcrypto-lib-v3_akid.bc	-	-	0.032
0	dfree	workspace/openssl-bc/bc/crypto/x509/libcrypto-lib-v3_akid.bc	-	-	0.032
0	fileck	workspace/openssl-bc/bc/crypto/x509/libcrypto-lib-v3_akid.bc	-	-	0.032
0	null-deref	workspace/openssl-bc/bc/crypto/x509/libcrypto-lib-v3_akid.bc	-	-	0.032
0	leak	workspace/openssl-bc/bc/crypto/x509/libcrypto-lib-v3_asid.bc	-	outputs/saber/openssl/workspace__openssl-bc__bc__crypto__x509__libcrypto-lib-v3_asid.leak.stderr.txt	0.114
0	dfree	workspace/openssl-bc/bc/crypto/x509/libcrypto-lib-v3_asid.bc	-	-	0.114
0	fileck	workspace/openssl-bc/bc/crypto/x509/libcrypto-lib-v3_asid.bc	-	-	0.064
0	null-deref	workspace/openssl-bc/bc/crypto/x509/libcrypto-lib-v3_asid.bc	-	outputs/saber/openssl/workspace__openssl-bc__bc__crypto__x509__libcrypto-lib-v3_asid.null-deref.stderr.txt	0.115
0	leak	workspace/openssl-bc/bc/crypto/x509/libcrypto-lib-v3_attrdesc.bc	-	-	0.032
0	dfree	workspace/openssl-bc/bc/crypto/x509/libcrypto-lib-v3_attrdesc.bc	-	-	0.032
0	fileck	workspace/openssl-bc/bc/crypto/x509/libcrypto-lib-v3_attrdesc.bc	-	-	0.032
0	null-deref	workspace/openssl-bc/bc/crypto/x509/libcrypto-lib-v3_attrdesc.bc	-	-	0.032
0	leak	workspace/openssl-bc/bc/crypto/x509/libcrypto-lib-v3_attrmap.bc	-	-	0.032
0	dfree	workspace/openssl-bc/bc/crypto/x509/libcrypto-lib-v3_attrmap.bc	-	-	0.032
0	fileck	workspace/openssl-bc/bc/crypto/x509/libcrypto-lib-v3_attrmap.bc	-	-	0.032
0	null-deref	workspace/openssl-bc/bc/crypto/x509/libcrypto-lib-v3_attrmap.bc	-	-	0.032
0	leak	workspace/openssl-bc/bc/crypto/x509/libcrypto-lib-v3_audit_id.bc	-	-	0.016
0	dfree	workspace/openssl-bc/bc/crypto/x509/libcrypto-lib-v3_audit_id.bc	-	-	0.016
0	fileck	workspace/openssl-bc/bc/crypto/x509/libcrypto-lib-v3_audit_id.bc	-	-	0.016
0	null-deref	workspace/openssl-bc/bc/crypto/x509/libcrypto-lib-v3_audit_id.bc	-	-	0.016
0	leak	workspace/openssl-bc/bc/crypto/x509/libcrypto-lib-v3_authattid.bc	-	-	0.016
0	dfree	workspace/openssl-bc/bc/crypto/x509/libcrypto-lib-v3_authattid.bc	-	-	0.016
0	fileck	workspace/openssl-bc/bc/crypto/x509/libcrypto-lib-v3_authattid.bc	-	-	0.016
0	null-deref	workspace/openssl-bc/bc/crypto/x509/libcrypto-lib-v3_authattid.bc	-	-	0.016
0	leak	workspace/openssl-bc/bc/crypto/x509/libcrypto-lib-v3_battcons.bc	-	outputs/saber/openssl/workspace__openssl-bc__bc__crypto__x509__libcrypto-lib-v3_battcons.leak.stderr.txt	0.032
0	dfree	workspace/openssl-bc/bc/crypto/x509/libcrypto-lib-v3_battcons.bc	-	-	0.032
0	fileck	workspace/openssl-bc/bc/crypto/x509/libcrypto-lib-v3_battcons.bc	-	-	0.016
0	null-deref	workspace/openssl-bc/bc/crypto/x509/libcrypto-lib-v3_battcons.bc	-	outputs/saber/openssl/workspace__openssl-bc__bc__crypto__x509__libcrypto-lib-v3_battcons.null-deref.stderr.txt	0.032
0	leak	workspace/openssl-bc/bc/crypto/x509/libcrypto-lib-v3_bcons.bc	-	outputs/saber/openssl/workspace__openssl-bc__bc__crypto__x509__libcrypto-lib-v3_bcons.leak.stderr.txt	0.032
0	dfree	workspace/openssl-bc/bc/crypto/x509/libcrypto-lib-v3_bcons.bc	-	-	0.032
0	fileck	workspace/openssl-bc/bc/crypto/x509/libcrypto-lib-v3_bcons.bc	-	-	0.016
0	null-deref	workspace/openssl-bc/bc/crypto/x509/libcrypto-lib-v3_bcons.bc	-	outputs/saber/openssl/workspace__openssl-bc__bc__crypto__x509__libcrypto-lib-v3_bcons.null-deref.stderr.txt	0.032
0	leak	workspace/openssl-bc/bc/crypto/x509/libcrypto-lib-v3_bitst.bc	-	-	0.032
0	dfree	workspace/openssl-bc/bc/crypto/x509/libcrypto-lib-v3_bitst.bc	-	-	0.032
0	fileck	workspace/openssl-bc/bc/crypto/x509/libcrypto-lib-v3_bitst.bc	-	-	0.032
0	null-deref	workspace/openssl-bc/bc/crypto/x509/libcrypto-lib-v3_bitst.bc	-	-	0.032
0	leak	workspace/openssl-bc/bc/crypto/x509/libcrypto-lib-v3_conf.bc	-	outputs/saber/openssl/workspace__openssl-bc__bc__crypto__x509__libcrypto-lib-v3_conf.leak.stderr.txt	0.064
0	dfree	workspace/openssl-bc/bc/crypto/x509/libcrypto-lib-v3_conf.bc	-	-	0.064
0	fileck	workspace/openssl-bc/bc/crypto/x509/libcrypto-lib-v3_conf.bc	-	-	0.064
0	null-deref	workspace/openssl-bc/bc/crypto/x509/libcrypto-lib-v3_conf.bc	-	outputs/saber/openssl/workspace__openssl-bc__bc__crypto__x509__libcrypto-lib-v3_conf.null-deref.stderr.txt	0.064
0	leak	workspace/openssl-bc/bc/crypto/x509/libcrypto-lib-v3_cpols.bc	-	outputs/saber/openssl/workspace__openssl-bc__bc__crypto__x509__libcrypto-lib-v3_cpols.leak.stderr.txt	0.114
0	dfree	workspace/openssl-bc/bc/crypto/x509/libcrypto-lib-v3_cpols.bc	-	-	0.114
0	fileck	workspace/openssl-bc/bc/crypto/x509/libcrypto-lib-v3_cpols.bc	-	-	0.041
0	null-deref	workspace/openssl-bc/bc/crypto/x509/libcrypto-lib-v3_cpols.bc	-	outputs/saber/openssl/workspace__openssl-bc__bc__crypto__x509__libcrypto-lib-v3_cpols.null-deref.stderr.txt	0.114
0	leak	workspace/openssl-bc/bc/crypto/x509/libcrypto-lib-v3_crld.bc	-	outputs/saber/openssl/workspace__openssl-bc__bc__crypto__x509__libcrypto-lib-v3_crld.leak.stderr.txt	0.064
0	dfree	workspace/openssl-bc/bc/crypto/x509/libcrypto-lib-v3_crld.bc	-	-	0.064
0	fileck	workspace/openssl-bc/bc/crypto/x509/libcrypto-lib-v3_crld.bc	-	-	0.064
0	null-deref	workspace/openssl-bc/bc/crypto/x509/libcrypto-lib-v3_crld.bc	-	outputs/saber/openssl/workspace__openssl-bc__bc__crypto__x509__libcrypto-lib-v3_crld.null-deref.stderr.txt	0.064
0	leak	workspace/openssl-bc/bc/crypto/x509/libcrypto-lib-v3_enum.bc	-	-	0.016
0	dfree	workspace/openssl-bc/bc/crypto/x509/libcrypto-lib-v3_enum.bc	-	-	0.016
0	fileck	workspace/openssl-bc/bc/crypto/x509/libcrypto-lib-v3_enum.bc	-	-	0.016
0	null-deref	workspace/openssl-bc/bc/crypto/x509/libcrypto-lib-v3_enum.bc	-	-	0.016
0	leak	workspace/openssl-bc/bc/crypto/x509/libcrypto-lib-v3_extku.bc	-	-	0.032
0	dfree	workspace/openssl-bc/bc/crypto/x509/libcrypto-lib-v3_extku.bc	-	-	0.032
0	fileck	workspace/openssl-bc/bc/crypto/x509/libcrypto-lib-v3_extku.bc	-	-	0.032
0	null-deref	workspace/openssl-bc/bc/crypto/x509/libcrypto-lib-v3_extku.bc	-	-	0.016
0	leak	workspace/openssl-bc/bc/crypto/x509/libcrypto-lib-v3_genn.bc	-	-	0.032
0	dfree	workspace/openssl-bc/bc/crypto/x509/libcrypto-lib-v3_genn.bc	-	-	0.032
0	fileck	workspace/openssl-bc/bc/crypto/x509/libcrypto-lib-v3_genn.bc	-	-	0.032
0	null-deref	workspace/openssl-bc/bc/crypto/x509/libcrypto-lib-v3_genn.bc	-	-	0.032
0	leak	workspace/openssl-bc/bc/crypto/x509/libcrypto-lib-v3_group_ac.bc	-	-	0.016
0	dfree	workspace/openssl-bc/bc/crypto/x509/libcrypto-lib-v3_group_ac.bc	-	-	0.016
0	fileck	workspace/openssl-bc/bc/crypto/x509/libcrypto-lib-v3_group_ac.bc	-	-	0.016
0	null-deref	workspace/openssl-bc/bc/crypto/x509/libcrypto-lib-v3_group_ac.bc	-	-	0.016
0	leak	workspace/openssl-bc/bc/crypto/x509/libcrypto-lib-v3_ia5.bc	-	outputs/saber/openssl/workspace__openssl-bc__bc__crypto__x509__libcrypto-lib-v3_ia5.leak.stderr.txt	0.032
0	dfree	workspace/openssl-bc/bc/crypto/x509/libcrypto-lib-v3_ia5.bc	-	-	0.032
0	fileck	workspace/openssl-bc/bc/crypto/x509/libcrypto-lib-v3_ia5.bc	-	-	0.016
0	null-deref	workspace/openssl-bc/bc/crypto/x509/libcrypto-lib-v3_ia5.bc	-	outputs/saber/openssl/workspace__openssl-bc__bc__crypto__x509__libcrypto-lib-v3_ia5.null-deref.stderr.txt	0.016
0	leak	workspace/openssl-bc/bc/crypto/x509/libcrypto-lib-v3_ind_iss.bc	-	-	0.016
0	dfree	workspace/openssl-bc/bc/crypto/x509/libcrypto-lib-v3_ind_iss.bc	-	-	0.016
0	fileck	workspace/openssl-bc/bc/crypto/x509/libcrypto-lib-v3_ind_iss.bc	-	-	0.016
0	null-deref	workspace/openssl-bc/bc/crypto/x509/libcrypto-lib-v3_ind_iss.bc	-	-	0.016
0	leak	workspace/openssl-bc/bc/crypto/x509/libcrypto-lib-v3_info.bc	-	outputs/saber/openssl/workspace__openssl-bc__bc__crypto__x509__libcrypto-lib-v3_info.leak.stderr.txt	0.032
0	dfree	workspace/openssl-bc/bc/crypto/x509/libcrypto-lib-v3_info.bc	-	-	0.032
0	fileck	workspace/openssl-bc/bc/crypto/x509/libcrypto-lib-v3_info.bc	-	-	0.032
0	null-deref	workspace/openssl-bc/bc/crypto/x509/libcrypto-lib-v3_info.bc	-	outputs/saber/openssl/workspace__openssl-bc__bc__crypto__x509__libcrypto-lib-v3_info.null-deref.stderr.txt	0.032
0	leak	workspace/openssl-bc/bc/crypto/x509/libcrypto-lib-v3_int.bc	-	-	0.016
0	dfree	workspace/openssl-bc/bc/crypto/x509/libcrypto-lib-v3_int.bc	-	-	0.016
0	fileck	workspace/openssl-bc/bc/crypto/x509/libcrypto-lib-v3_int.bc	-	-	0.016
0	null-deref	workspace/openssl-bc/bc/crypto/x509/libcrypto-lib-v3_int.bc	-	-	0.016
0	leak	workspace/openssl-bc/bc/crypto/x509/libcrypto-lib-v3_iobo.bc	-	-	0.016
0	dfree	workspace/openssl-bc/bc/crypto/x509/libcrypto-lib-v3_iobo.bc	-	-	0.016
0	fileck	workspace/openssl-bc/bc/crypto/x509/libcrypto-lib-v3_iobo.bc	-	-	0.016
0	null-deref	workspace/openssl-bc/bc/crypto/x509/libcrypto-lib-v3_iobo.bc	-	-	0.016
0	leak	workspace/openssl-bc/bc/crypto/x509/libcrypto-lib-v3_ist.bc	-	-	0.032
0	dfree	workspace/openssl-bc/bc/crypto/x509/libcrypto-lib-v3_ist.bc	-	-	0.032
0	fileck	workspace/openssl-bc/bc/crypto/x509/libcrypto-lib-v3_ist.bc	-	-	0.032
0	null-deref	workspace/openssl-bc/bc/crypto/x509/libcrypto-lib-v3_ist.bc	-	-	0.032
0	leak	workspace/openssl-bc/bc/crypto/x509/libcrypto-lib-v3_lib.bc	-	-	0.032
0	dfree	workspace/openssl-bc/bc/crypto/x509/libcrypto-lib-v3_lib.bc	-	-	0.032
0	fileck	workspace/openssl-bc/bc/crypto/x509/libcrypto-lib-v3_lib.bc	-	-	0.032
0	null-deref	workspace/openssl-bc/bc/crypto/x509/libcrypto-lib-v3_lib.bc	-	-	0.032
0	leak	workspace/openssl-bc/bc/crypto/x509/libcrypto-lib-v3_ncons.bc	-	outputs/saber/openssl/workspace__openssl-bc__bc__crypto__x509__libcrypto-lib-v3_ncons.leak.stderr.txt	0.064
0	dfree	workspace/openssl-bc/bc/crypto/x509/libcrypto-lib-v3_ncons.bc	-	-	0.064
0	fileck	workspace/openssl-bc/bc/crypto/x509/libcrypto-lib-v3_ncons.bc	-	-	0.064
0	null-deref	workspace/openssl-bc/bc/crypto/x509/libcrypto-lib-v3_ncons.bc	-	outputs/saber/openssl/workspace__openssl-bc__bc__crypto__x509__libcrypto-lib-v3_ncons.null-deref.stderr.txt	0.064
0	leak	workspace/openssl-bc/bc/crypto/x509/libcrypto-lib-v3_no_ass.bc	-	-	0.016
0	dfree	workspace/openssl-bc/bc/crypto/x509/libcrypto-lib-v3_no_ass.bc	-	-	0.016
0	fileck	workspace/openssl-bc/bc/crypto/x509/libcrypto-lib-v3_no_ass.bc	-	-	0.016
0	null-deref	workspace/openssl-bc/bc/crypto/x509/libcrypto-lib-v3_no_ass.bc	-	-	0.016
0	leak	workspace/openssl-bc/bc/crypto/x509/libcrypto-lib-v3_no_rev_avail.bc	-	-	0.016
0	dfree	workspace/openssl-bc/bc/crypto/x509/libcrypto-lib-v3_no_rev_avail.bc	-	-	0.016
0	fileck	workspace/openssl-bc/bc/crypto/x509/libcrypto-lib-v3_no_rev_avail.bc	-	-	0.017
0	null-deref	workspace/openssl-bc/bc/crypto/x509/libcrypto-lib-v3_no_rev_avail.bc	-	-	0.016
0	leak	workspace/openssl-bc/bc/crypto/x509/libcrypto-lib-v3_pci.bc	-	outputs/saber/openssl/workspace__openssl-bc__bc__crypto__x509__libcrypto-lib-v3_pci.leak.stderr.txt	0.032
0	dfree	workspace/openssl-bc/bc/crypto/x509/libcrypto-lib-v3_pci.bc	-	-	0.032
0	fileck	workspace/openssl-bc/bc/crypto/x509/libcrypto-lib-v3_pci.bc	-	-	0.032
0	null-deref	workspace/openssl-bc/bc/crypto/x509/libcrypto-lib-v3_pci.bc	-	outputs/saber/openssl/workspace__openssl-bc__bc__crypto__x509__libcrypto-lib-v3_pci.null-deref.stderr.txt	0.032
0	leak	workspace/openssl-bc/bc/crypto/x509/libcrypto-lib-v3_pcia.bc	-	-	0.016
0	dfree	workspace/openssl-bc/bc/crypto/x509/libcrypto-lib-v3_pcia.bc	-	-	0.016
0	fileck	workspace/openssl-bc/bc/crypto/x509/libcrypto-lib-v3_pcia.bc	-	-	0.016
0	null-deref	workspace/openssl-bc/bc/crypto/x509/libcrypto-lib-v3_pcia.bc	-	-	0.016
0	leak	workspace/openssl-bc/bc/crypto/x509/libcrypto-lib-v3_pcons.bc	-	outputs/saber/openssl/workspace__openssl-bc__bc__crypto__x509__libcrypto-lib-v3_pcons.leak.stderr.txt	0.032
0	dfree	workspace/openssl-bc/bc/crypto/x509/libcrypto-lib-v3_pcons.bc	-	-	0.032
0	fileck	workspace/openssl-bc/bc/crypto/x509/libcrypto-lib-v3_pcons.bc	-	-	0.032
0	null-deref	workspace/openssl-bc/bc/crypto/x509/libcrypto-lib-v3_pcons.bc	-	outputs/saber/openssl/workspace__openssl-bc__bc__crypto__x509__libcrypto-lib-v3_pcons.null-deref.stderr.txt	0.032
0	leak	workspace/openssl-bc/bc/crypto/x509/libcrypto-lib-v3_pku.bc	-	-	0.016
0	dfree	workspace/openssl-bc/bc/crypto/x509/libcrypto-lib-v3_pku.bc	-	-	0.016
0	fileck	workspace/openssl-bc/bc/crypto/x509/libcrypto-lib-v3_pku.bc	-	-	0.016
0	null-deref	workspace/openssl-bc/bc/crypto/x509/libcrypto-lib-v3_pku.bc	-	-	0.016
0	leak	workspace/openssl-bc/bc/crypto/x509/libcrypto-lib-v3_pmaps.bc	-	outputs/saber/openssl/workspace__openssl-bc__bc__crypto__x509__libcrypto-lib-v3_pmaps.leak.stderr.txt	0.032
0	dfree	workspace/openssl-bc/bc/crypto/x509/libcrypto-lib-v3_pmaps.bc	-	-	0.032
0	fileck	workspace/openssl-bc/bc/crypto/x509/libcrypto-lib-v3_pmaps.bc	-	-	0.032
0	null-deref	workspace/openssl-bc/bc/crypto/x509/libcrypto-lib-v3_pmaps.bc	-	outputs/saber/openssl/workspace__openssl-bc__bc__crypto__x509__libcrypto-lib-v3_pmaps.null-deref.stderr.txt	0.032
0	leak	workspace/openssl-bc/bc/crypto/x509/libcrypto-lib-v3_prn.bc	-	-	0.032
0	dfree	workspace/openssl-bc/bc/crypto/x509/libcrypto-lib-v3_prn.bc	-	-	0.032
0	fileck	workspace/openssl-bc/bc/crypto/x509/libcrypto-lib-v3_prn.bc	-	-	0.032
0	null-deref	workspace/openssl-bc/bc/crypto/x509/libcrypto-lib-v3_prn.bc	-	-	0.032
0	leak	workspace/openssl-bc/bc/crypto/x509/libcrypto-lib-v3_purp.bc	-	-	0.064
0	dfree	workspace/openssl-bc/bc/crypto/x509/libcrypto-lib-v3_purp.bc	-	-	0.064
0	fileck	workspace/openssl-bc/bc/crypto/x509/libcrypto-lib-v3_purp.bc	-	-	0.064
0	null-deref	workspace/openssl-bc/bc/crypto/x509/libcrypto-lib-v3_purp.bc	-	-	0.065
0	leak	workspace/openssl-bc/bc/crypto/x509/libcrypto-lib-v3_rolespec.bc	-	-	0.032
0	dfree	workspace/openssl-bc/bc/crypto/x509/libcrypto-lib-v3_rolespec.bc	-	-	0.032
0	fileck	workspace/openssl-bc/bc/crypto/x509/libcrypto-lib-v3_rolespec.bc	-	-	0.032
0	null-deref	workspace/openssl-bc/bc/crypto/x509/libcrypto-lib-v3_rolespec.bc	-	-	0.032
0	leak	workspace/openssl-bc/bc/crypto/x509/libcrypto-lib-v3_san.bc	-	-	0.064
0	dfree	workspace/openssl-bc/bc/crypto/x509/libcrypto-lib-v3_san.bc	-	-	0.064
0	fileck	workspace/openssl-bc/bc/crypto/x509/libcrypto-lib-v3_san.bc	-	-	0.064
0	null-deref	workspace/openssl-bc/bc/crypto/x509/libcrypto-lib-v3_san.bc	-	-	0.064
0	leak	workspace/openssl-bc/bc/crypto/x509/libcrypto-lib-v3_sda.bc	-	-	0.016
0	dfree	workspace/openssl-bc/bc/crypto/x509/libcrypto-lib-v3_sda.bc	-	-	0.016
0	fileck	workspace/openssl-bc/bc/crypto/x509/libcrypto-lib-v3_sda.bc	-	-	0.016
0	null-deref	workspace/openssl-bc/bc/crypto/x509/libcrypto-lib-v3_sda.bc	-	-	0.032
0	leak	workspace/openssl-bc/bc/crypto/x509/libcrypto-lib-v3_single_use.bc	-	-	0.016
0	dfree	workspace/openssl-bc/bc/crypto/x509/libcrypto-lib-v3_single_use.bc	-	-	0.016
0	fileck	workspace/openssl-bc/bc/crypto/x509/libcrypto-lib-v3_single_use.bc	-	-	0.016
0	null-deref	workspace/openssl-bc/bc/crypto/x509/libcrypto-lib-v3_single_use.bc	-	-	0.016
0	leak	workspace/openssl-bc/bc/crypto/x509/libcrypto-lib-v3_skid.bc	-	-	0.032
0	dfree	workspace/openssl-bc/bc/crypto/x509/libcrypto-lib-v3_skid.bc	-	-	0.016
0	fileck	workspace/openssl-bc/bc/crypto/x509/libcrypto-lib-v3_skid.bc	-	-	0.016
0	null-deref	workspace/openssl-bc/bc/crypto/x509/libcrypto-lib-v3_skid.bc	-	-	0.032
0	leak	workspace/openssl-bc/bc/crypto/x509/libcrypto-lib-v3_soa_id.bc	-	-	0.016
0	dfree	workspace/openssl-bc/bc/crypto/x509/libcrypto-lib-v3_soa_id.bc	-	-	0.016
0	fileck	workspace/openssl-bc/bc/crypto/x509/libcrypto-lib-v3_soa_id.bc	-	-	0.016
0	null-deref	workspace/openssl-bc/bc/crypto/x509/libcrypto-lib-v3_soa_id.bc	-	-	0.016
0	leak	workspace/openssl-bc/bc/crypto/x509/libcrypto-lib-v3_sxnet.bc	-	outputs/saber/openssl/workspace__openssl-bc__bc__crypto__x509__libcrypto-lib-v3_sxnet.leak.stderr.txt	0.064
0	dfree	workspace/openssl-bc/bc/crypto/x509/libcrypto-lib-v3_sxnet.bc	-	-	0.064
0	fileck	workspace/openssl-bc/bc/crypto/x509/libcrypto-lib-v3_sxnet.bc	-	-	0.033
0	null-deref	workspace/openssl-bc/bc/crypto/x509/libcrypto-lib-v3_sxnet.bc	-	outputs/saber/openssl/workspace__openssl-bc__bc__crypto__x509__libcrypto-lib-v3_sxnet.null-deref.stderr.txt	0.064
0	leak	workspace/openssl-bc/bc/crypto/x509/libcrypto-lib-v3_timespec.bc	-	-	0.064
0	dfree	workspace/openssl-bc/bc/crypto/x509/libcrypto-lib-v3_timespec.bc	-	-	0.064
0	fileck	workspace/openssl-bc/bc/crypto/x509/libcrypto-lib-v3_timespec.bc	-	-	0.064
0	null-deref	workspace/openssl-bc/bc/crypto/x509/libcrypto-lib-v3_timespec.bc	-	-	0.064
0	leak	workspace/openssl-bc/bc/crypto/x509/libcrypto-lib-v3_tlsf.bc	-	-	0.032
0	dfree	workspace/openssl-bc/bc/crypto/x509/libcrypto-lib-v3_tlsf.bc	-	-	0.032
0	fileck	workspace/openssl-bc/bc/crypto/x509/libcrypto-lib-v3_tlsf.bc	-	-	0.032
0	null-deref	workspace/openssl-bc/bc/crypto/x509/libcrypto-lib-v3_tlsf.bc	-	-	0.032
0	leak	workspace/openssl-bc/bc/crypto/x509/libcrypto-lib-v3_usernotice.bc	-	-	0.032
0	dfree	workspace/openssl-bc/bc/crypto/x509/libcrypto-lib-v3_usernotice.bc	-	-	0.032
0	fileck	workspace/openssl-bc/bc/crypto/x509/libcrypto-lib-v3_usernotice.bc	-	-	0.032
0	null-deref	workspace/openssl-bc/bc/crypto/x509/libcrypto-lib-v3_usernotice.bc	-	-	0.032
0	leak	workspace/openssl-bc/bc/crypto/x509/libcrypto-lib-v3_utf8.bc	-	outputs/saber/openssl/workspace__openssl-bc__bc__crypto__x509__libcrypto-lib-v3_utf8.leak.stderr.txt	0.032
0	dfree	workspace/openssl-bc/bc/crypto/x509/libcrypto-lib-v3_utf8.bc	-	-	0.032
0	fileck	workspace/openssl-bc/bc/crypto/x509/libcrypto-lib-v3_utf8.bc	-	-	0.016
0	null-deref	workspace/openssl-bc/bc/crypto/x509/libcrypto-lib-v3_utf8.bc	-	outputs/saber/openssl/workspace__openssl-bc__bc__crypto__x509__libcrypto-lib-v3_utf8.null-deref.stderr.txt	0.032
0	leak	workspace/openssl-bc/bc/crypto/x509/libcrypto-lib-v3_utl.bc	-	outputs/saber/openssl/workspace__openssl-bc__bc__crypto__x509__libcrypto-lib-v3_utl.leak.stderr.txt	0.114
0	dfree	workspace/openssl-bc/bc/crypto/x509/libcrypto-lib-v3_utl.bc	-	-	0.114
0	fileck	workspace/openssl-bc/bc/crypto/x509/libcrypto-lib-v3_utl.bc	-	-	0.114
0	null-deref	workspace/openssl-bc/bc/crypto/x509/libcrypto-lib-v3_utl.bc	-	outputs/saber/openssl/workspace__openssl-bc__bc__crypto__x509__libcrypto-lib-v3_utl.null-deref.stderr.txt	0.114
0	leak	workspace/openssl-bc/bc/crypto/x509/libcrypto-lib-v3err.bc	-	-	0.032
0	dfree	workspace/openssl-bc/bc/crypto/x509/libcrypto-lib-v3err.bc	-	-	0.032
0	fileck	workspace/openssl-bc/bc/crypto/x509/libcrypto-lib-v3err.bc	-	-	0.016
0	null-deref	workspace/openssl-bc/bc/crypto/x509/libcrypto-lib-v3err.bc	-	-	0.032
0	leak	workspace/openssl-bc/bc/crypto/x509/libcrypto-lib-x509_acert.bc	-	outputs/saber/openssl/workspace__openssl-bc__bc__crypto__x509__libcrypto-lib-x509_acert.leak.stderr.txt	0.032
0	dfree	workspace/openssl-bc/bc/crypto/x509/libcrypto-lib-x509_acert.bc	-	-	0.032
0	fileck	workspace/openssl-bc/bc/crypto/x509/libcrypto-lib-x509_acert.bc	-	-	0.032
0	null-deref	workspace/openssl-bc/bc/crypto/x509/libcrypto-lib-x509_acert.bc	-	outputs/saber/openssl/workspace__openssl-bc__bc__crypto__x509__libcrypto-lib-x509_acert.null-deref.stderr.txt	0.032
0	leak	workspace/openssl-bc/bc/crypto/x509/libcrypto-lib-x509_att.bc	-	outputs/saber/openssl/workspace__openssl-bc__bc__crypto__x509__libcrypto-lib-x509_att.leak.stderr.txt	0.032
0	dfree	workspace/openssl-bc/bc/crypto/x509/libcrypto-lib-x509_att.bc	-	-	0.032
0	fileck	workspace/openssl-bc/bc/crypto/x509/libcrypto-lib-x509_att.bc	-	-	0.032
0	null-deref	workspace/openssl-bc/bc/crypto/x509/libcrypto-lib-x509_att.bc	-	outputs/saber/openssl/workspace__openssl-bc__bc__crypto__x509__libcrypto-lib-x509_att.null-deref.stderr.txt	0.032
0	leak	workspace/openssl-bc/bc/crypto/x509/libcrypto-lib-x509_cmp.bc	-	-	0.064
0	dfree	workspace/openssl-bc/bc/crypto/x509/libcrypto-lib-x509_cmp.bc	-	-	0.064
0	fileck	workspace/openssl-bc/bc/crypto/x509/libcrypto-lib-x509_cmp.bc	-	-	0.064
0	null-deref	workspace/openssl-bc/bc/crypto/x509/libcrypto-lib-x509_cmp.bc	-	-	0.064
0	leak	workspace/openssl-bc/bc/crypto/x509/libcrypto-lib-x509_d2.bc	-	-	0.016
0	dfree	workspace/openssl-bc/bc/crypto/x509/libcrypto-lib-x509_d2.bc	-	-	0.016
0	fileck	workspace/openssl-bc/bc/crypto/x509/libcrypto-lib-x509_d2.bc	-	-	0.016
0	null-deref	workspace/openssl-bc/bc/crypto/x509/libcrypto-lib-x509_d2.bc	-	-	0.016
0	leak	workspace/openssl-bc/bc/crypto/x509/libcrypto-lib-x509_def.bc	-	-	0.016
0	dfree	workspace/openssl-bc/bc/crypto/x509/libcrypto-lib-x509_def.bc	-	-	0.016
0	fileck	workspace/openssl-bc/bc/crypto/x509/libcrypto-lib-x509_def.bc	-	-	0.016
0	null-deref	workspace/openssl-bc/bc/crypto/x509/libcrypto-lib-x509_def.bc	-	-	0.016
0	leak	workspace/openssl-bc/bc/crypto/x509/libcrypto-lib-x509_err.bc	-	-	0.016
0	dfree	workspace/openssl-bc/bc/crypto/x509/libcrypto-lib-x509_err.bc	-	-	0.016
0	fileck	workspace/openssl-bc/bc/crypto/x509/libcrypto-lib-x509_err.bc	-	-	0.016
0	null-deref	workspace/openssl-bc/bc/crypto/x509/libcrypto-lib-x509_err.bc	-	-	0.016
0	leak	workspace/openssl-bc/bc/crypto/x509/libcrypto-lib-x509_ext.bc	-	-	0.032
0	dfree	workspace/openssl-bc/bc/crypto/x509/libcrypto-lib-x509_ext.bc	-	-	0.032
0	fileck	workspace/openssl-bc/bc/crypto/x509/libcrypto-lib-x509_ext.bc	-	-	0.032
0	null-deref	workspace/openssl-bc/bc/crypto/x509/libcrypto-lib-x509_ext.bc	-	-	0.032
0	leak	workspace/openssl-bc/bc/crypto/x509/libcrypto-lib-x509_lu.bc	-	outputs/saber/openssl/workspace__openssl-bc__bc__crypto__x509__libcrypto-lib-x509_lu.leak.stderr.txt	0.064
0	dfree	workspace/openssl-bc/bc/crypto/x509/libcrypto-lib-x509_lu.bc	-	-	0.064
0	fileck	workspace/openssl-bc/bc/crypto/x509/libcrypto-lib-x509_lu.bc	-	-	0.064
0	null-deref	workspace/openssl-bc/bc/crypto/x509/libcrypto-lib-x509_lu.bc	-	outputs/saber/openssl/workspace__openssl-bc__bc__crypto__x509__libcrypto-lib-x509_lu.null-deref.stderr.txt	0.064
0	leak	workspace/openssl-bc/bc/crypto/x509/libcrypto-lib-x509_meth.bc	-	-	0.016
0	dfree	workspace/openssl-bc/bc/crypto/x509/libcrypto-lib-x509_meth.bc	-	-	0.016
0	fileck	workspace/openssl-bc/bc/crypto/x509/libcrypto-lib-x509_meth.bc	-	-	0.016
0	null-deref	workspace/openssl-bc/bc/crypto/x509/libcrypto-lib-x509_meth.bc	-	-	0.016
0	leak	workspace/openssl-bc/bc/crypto/x509/libcrypto-lib-x509_obj.bc	-	-	0.032
0	dfree	workspace/openssl-bc/bc/crypto/x509/libcrypto-lib-x509_obj.bc	-	-	0.032
0	fileck	workspace/openssl-bc/bc/crypto/x509/libcrypto-lib-x509_obj.bc	-	-	0.032
0	null-deref	workspace/openssl-bc/bc/crypto/x509/libcrypto-lib-x509_obj.bc	-	-	0.032
0	leak	workspace/openssl-bc/bc/crypto/x509/libcrypto-lib-x509_r2x.bc	-	-	0.016
0	dfree	workspace/openssl-bc/bc/crypto/x509/libcrypto-lib-x509_r2x.bc	-	-	0.016
0	fileck	workspace/openssl-bc/bc/crypto/x509/libcrypto-lib-x509_r2x.bc	-	-	0.016
0	null-deref	workspace/openssl-bc/bc/crypto/x509/libcrypto-lib-x509_r2x.bc	-	-	0.016
0	leak	workspace/openssl-bc/bc/crypto/x509/libcrypto-lib-x509_req.bc	-	-	0.032
0	dfree	workspace/openssl-bc/bc/crypto/x509/libcrypto-lib-x509_req.bc	-	-	0.032
0	fileck	workspace/openssl-bc/bc/crypto/x509/libcrypto-lib-x509_req.bc	-	-	0.032
0	null-deref	workspace/openssl-bc/bc/crypto/x509/libcrypto-lib-x509_req.bc	-	-	0.032
0	leak	workspace/openssl-bc/bc/crypto/x509/libcrypto-lib-x509_set.bc	-	-	0.032
0	dfree	workspace/openssl-bc/bc/crypto/x509/libcrypto-lib-x509_set.bc	-	-	0.032
0	fileck	workspace/openssl-bc/bc/crypto/x509/libcrypto-lib-x509_set.bc	-	-	0.032
0	null-deref	workspace/openssl-bc/bc/crypto/x509/libcrypto-lib-x509_set.bc	-	-	0.032
0	leak	workspace/openssl-bc/bc/crypto/x509/libcrypto-lib-x509_trust.bc	-	-	0.032
0	dfree	workspace/openssl-bc/bc/crypto/x509/libcrypto-lib-x509_trust.bc	-	-	0.032
0	fileck	workspace/openssl-bc/bc/crypto/x509/libcrypto-lib-x509_trust.bc	-	-	0.032
0	null-deref	workspace/openssl-bc/bc/crypto/x509/libcrypto-lib-x509_trust.bc	-	-	0.032
0	leak	workspace/openssl-bc/bc/crypto/x509/libcrypto-lib-x509_txt.bc	-	-	0.032
0	dfree	workspace/openssl-bc/bc/crypto/x509/libcrypto-lib-x509_txt.bc	-	-	0.032
0	fileck	workspace/openssl-bc/bc/crypto/x509/libcrypto-lib-x509_txt.bc	-	-	0.032
0	null-deref	workspace/openssl-bc/bc/crypto/x509/libcrypto-lib-x509_txt.bc	-	-	0.032
0	leak	workspace/openssl-bc/bc/crypto/x509/libcrypto-lib-x509_v3.bc	-	-	0.032
0	dfree	workspace/openssl-bc/bc/crypto/x509/libcrypto-lib-x509_v3.bc	-	-	0.032
0	fileck	workspace/openssl-bc/bc/crypto/x509/libcrypto-lib-x509_v3.bc	-	-	0.032
0	null-deref	workspace/openssl-bc/bc/crypto/x509/libcrypto-lib-x509_v3.bc	-	-	0.032
0	leak	workspace/openssl-bc/bc/crypto/x509/libcrypto-lib-x509_vfy.bc	-	-	0.214
0	dfree	workspace/openssl-bc/bc/crypto/x509/libcrypto-lib-x509_vfy.bc	-	-	0.215
0	fileck	workspace/openssl-bc/bc/crypto/x509/libcrypto-lib-x509_vfy.bc	-	-	0.214
0	null-deref	workspace/openssl-bc/bc/crypto/x509/libcrypto-lib-x509_vfy.bc	-	-	0.215
0	leak	workspace/openssl-bc/bc/crypto/x509/libcrypto-lib-x509_vpm.bc	-	-	0.064
0	dfree	workspace/openssl-bc/bc/crypto/x509/libcrypto-lib-x509_vpm.bc	-	-	0.065
0	fileck	workspace/openssl-bc/bc/crypto/x509/libcrypto-lib-x509_vpm.bc	-	-	0.064
0	null-deref	workspace/openssl-bc/bc/crypto/x509/libcrypto-lib-x509_vpm.bc	-	-	0.064
0	leak	workspace/openssl-bc/bc/crypto/x509/libcrypto-lib-x509aset.bc	-	-	0.032
0	dfree	workspace/openssl-bc/bc/crypto/x509/libcrypto-lib-x509aset.bc	-	-	0.032
0	fileck	workspace/openssl-bc/bc/crypto/x509/libcrypto-lib-x509aset.bc	-	-	0.032
0	null-deref	workspace/openssl-bc/bc/crypto/x509/libcrypto-lib-x509aset.bc	-	-	0.032
0	leak	workspace/openssl-bc/bc/crypto/x509/libcrypto-lib-x509cset.bc	-	-	0.032
0	dfree	workspace/openssl-bc/bc/crypto/x509/libcrypto-lib-x509cset.bc	-	-	0.032
0	fileck	workspace/openssl-bc/bc/crypto/x509/libcrypto-lib-x509cset.bc	-	-	0.032
0	null-deref	workspace/openssl-bc/bc/crypto/x509/libcrypto-lib-x509cset.bc	-	-	0.032
0	leak	workspace/openssl-bc/bc/crypto/x509/libcrypto-lib-x509name.bc	-	-	0.032
0	dfree	workspace/openssl-bc/bc/crypto/x509/libcrypto-lib-x509name.bc	-	-	0.032
0	fileck	workspace/openssl-bc/bc/crypto/x509/libcrypto-lib-x509name.bc	-	-	0.032
0	null-deref	workspace/openssl-bc/bc/crypto/x509/libcrypto-lib-x509name.bc	-	-	0.032
0	leak	workspace/openssl-bc/bc/crypto/x509/libcrypto-lib-x509rset.bc	-	-	0.016
0	dfree	workspace/openssl-bc/bc/crypto/x509/libcrypto-lib-x509rset.bc	-	-	0.016
0	fileck	workspace/openssl-bc/bc/crypto/x509/libcrypto-lib-x509rset.bc	-	-	0.016
0	null-deref	workspace/openssl-bc/bc/crypto/x509/libcrypto-lib-x509rset.bc	-	-	0.016
0	leak	workspace/openssl-bc/bc/crypto/x509/libcrypto-lib-x509spki.bc	-	-	0.016
0	dfree	workspace/openssl-bc/bc/crypto/x509/libcrypto-lib-x509spki.bc	-	-	0.016
0	fileck	workspace/openssl-bc/bc/crypto/x509/libcrypto-lib-x509spki.bc	-	-	0.016
0	null-deref	workspace/openssl-bc/bc/crypto/x509/libcrypto-lib-x509spki.bc	-	-	0.016
0	leak	workspace/openssl-bc/bc/crypto/x509/libcrypto-lib-x509type.bc	-	-	0.016
0	dfree	workspace/openssl-bc/bc/crypto/x509/libcrypto-lib-x509type.bc	-	-	0.016
0	fileck	workspace/openssl-bc/bc/crypto/x509/libcrypto-lib-x509type.bc	-	-	0.016
0	null-deref	workspace/openssl-bc/bc/crypto/x509/libcrypto-lib-x509type.bc	-	-	0.016
0	leak	workspace/openssl-bc/bc/crypto/x509/libcrypto-lib-x_all.bc	-	-	0.064
0	dfree	workspace/openssl-bc/bc/crypto/x509/libcrypto-lib-x_all.bc	-	-	0.064
0	fileck	workspace/openssl-bc/bc/crypto/x509/libcrypto-lib-x_all.bc	-	-	0.064
0	null-deref	workspace/openssl-bc/bc/crypto/x509/libcrypto-lib-x_all.bc	-	-	0.064
0	leak	workspace/openssl-bc/bc/crypto/x509/libcrypto-lib-x_attrib.bc	-	-	0.032
0	dfree	workspace/openssl-bc/bc/crypto/x509/libcrypto-lib-x_attrib.bc	-	-	0.032
0	fileck	workspace/openssl-bc/bc/crypto/x509/libcrypto-lib-x_attrib.bc	-	-	0.032
0	null-deref	workspace/openssl-bc/bc/crypto/x509/libcrypto-lib-x_attrib.bc	-	-	0.032
0	leak	workspace/openssl-bc/bc/crypto/x509/libcrypto-lib-x_crl.bc	-	-	0.064
0	dfree	workspace/openssl-bc/bc/crypto/x509/libcrypto-lib-x_crl.bc	-	-	0.064
0	fileck	workspace/openssl-bc/bc/crypto/x509/libcrypto-lib-x_crl.bc	-	-	0.064
0	null-deref	workspace/openssl-bc/bc/crypto/x509/libcrypto-lib-x_crl.bc	-	-	0.064
0	leak	workspace/openssl-bc/bc/crypto/x509/libcrypto-lib-x_exten.bc	-	-	0.016
0	dfree	workspace/openssl-bc/bc/crypto/x509/libcrypto-lib-x_exten.bc	-	-	0.016
0	fileck	workspace/openssl-bc/bc/crypto/x509/libcrypto-lib-x_exten.bc	-	-	0.016
0	null-deref	workspace/openssl-bc/bc/crypto/x509/libcrypto-lib-x_exten.bc	-	-	0.016
0	leak	workspace/openssl-bc/bc/crypto/x509/libcrypto-lib-x_ietfatt.bc	-	-	0.032
0	dfree	workspace/openssl-bc/bc/crypto/x509/libcrypto-lib-x_ietfatt.bc	-	-	0.032
0	fileck	workspace/openssl-bc/bc/crypto/x509/libcrypto-lib-x_ietfatt.bc	-	-	0.032
0	null-deref	workspace/openssl-bc/bc/crypto/x509/libcrypto-lib-x_ietfatt.bc	-	-	0.032
0	leak	workspace/openssl-bc/bc/crypto/x509/libcrypto-lib-x_name.bc	-	outputs/saber/openssl/workspace__openssl-bc__bc__crypto__x509__libcrypto-lib-x_name.leak.stderr.txt	0.064
0	dfree	workspace/openssl-bc/bc/crypto/x509/libcrypto-lib-x_name.bc	-	-	0.069
0	fileck	workspace/openssl-bc/bc/crypto/x509/libcrypto-lib-x_name.bc	-	-	0.064
0	null-deref	workspace/openssl-bc/bc/crypto/x509/libcrypto-lib-x_name.bc	-	outputs/saber/openssl/workspace__openssl-bc__bc__crypto__x509__libcrypto-lib-x_name.null-deref.stderr.txt	0.064
0	leak	workspace/openssl-bc/bc/crypto/x509/libcrypto-lib-x_pubkey.bc	-	outputs/saber/openssl/workspace__openssl-bc__bc__crypto__x509__libcrypto-lib-x_pubkey.leak.stderr.txt	0.064
0	dfree	workspace/openssl-bc/bc/crypto/x509/libcrypto-lib-x_pubkey.bc	-	-	0.064
0	fileck	workspace/openssl-bc/bc/crypto/x509/libcrypto-lib-x_pubkey.bc	-	-	0.065
0	null-deref	workspace/openssl-bc/bc/crypto/x509/libcrypto-lib-x_pubkey.bc	-	outputs/saber/openssl/workspace__openssl-bc__bc__crypto__x509__libcrypto-lib-x_pubkey.null-deref.stderr.txt	0.064
0	leak	workspace/openssl-bc/bc/crypto/x509/libcrypto-lib-x_req.bc	-	-	0.032
0	dfree	workspace/openssl-bc/bc/crypto/x509/libcrypto-lib-x_req.bc	-	-	0.032
0	fileck	workspace/openssl-bc/bc/crypto/x509/libcrypto-lib-x_req.bc	-	-	0.032
0	null-deref	workspace/openssl-bc/bc/crypto/x509/libcrypto-lib-x_req.bc	-	-	0.032
0	leak	workspace/openssl-bc/bc/crypto/x509/libcrypto-lib-x_x509.bc	-	-	0.032
0	dfree	workspace/openssl-bc/bc/crypto/x509/libcrypto-lib-x_x509.bc	-	-	0.032
0	fileck	workspace/openssl-bc/bc/crypto/x509/libcrypto-lib-x_x509.bc	-	-	0.032
0	null-deref	workspace/openssl-bc/bc/crypto/x509/libcrypto-lib-x_x509.bc	-	-	0.032
0	leak	workspace/openssl-bc/bc/crypto/x509/libcrypto-lib-x_x509a.bc	-	outputs/saber/openssl/workspace__openssl-bc__bc__crypto__x509__libcrypto-lib-x_x509a.leak.stderr.txt	0.032
0	dfree	workspace/openssl-bc/bc/crypto/x509/libcrypto-lib-x_x509a.bc	-	-	0.032
0	fileck	workspace/openssl-bc/bc/crypto/x509/libcrypto-lib-x_x509a.bc	-	-	0.032
0	null-deref	workspace/openssl-bc/bc/crypto/x509/libcrypto-lib-x_x509a.bc	-	outputs/saber/openssl/workspace__openssl-bc__bc__crypto__x509__libcrypto-lib-x_x509a.null-deref.stderr.txt	0.032
0	leak	workspace/openssl-bc/bc/providers/common/der/libcommon-lib-der_digests_gen.bc	-	-	0.016
0	dfree	workspace/openssl-bc/bc/providers/common/der/libcommon-lib-der_digests_gen.bc	-	-	0.016
0	fileck	workspace/openssl-bc/bc/providers/common/der/libcommon-lib-der_digests_gen.bc	-	-	0.016
0	null-deref	workspace/openssl-bc/bc/providers/common/der/libcommon-lib-der_digests_gen.bc	-	-	0.016
0	leak	workspace/openssl-bc/bc/providers/common/der/libcommon-lib-der_dsa_gen.bc	-	-	0.016
0	dfree	workspace/openssl-bc/bc/providers/common/der/libcommon-lib-der_dsa_gen.bc	-	-	0.016
0	fileck	workspace/openssl-bc/bc/providers/common/der/libcommon-lib-der_dsa_gen.bc	-	-	0.016
0	null-deref	workspace/openssl-bc/bc/providers/common/der/libcommon-lib-der_dsa_gen.bc	-	-	0.016
0	leak	workspace/openssl-bc/bc/providers/common/der/libcommon-lib-der_dsa_key.bc	-	-	0.016
0	dfree	workspace/openssl-bc/bc/providers/common/der/libcommon-lib-der_dsa_key.bc	-	-	0.016
0	fileck	workspace/openssl-bc/bc/providers/common/der/libcommon-lib-der_dsa_key.bc	-	-	0.016
0	null-deref	workspace/openssl-bc/bc/providers/common/der/libcommon-lib-der_dsa_key.bc	-	-	0.016
0	leak	workspace/openssl-bc/bc/providers/common/der/libcommon-lib-der_dsa_sig.bc	-	-	0.016
0	dfree	workspace/openssl-bc/bc/providers/common/der/libcommon-lib-der_dsa_sig.bc	-	-	0.016
0	fileck	workspace/openssl-bc/bc/providers/common/der/libcommon-lib-der_dsa_sig.bc	-	-	0.016
0	null-deref	workspace/openssl-bc/bc/providers/common/der/libcommon-lib-der_dsa_sig.bc	-	-	0.016
0	leak	workspace/openssl-bc/bc/providers/common/der/libcommon-lib-der_ec_gen.bc	-	-	0.016
0	dfree	workspace/openssl-bc/bc/providers/common/der/libcommon-lib-der_ec_gen.bc	-	-	0.016
0	fileck	workspace/openssl-bc/bc/providers/common/der/libcommon-lib-der_ec_gen.bc	-	-	0.016
0	null-deref	workspace/openssl-bc/bc/providers/common/der/libcommon-lib-der_ec_gen.bc	-	-	0.016
0	leak	workspace/openssl-bc/bc/providers/common/der/libcommon-lib-der_ec_key.bc	-	-	0.016
0	dfree	workspace/openssl-bc/bc/providers/common/der/libcommon-lib-der_ec_key.bc	-	-	0.016
0	fileck	workspace/openssl-bc/bc/providers/common/der/libcommon-lib-der_ec_key.bc	-	-	0.016
0	null-deref	workspace/openssl-bc/bc/providers/common/der/libcommon-lib-der_ec_key.bc	-	-	0.016
0	leak	workspace/openssl-bc/bc/providers/common/der/libcommon-lib-der_ec_sig.bc	-	-	0.016
0	dfree	workspace/openssl-bc/bc/providers/common/der/libcommon-lib-der_ec_sig.bc	-	-	0.016
0	fileck	workspace/openssl-bc/bc/providers/common/der/libcommon-lib-der_ec_sig.bc	-	-	0.016
0	null-deref	workspace/openssl-bc/bc/providers/common/der/libcommon-lib-der_ec_sig.bc	-	-	0.016
0	leak	workspace/openssl-bc/bc/providers/common/der/libcommon-lib-der_ecx_gen.bc	-	-	0.016
0	dfree	workspace/openssl-bc/bc/providers/common/der/libcommon-lib-der_ecx_gen.bc	-	-	0.016
0	fileck	workspace/openssl-bc/bc/providers/common/der/libcommon-lib-der_ecx_gen.bc	-	-	0.016
0	null-deref	workspace/openssl-bc/bc/providers/common/der/libcommon-lib-der_ecx_gen.bc	-	-	0.016
0	leak	workspace/openssl-bc/bc/providers/common/der/libcommon-lib-der_ecx_key.bc	-	-	0.016
0	dfree	workspace/openssl-bc/bc/providers/common/der/libcommon-lib-der_ecx_key.bc	-	-	0.016
0	fileck	workspace/openssl-bc/bc/providers/common/der/libcommon-lib-der_ecx_key.bc	-	-	0.016
0	null-deref	workspace/openssl-bc/bc/providers/common/der/libcommon-lib-der_ecx_key.bc	-	-	0.016
0	leak	workspace/openssl-bc/bc/providers/common/der/libcommon-lib-der_hkdf_gen.bc	-	-	0.016
0	dfree	workspace/openssl-bc/bc/providers/common/der/libcommon-lib-der_hkdf_gen.bc	-	-	0.016
0	fileck	workspace/openssl-bc/bc/providers/common/der/libcommon-lib-der_hkdf_gen.bc	-	-	0.016
0	null-deref	workspace/openssl-bc/bc/providers/common/der/libcommon-lib-der_hkdf_gen.bc	-	-	0.016
0	leak	workspace/openssl-bc/bc/providers/common/der/libcommon-lib-der_ml_dsa_gen.bc	-	-	0.016
0	dfree	workspace/openssl-bc/bc/providers/common/der/libcommon-lib-der_ml_dsa_gen.bc	-	-	0.016
0	fileck	workspace/openssl-bc/bc/providers/common/der/libcommon-lib-der_ml_dsa_gen.bc	-	-	0.016
0	null-deref	workspace/openssl-bc/bc/providers/common/der/libcommon-lib-der_ml_dsa_gen.bc	-	-	0.016
0	leak	workspace/openssl-bc/bc/providers/common/der/libcommon-lib-der_ml_dsa_key.bc	-	-	0.016
0	dfree	workspace/openssl-bc/bc/providers/common/der/libcommon-lib-der_ml_dsa_key.bc	-	-	0.016
0	fileck	workspace/openssl-bc/bc/providers/common/der/libcommon-lib-der_ml_dsa_key.bc	-	-	0.016
0	null-deref	workspace/openssl-bc/bc/providers/common/der/libcommon-lib-der_ml_dsa_key.bc	-	-	0.016
0	leak	workspace/openssl-bc/bc/providers/common/der/libcommon-lib-der_rsa_gen.bc	-	-	0.016
0	dfree	workspace/openssl-bc/bc/providers/common/der/libcommon-lib-der_rsa_gen.bc	-	-	0.016
0	fileck	workspace/openssl-bc/bc/providers/common/der/libcommon-lib-der_rsa_gen.bc	-	-	0.016
0	null-deref	workspace/openssl-bc/bc/providers/common/der/libcommon-lib-der_rsa_gen.bc	-	-	0.016
0	leak	workspace/openssl-bc/bc/providers/common/der/libcommon-lib-der_rsa_key.bc	-	-	0.032
0	dfree	workspace/openssl-bc/bc/providers/common/der/libcommon-lib-der_rsa_key.bc	-	-	0.032
0	fileck	workspace/openssl-bc/bc/providers/common/der/libcommon-lib-der_rsa_key.bc	-	-	0.032
0	null-deref	workspace/openssl-bc/bc/providers/common/der/libcommon-lib-der_rsa_key.bc	-	-	0.032
0	leak	workspace/openssl-bc/bc/providers/common/der/libcommon-lib-der_slh_dsa_gen.bc	-	-	0.016
0	dfree	workspace/openssl-bc/bc/providers/common/der/libcommon-lib-der_slh_dsa_gen.bc	-	-	0.016
0	fileck	workspace/openssl-bc/bc/providers/common/der/libcommon-lib-der_slh_dsa_gen.bc	-	-	0.016
0	null-deref	workspace/openssl-bc/bc/providers/common/der/libcommon-lib-der_slh_dsa_gen.bc	-	-	0.016
0	leak	workspace/openssl-bc/bc/providers/common/der/libcommon-lib-der_slh_dsa_key.bc	-	-	0.016
0	dfree	workspace/openssl-bc/bc/providers/common/der/libcommon-lib-der_slh_dsa_key.bc	-	-	0.016
0	fileck	workspace/openssl-bc/bc/providers/common/der/libcommon-lib-der_slh_dsa_key.bc	-	-	0.016
0	null-deref	workspace/openssl-bc/bc/providers/common/der/libcommon-lib-der_slh_dsa_key.bc	-	-	0.016
0	leak	workspace/openssl-bc/bc/providers/common/der/libcommon-lib-der_wrap_gen.bc	-	-	0.016
0	dfree	workspace/openssl-bc/bc/providers/common/der/libcommon-lib-der_wrap_gen.bc	-	-	0.016
0	fileck	workspace/openssl-bc/bc/providers/common/der/libcommon-lib-der_wrap_gen.bc	-	-	0.016
0	null-deref	workspace/openssl-bc/bc/providers/common/der/libcommon-lib-der_wrap_gen.bc	-	-	0.016
0	leak	workspace/openssl-bc/bc/providers/common/der/libdefault-lib-der_rsa_sig.bc	-	-	0.016
0	dfree	workspace/openssl-bc/bc/providers/common/der/libdefault-lib-der_rsa_sig.bc	-	-	0.016
0	fileck	workspace/openssl-bc/bc/providers/common/der/libdefault-lib-der_rsa_sig.bc	-	-	0.016
0	null-deref	workspace/openssl-bc/bc/providers/common/der/libdefault-lib-der_rsa_sig.bc	-	-	0.016
0	leak	workspace/openssl-bc/bc/providers/common/der/libdefault-lib-der_sm2_gen.bc	-	-	0.016
0	dfree	workspace/openssl-bc/bc/providers/common/der/libdefault-lib-der_sm2_gen.bc	-	-	0.016
0	fileck	workspace/openssl-bc/bc/providers/common/der/libdefault-lib-der_sm2_gen.bc	-	-	0.016
0	null-deref	workspace/openssl-bc/bc/providers/common/der/libdefault-lib-der_sm2_gen.bc	-	-	0.016
0	leak	workspace/openssl-bc/bc/providers/common/der/libdefault-lib-der_sm2_key.bc	-	-	0.016
0	dfree	workspace/openssl-bc/bc/providers/common/der/libdefault-lib-der_sm2_key.bc	-	-	0.016
0	fileck	workspace/openssl-bc/bc/providers/common/der/libdefault-lib-der_sm2_key.bc	-	-	0.016
0	null-deref	workspace/openssl-bc/bc/providers/common/der/libdefault-lib-der_sm2_key.bc	-	-	0.016
0	leak	workspace/openssl-bc/bc/providers/common/der/libdefault-lib-der_sm2_sig.bc	-	-	0.016
0	dfree	workspace/openssl-bc/bc/providers/common/der/libdefault-lib-der_sm2_sig.bc	-	-	0.016
0	fileck	workspace/openssl-bc/bc/providers/common/der/libdefault-lib-der_sm2_sig.bc	-	-	0.016
0	null-deref	workspace/openssl-bc/bc/providers/common/der/libdefault-lib-der_sm2_sig.bc	-	-	0.016
0	leak	workspace/openssl-bc/bc/providers/common/libcommon-lib-provider_ctx.bc	-	-	0.032
0	dfree	workspace/openssl-bc/bc/providers/common/libcommon-lib-provider_ctx.bc	-	-	0.016
0	fileck	workspace/openssl-bc/bc/providers/common/libcommon-lib-provider_ctx.bc	-	-	0.016
0	null-deref	workspace/openssl-bc/bc/providers/common/libcommon-lib-provider_ctx.bc	-	-	0.016
0	leak	workspace/openssl-bc/bc/providers/common/libcommon-lib-provider_err.bc	-	-	0.032
0	dfree	workspace/openssl-bc/bc/providers/common/libcommon-lib-provider_err.bc	-	-	0.032
0	fileck	workspace/openssl-bc/bc/providers/common/libcommon-lib-provider_err.bc	-	-	0.032
0	null-deref	workspace/openssl-bc/bc/providers/common/libcommon-lib-provider_err.bc	-	-	0.032
0	leak	workspace/openssl-bc/bc/providers/common/libdefault-lib-bio_prov.bc	-	-	0.032
0	dfree	workspace/openssl-bc/bc/providers/common/libdefault-lib-bio_prov.bc	-	-	0.032
0	fileck	workspace/openssl-bc/bc/providers/common/libdefault-lib-bio_prov.bc	-	-	0.032
0	null-deref	workspace/openssl-bc/bc/providers/common/libdefault-lib-bio_prov.bc	-	-	0.032
0	leak	workspace/openssl-bc/bc/providers/common/libdefault-lib-capabilities.bc	-	-	0.032
0	dfree	workspace/openssl-bc/bc/providers/common/libdefault-lib-capabilities.bc	-	-	0.032
0	fileck	workspace/openssl-bc/bc/providers/common/libdefault-lib-capabilities.bc	-	-	0.032
0	null-deref	workspace/openssl-bc/bc/providers/common/libdefault-lib-capabilities.bc	-	-	0.032
0	leak	workspace/openssl-bc/bc/providers/common/libdefault-lib-digest_to_nid.bc	-	-	0.016
0	dfree	workspace/openssl-bc/bc/providers/common/libdefault-lib-digest_to_nid.bc	-	-	0.016
0	fileck	workspace/openssl-bc/bc/providers/common/libdefault-lib-digest_to_nid.bc	-	-	0.016
0	null-deref	workspace/openssl-bc/bc/providers/common/libdefault-lib-digest_to_nid.bc	-	-	0.016
0	leak	workspace/openssl-bc/bc/providers/common/libdefault-lib-provider_seeding.bc	-	-	0.032
0	dfree	workspace/openssl-bc/bc/providers/common/libdefault-lib-provider_seeding.bc	-	-	0.032
0	fileck	workspace/openssl-bc/bc/providers/common/libdefault-lib-provider_seeding.bc	-	-	0.032
0	null-deref	workspace/openssl-bc/bc/providers/common/libdefault-lib-provider_seeding.bc	-	-	0.032
0	leak	workspace/openssl-bc/bc/providers/common/libdefault-lib-provider_util.bc	-	-	0.032
0	dfree	workspace/openssl-bc/bc/providers/common/libdefault-lib-provider_util.bc	-	-	0.032
0	fileck	workspace/openssl-bc/bc/providers/common/libdefault-lib-provider_util.bc	-	-	0.032
0	null-deref	workspace/openssl-bc/bc/providers/common/libdefault-lib-provider_util.bc	-	-	0.032
0	leak	workspace/openssl-bc/bc/providers/common/libdefault-lib-securitycheck.bc	-	-	0.016
0	dfree	workspace/openssl-bc/bc/providers/common/libdefault-lib-securitycheck.bc	-	-	0.016
0	fileck	workspace/openssl-bc/bc/providers/common/libdefault-lib-securitycheck.bc	-	-	0.032
0	null-deref	workspace/openssl-bc/bc/providers/common/libdefault-lib-securitycheck.bc	-	-	0.016
0	leak	workspace/openssl-bc/bc/providers/common/libdefault-lib-securitycheck_default.bc	-	-	0.016
0	dfree	workspace/openssl-bc/bc/providers/common/libdefault-lib-securitycheck_default.bc	-	-	0.016
0	fileck	workspace/openssl-bc/bc/providers/common/libdefault-lib-securitycheck_default.bc	-	-	0.016
0	null-deref	workspace/openssl-bc/bc/providers/common/libdefault-lib-securitycheck_default.bc	-	-	0.016
0	leak	workspace/openssl-bc/bc/providers/implementations/asymciphers/libdefault-lib-rsa_enc.bc	-	-	0.064
0	dfree	workspace/openssl-bc/bc/providers/implementations/asymciphers/libdefault-lib-rsa_enc.bc	-	-	0.064
0	fileck	workspace/openssl-bc/bc/providers/implementations/asymciphers/libdefault-lib-rsa_enc.bc	-	-	0.064
0	null-deref	workspace/openssl-bc/bc/providers/implementations/asymciphers/libdefault-lib-rsa_enc.bc	-	-	0.064
0	leak	workspace/openssl-bc/bc/providers/implementations/asymciphers/libdefault-lib-sm2_enc.bc	-	-	0.032
0	dfree	workspace/openssl-bc/bc/providers/implementations/asymciphers/libdefault-lib-sm2_enc.bc	-	-	0.032
0	fileck	workspace/openssl-bc/bc/providers/implementations/asymciphers/libdefault-lib-sm2_enc.bc	-	-	0.032
0	null-deref	workspace/openssl-bc/bc/providers/implementations/asymciphers/libdefault-lib-sm2_enc.bc	-	-	0.032
0	leak	workspace/openssl-bc/bc/providers/implementations/ciphers/libcommon-lib-ciphercommon.bc	-	-	0.064
0	dfree	workspace/openssl-bc/bc/providers/implementations/ciphers/libcommon-lib-ciphercommon.bc	-	-	0.064
0	fileck	workspace/openssl-bc/bc/providers/implementations/ciphers/libcommon-lib-ciphercommon.bc	-	-	0.064
0	null-deref	workspace/openssl-bc/bc/providers/implementations/ciphers/libcommon-lib-ciphercommon.bc	-	-	0.064
0	leak	workspace/openssl-bc/bc/providers/implementations/ciphers/libcommon-lib-ciphercommon_block.bc	-	-	0.016
0	dfree	workspace/openssl-bc/bc/providers/implementations/ciphers/libcommon-lib-ciphercommon_block.bc	-	-	0.032
0	fileck	workspace/openssl-bc/bc/providers/implementations/ciphers/libcommon-lib-ciphercommon_block.bc	-	-	0.016
0	null-deref	workspace/openssl-bc/bc/providers/implementations/ciphers/libcommon-lib-ciphercommon_block.bc	-	-	0.016
0	leak	workspace/openssl-bc/bc/providers/implementations/ciphers/libcommon-lib-ciphercommon_ccm.bc	-	-	0.064
0	dfree	workspace/openssl-bc/bc/providers/implementations/ciphers/libcommon-lib-ciphercommon_ccm.bc	-	-	0.064
0	fileck	workspace/openssl-bc/bc/providers/implementations/ciphers/libcommon-lib-ciphercommon_ccm.bc	-	-	0.065
0	null-deref	workspace/openssl-bc/bc/providers/implementations/ciphers/libcommon-lib-ciphercommon_ccm.bc	-	-	0.065
0	leak	workspace/openssl-bc/bc/providers/implementations/ciphers/libcommon-lib-ciphercommon_ccm_hw.bc	-	-	0.017
0	dfree	workspace/openssl-bc/bc/providers/implementations/ciphers/libcommon-lib-ciphercommon_ccm_hw.bc	-	-	0.016
0	fileck	workspace/openssl-bc/bc/providers/implementations/ciphers/libcommon-lib-ciphercommon_ccm_hw.bc	-	-	0.016
0	null-deref	workspace/openssl-bc/bc/providers/implementations/ciphers/libcommon-lib-ciphercommon_ccm_hw.bc	-	-	0.016
0	leak	workspace/openssl-bc/bc/providers/implementations/ciphers/libcommon-lib-ciphercommon_gcm.bc	-	-	0.064
0	dfree	workspace/openssl-bc/bc/providers/implementations/ciphers/libcommon-lib-ciphercommon_gcm.bc	-	-	0.064
0	fileck	workspace/openssl-bc/bc/providers/implementations/ciphers/libcommon-lib-ciphercommon_gcm.bc	-	-	0.064
0	null-deref	workspace/openssl-bc/bc/providers/implementations/ciphers/libcommon-lib-ciphercommon_gcm.bc	-	-	0.064
0	leak	workspace/openssl-bc/bc/providers/implementations/ciphers/libcommon-lib-ciphercommon_gcm_hw.bc	-	-	0.022
0	dfree	workspace/openssl-bc/bc/providers/implementations/ciphers/libcommon-lib-ciphercommon_gcm_hw.bc	-	-	0.016
0	fileck	workspace/openssl-bc/bc/providers/implementations/ciphers/libcommon-lib-ciphercommon_gcm_hw.bc	-	-	0.016
0	null-deref	workspace/openssl-bc/bc/providers/implementations/ciphers/libcommon-lib-ciphercommon_gcm_hw.bc	-	-	0.016
0	leak	workspace/openssl-bc/bc/providers/implementations/ciphers/libcommon-lib-ciphercommon_hw.bc	-	-	0.032
0	dfree	workspace/openssl-bc/bc/providers/implementations/ciphers/libcommon-lib-ciphercommon_hw.bc	-	-	0.032
0	fileck	workspace/openssl-bc/bc/providers/implementations/ciphers/libcommon-lib-ciphercommon_hw.bc	-	-	0.032
0	null-deref	workspace/openssl-bc/bc/providers/implementations/ciphers/libcommon-lib-ciphercommon_hw.bc	-	-	0.032
0	leak	workspace/openssl-bc/bc/providers/implementations/ciphers/libdefault-lib-cipher_aes.bc	-	outputs/saber/openssl/workspace__openssl-bc__bc__providers__implementations__ciphers__libdefault-lib-cipher_aes.leak.stderr.txt	0.064
0	dfree	workspace/openssl-bc/bc/providers/implementations/ciphers/libdefault-lib-cipher_aes.bc	-	-	0.032
0	fileck	workspace/openssl-bc/bc/providers/implementations/ciphers/libdefault-lib-cipher_aes.bc	-	-	0.032
0	null-deref	workspace/openssl-bc/bc/providers/implementations/ciphers/libdefault-lib-cipher_aes.bc	-	outputs/saber/openssl/workspace__openssl-bc__bc__providers__implementations__ciphers__libdefault-lib-cipher_aes.null-deref.stderr.txt	0.064
0	leak	workspace/openssl-bc/bc/providers/implementations/ciphers/libdefault-lib-cipher_aes_cbc_hmac_sha.bc	-	-	0.016
0	dfree	workspace/openssl-bc/bc/providers/implementations/ciphers/libdefault-lib-cipher_aes_cbc_hmac_sha.bc	-	-	0.016
0	fileck	workspace/openssl-bc/bc/providers/implementations/ciphers/libdefault-lib-cipher_aes_cbc_hmac_sha.bc	-	-	0.016
0	null-deref	workspace/openssl-bc/bc/providers/implementations/ciphers/libdefault-lib-cipher_aes_cbc_hmac_sha.bc	-	-	0.016
0	leak	workspace/openssl-bc/bc/providers/implementations/ciphers/libdefault-lib-cipher_aes_cbc_hmac_sha1_etm_hw.bc	-	-	0.016
0	dfree	workspace/openssl-bc/bc/providers/implementations/ciphers/libdefault-lib-cipher_aes_cbc_hmac_sha1_etm_hw.bc	-	-	0.016
0	fileck	workspace/openssl-bc/bc/providers/implementations/ciphers/libdefault-lib-cipher_aes_cbc_hmac_sha1_etm_hw.bc	-	-	0.016
0	null-deref	workspace/openssl-bc/bc/providers/implementations/ciphers/libdefault-lib-cipher_aes_cbc_hmac_sha1_etm_hw.bc	-	-	0.016
0	leak	workspace/openssl-bc/bc/providers/implementations/ciphers/libdefault-lib-cipher_aes_cbc_hmac_sha1_hw.bc	-	-	0.016
0	dfree	workspace/openssl-bc/bc/providers/implementations/ciphers/libdefault-lib-cipher_aes_cbc_hmac_sha1_hw.bc	-	-	0.016
0	fileck	workspace/openssl-bc/bc/providers/implementations/ciphers/libdefault-lib-cipher_aes_cbc_hmac_sha1_hw.bc	-	-	0.016
0	null-deref	workspace/openssl-bc/bc/providers/implementations/ciphers/libdefault-lib-cipher_aes_cbc_hmac_sha1_hw.bc	-	-	0.016
0	leak	workspace/openssl-bc/bc/providers/implementations/ciphers/libdefault-lib-cipher_aes_cbc_hmac_sha256_etm_hw.bc	-	-	0.016
0	dfree	workspace/openssl-bc/bc/providers/implementations/ciphers/libdefault-lib-cipher_aes_cbc_hmac_sha256_etm_hw.bc	-	-	0.016
0	fileck	workspace/openssl-bc/bc/providers/implementations/ciphers/libdefault-lib-cipher_aes_cbc_hmac_sha256_etm_hw.bc	-	-	0.016
0	null-deref	workspace/openssl-bc/bc/providers/implementations/ciphers/libdefault-lib-cipher_aes_cbc_hmac_sha256_etm_hw.bc	-	-	0.016
0	leak	workspace/openssl-bc/bc/providers/implementations/ciphers/libdefault-lib-cipher_aes_cbc_hmac_sha256_hw.bc	-	-	0.016
0	dfree	workspace/openssl-bc/bc/providers/implementations/ciphers/libdefault-lib-cipher_aes_cbc_hmac_sha256_hw.bc	-	-	0.016
0	fileck	workspace/openssl-bc/bc/providers/implementations/ciphers/libdefault-lib-cipher_aes_cbc_hmac_sha256_hw.bc	-	-	0.016
0	null-deref	workspace/openssl-bc/bc/providers/implementations/ciphers/libdefault-lib-cipher_aes_cbc_hmac_sha256_hw.bc	-	-	0.016
0	leak	workspace/openssl-bc/bc/providers/implementations/ciphers/libdefault-lib-cipher_aes_cbc_hmac_sha512_etm_hw.bc	-	-	0.016
0	dfree	workspace/openssl-bc/bc/providers/implementations/ciphers/libdefault-lib-cipher_aes_cbc_hmac_sha512_etm_hw.bc	-	-	0.016
0	fileck	workspace/openssl-bc/bc/providers/implementations/ciphers/libdefault-lib-cipher_aes_cbc_hmac_sha512_etm_hw.bc	-	-	0.016
0	null-deref	workspace/openssl-bc/bc/providers/implementations/ciphers/libdefault-lib-cipher_aes_cbc_hmac_sha512_etm_hw.bc	-	-	0.016
0	leak	workspace/openssl-bc/bc/providers/implementations/ciphers/libdefault-lib-cipher_aes_cbc_hmac_sha_etm.bc	-	-	0.016
0	dfree	workspace/openssl-bc/bc/providers/implementations/ciphers/libdefault-lib-cipher_aes_cbc_hmac_sha_etm.bc	-	-	0.016
0	fileck	workspace/openssl-bc/bc/providers/implementations/ciphers/libdefault-lib-cipher_aes_cbc_hmac_sha_etm.bc	-	-	0.016
0	null-deref	workspace/openssl-bc/bc/providers/implementations/ciphers/libdefault-lib-cipher_aes_cbc_hmac_sha_etm.bc	-	-	0.016
0	leak	workspace/openssl-bc/bc/providers/implementations/ciphers/libdefault-lib-cipher_aes_ccm.bc	-	-	0.032
0	dfree	workspace/openssl-bc/bc/providers/implementations/ciphers/libdefault-lib-cipher_aes_ccm.bc	-	-	0.016
0	fileck	workspace/openssl-bc/bc/providers/implementations/ciphers/libdefault-lib-cipher_aes_ccm.bc	-	-	0.016
0	null-deref	workspace/openssl-bc/bc/providers/implementations/ciphers/libdefault-lib-cipher_aes_ccm.bc	-	-	0.016
0	leak	workspace/openssl-bc/bc/providers/implementations/ciphers/libdefault-lib-cipher_aes_ccm_hw.bc	-	-	0.016
0	dfree	workspace/openssl-bc/bc/providers/implementations/ciphers/libdefault-lib-cipher_aes_ccm_hw.bc	-	-	0.016
0	fileck	workspace/openssl-bc/bc/providers/implementations/ciphers/libdefault-lib-cipher_aes_ccm_hw.bc	-	-	0.016
0	null-deref	workspace/openssl-bc/bc/providers/implementations/ciphers/libdefault-lib-cipher_aes_ccm_hw.bc	-	-	0.016
0	leak	workspace/openssl-bc/bc/providers/implementations/ciphers/libdefault-lib-cipher_aes_cfb_hw.bc	-	-	0.016
0	dfree	workspace/openssl-bc/bc/providers/implementations/ciphers/libdefault-lib-cipher_aes_cfb_hw.bc	-	-	0.016
0	fileck	workspace/openssl-bc/bc/providers/implementations/ciphers/libdefault-lib-cipher_aes_cfb_hw.bc	-	-	0.016
0	null-deref	workspace/openssl-bc/bc/providers/implementations/ciphers/libdefault-lib-cipher_aes_cfb_hw.bc	-	-	0.016
0	leak	workspace/openssl-bc/bc/providers/implementations/ciphers/libdefault-lib-cipher_aes_gcm.bc	-	-	0.016
0	dfree	workspace/openssl-bc/bc/providers/implementations/ciphers/libdefault-lib-cipher_aes_gcm.bc	-	-	0.016
0	fileck	workspace/openssl-bc/bc/providers/implementations/ciphers/libdefault-lib-cipher_aes_gcm.bc	-	-	0.016
0	null-deref	workspace/openssl-bc/bc/providers/implementations/ciphers/libdefault-lib-cipher_aes_gcm.bc	-	-	0.016
0	leak	workspace/openssl-bc/bc/providers/implementations/ciphers/libdefault-lib-cipher_aes_gcm_hw.bc	-	-	0.016
0	dfree	workspace/openssl-bc/bc/providers/implementations/ciphers/libdefault-lib-cipher_aes_gcm_hw.bc	-	-	0.016
0	fileck	workspace/openssl-bc/bc/providers/implementations/ciphers/libdefault-lib-cipher_aes_gcm_hw.bc	-	-	0.016
0	null-deref	workspace/openssl-bc/bc/providers/implementations/ciphers/libdefault-lib-cipher_aes_gcm_hw.bc	-	-	0.016
0	leak	workspace/openssl-bc/bc/providers/implementations/ciphers/libdefault-lib-cipher_aes_gcm_siv.bc	-	-	0.032
0	dfree	workspace/openssl-bc/bc/providers/implementations/ciphers/libdefault-lib-cipher_aes_gcm_siv.bc	-	-	0.032
0	fileck	workspace/openssl-bc/bc/providers/implementations/ciphers/libdefault-lib-cipher_aes_gcm_siv.bc	-	-	0.032
0	null-deref	workspace/openssl-bc/bc/providers/implementations/ciphers/libdefault-lib-cipher_aes_gcm_siv.bc	-	-	0.032
0	leak	workspace/openssl-bc/bc/providers/implementations/ciphers/libdefault-lib-cipher_aes_gcm_siv_hw.bc	-	outputs/saber/openssl/workspace__openssl-bc__bc__providers__implementations__ciphers__libdefault-lib-cipher_aes_gcm_siv_hw.leak.stderr.txt	0.032
0	dfree	workspace/openssl-bc/bc/providers/implementations/ciphers/libdefault-lib-cipher_aes_gcm_siv_hw.bc	-	-	0.032
0	fileck	workspace/openssl-bc/bc/providers/implementations/ciphers/libdefault-lib-cipher_aes_gcm_siv_hw.bc	-	-	0.032
0	null-deref	workspace/openssl-bc/bc/providers/implementations/ciphers/libdefault-lib-cipher_aes_gcm_siv_hw.bc	-	outputs/saber/openssl/workspace__openssl-bc__bc__providers__implementations__ciphers__libdefault-lib-cipher_aes_gcm_siv_hw.null-deref.stderr.txt	0.032
0	leak	workspace/openssl-bc/bc/providers/implementations/ciphers/libdefault-lib-cipher_aes_gcm_siv_polyval.bc	-	-	0.016
0	dfree	workspace/openssl-bc/bc/providers/implementations/ciphers/libdefault-lib-cipher_aes_gcm_siv_polyval.bc	-	-	0.016
0	fileck	workspace/openssl-bc/bc/providers/implementations/ciphers/libdefault-lib-cipher_aes_gcm_siv_polyval.bc	-	-	0.016
0	null-deref	workspace/openssl-bc/bc/providers/implementations/ciphers/libdefault-lib-cipher_aes_gcm_siv_polyval.bc	-	-	0.016
0	leak	workspace/openssl-bc/bc/providers/implementations/ciphers/libdefault-lib-cipher_aes_hw.bc	-	-	0.016
0	dfree	workspace/openssl-bc/bc/providers/implementations/ciphers/libdefault-lib-cipher_aes_hw.bc	-	-	0.016
0	fileck	workspace/openssl-bc/bc/providers/implementations/ciphers/libdefault-lib-cipher_aes_hw.bc	-	-	0.016
0	null-deref	workspace/openssl-bc/bc/providers/implementations/ciphers/libdefault-lib-cipher_aes_hw.bc	-	-	0.016
0	leak	workspace/openssl-bc/bc/providers/implementations/ciphers/libdefault-lib-cipher_aes_ocb.bc	-	outputs/saber/openssl/workspace__openssl-bc__bc__providers__implementations__ciphers__libdefault-lib-cipher_aes_ocb.leak.stderr.txt	0.064
0	dfree	workspace/openssl-bc/bc/providers/implementations/ciphers/libdefault-lib-cipher_aes_ocb.bc	-	-	0.064
0	fileck	workspace/openssl-bc/bc/providers/implementations/ciphers/libdefault-lib-cipher_aes_ocb.bc	-	-	0.064
0	null-deref	workspace/openssl-bc/bc/providers/implementations/ciphers/libdefault-lib-cipher_aes_ocb.bc	-	outputs/saber/openssl/workspace__openssl-bc__bc__providers__implementations__ciphers__libdefault-lib-cipher_aes_ocb.null-deref.stderr.txt	0.064
0	leak	workspace/openssl-bc/bc/providers/implementations/ciphers/libdefault-lib-cipher_aes_ocb_hw.bc	-	-	0.016
0	dfree	workspace/openssl-bc/bc/providers/implementations/ciphers/libdefault-lib-cipher_aes_ocb_hw.bc	-	-	0.016
0	fileck	workspace/openssl-bc/bc/providers/implementations/ciphers/libdefault-lib-cipher_aes_ocb_hw.bc	-	-	0.016
0	null-deref	workspace/openssl-bc/bc/providers/implementations/ciphers/libdefault-lib-cipher_aes_ocb_hw.bc	-	-	0.016
0	leak	workspace/openssl-bc/bc/providers/implementations/ciphers/libdefault-lib-cipher_aes_siv.bc	-	outputs/saber/openssl/workspace__openssl-bc__bc__providers__implementations__ciphers__libdefault-lib-cipher_aes_siv.leak.stderr.txt	0.032
0	dfree	workspace/openssl-bc/bc/providers/implementations/ciphers/libdefault-lib-cipher_aes_siv.bc	-	-	0.032
0	fileck	workspace/openssl-bc/bc/providers/implementations/ciphers/libdefault-lib-cipher_aes_siv.bc	-	-	0.032
0	null-deref	workspace/openssl-bc/bc/providers/implementations/ciphers/libdefault-lib-cipher_aes_siv.bc	-	outputs/saber/openssl/workspace__openssl-bc__bc__providers__implementations__ciphers__libdefault-lib-cipher_aes_siv.null-deref.stderr.txt	0.032
0	leak	workspace/openssl-bc/bc/providers/implementations/ciphers/libdefault-lib-cipher_aes_siv_hw.bc	-	-	0.032
0	dfree	workspace/openssl-bc/bc/providers/implementations/ciphers/libdefault-lib-cipher_aes_siv_hw.bc	-	-	0.032
0	fileck	workspace/openssl-bc/bc/providers/implementations/ciphers/libdefault-lib-cipher_aes_siv_hw.bc	-	-	0.016
0	null-deref	workspace/openssl-bc/bc/providers/implementations/ciphers/libdefault-lib-cipher_aes_siv_hw.bc	-	-	0.016
0	leak	workspace/openssl-bc/bc/providers/implementations/ciphers/libdefault-lib-cipher_aes_wrp.bc	-	-	0.032
0	dfree	workspace/openssl-bc/bc/providers/implementations/ciphers/libdefault-lib-cipher_aes_wrp.bc	-	-	0.032
0	fileck	workspace/openssl-bc/bc/providers/implementations/ciphers/libdefault-lib-cipher_aes_wrp.bc	-	-	0.032
0	null-deref	workspace/openssl-bc/bc/providers/implementations/ciphers/libdefault-lib-cipher_aes_wrp.bc	-	-	0.032
0	leak	workspace/openssl-bc/bc/providers/implementations/ciphers/libdefault-lib-cipher_aes_xts.bc	-	outputs/saber/openssl/workspace__openssl-bc__bc__providers__implementations__ciphers__libdefault-lib-cipher_aes_xts.leak.stderr.txt	0.032
0	dfree	workspace/openssl-bc/bc/providers/implementations/ciphers/libdefault-lib-cipher_aes_xts.bc	-	-	0.032
0	fileck	workspace/openssl-bc/bc/providers/implementations/ciphers/libdefault-lib-cipher_aes_xts.bc	-	-	0.032
0	null-deref	workspace/openssl-bc/bc/providers/implementations/ciphers/libdefault-lib-cipher_aes_xts.bc	-	outputs/saber/openssl/workspace__openssl-bc__bc__providers__implementations__ciphers__libdefault-lib-cipher_aes_xts.null-deref.stderr.txt	0.032
0	leak	workspace/openssl-bc/bc/providers/implementations/ciphers/libdefault-lib-cipher_aes_xts_fips.bc	-	-	0.016
0	dfree	workspace/openssl-bc/bc/providers/implementations/ciphers/libdefault-lib-cipher_aes_xts_fips.bc	-	-	0.016
0	fileck	workspace/openssl-bc/bc/providers/implementations/ciphers/libdefault-lib-cipher_aes_xts_fips.bc	-	-	0.016
0	null-deref	workspace/openssl-bc/bc/providers/implementations/ciphers/libdefault-lib-cipher_aes_xts_fips.bc	-	-	0.016
0	leak	workspace/openssl-bc/bc/providers/implementations/ciphers/libdefault-lib-cipher_aes_xts_hw.bc	-	-	0.016
0	dfree	workspace/openssl-bc/bc/providers/implementations/ciphers/libdefault-lib-cipher_aes_xts_hw.bc	-	-	0.016
0	fileck	workspace/openssl-bc/bc/providers/implementations/ciphers/libdefault-lib-cipher_aes_xts_hw.bc	-	-	0.016
0	null-deref	workspace/openssl-bc/bc/providers/implementations/ciphers/libdefault-lib-cipher_aes_xts_hw.bc	-	-	0.016
0	leak	workspace/openssl-bc/bc/providers/implementations/ciphers/libdefault-lib-cipher_aria.bc	-	outputs/saber/openssl/workspace__openssl-bc__bc__providers__implementations__ciphers__libdefault-lib-cipher_aria.leak.stderr.txt	0.032
0	dfree	workspace/openssl-bc/bc/providers/implementations/ciphers/libdefault-lib-cipher_aria.bc	-	-	0.032
0	fileck	workspace/openssl-bc/bc/providers/implementations/ciphers/libdefault-lib-cipher_aria.bc	-	-	0.032
0	null-deref	workspace/openssl-bc/bc/providers/implementations/ciphers/libdefault-lib-cipher_aria.bc	-	outputs/saber/openssl/workspace__openssl-bc__bc__providers__implementations__ciphers__libdefault-lib-cipher_aria.null-deref.stderr.txt	0.032
0	leak	workspace/openssl-bc/bc/providers/implementations/ciphers/libdefault-lib-cipher_aria_ccm.bc	-	-	0.016
0	dfree	workspace/openssl-bc/bc/providers/implementations/ciphers/libdefault-lib-cipher_aria_ccm.bc	-	-	0.016
0	fileck	workspace/openssl-bc/bc/providers/implementations/ciphers/libdefault-lib-cipher_aria_ccm.bc	-	-	0.016
0	null-deref	workspace/openssl-bc/bc/providers/implementations/ciphers/libdefault-lib-cipher_aria_ccm.bc	-	-	0.016
0	leak	workspace/openssl-bc/bc/providers/implementations/ciphers/libdefault-lib-cipher_aria_ccm_hw.bc	-	-	0.016
0	dfree	workspace/openssl-bc/bc/providers/implementations/ciphers/libdefault-lib-cipher_aria_ccm_hw.bc	-	-	0.016
0	fileck	workspace/openssl-bc/bc/providers/implementations/ciphers/libdefault-lib-cipher_aria_ccm_hw.bc	-	-	0.016
0	null-deref	workspace/openssl-bc/bc/providers/implementations/ciphers/libdefault-lib-cipher_aria_ccm_hw.bc	-	-	0.016
0	leak	workspace/openssl-bc/bc/providers/implementations/ciphers/libdefault-lib-cipher_aria_gcm.bc	-	-	0.016
0	dfree	workspace/openssl-bc/bc/providers/implementations/ciphers/libdefault-lib-cipher_aria_gcm.bc	-	-	0.016
0	fileck	workspace/openssl-bc/bc/providers/implementations/ciphers/libdefault-lib-cipher_aria_gcm.bc	-	-	0.016
0	null-deref	workspace/openssl-bc/bc/providers/implementations/ciphers/libdefault-lib-cipher_aria_gcm.bc	-	-	0.016
0	leak	workspace/openssl-bc/bc/providers/implementations/ciphers/libdefault-lib-cipher_aria_gcm_hw.bc	-	-	0.016
0	dfree	workspace/openssl-bc/bc/providers/implementations/ciphers/libdefault-lib-cipher_aria_gcm_hw.bc	-	-	0.016
0	fileck	workspace/openssl-bc/bc/providers/implementations/ciphers/libdefault-lib-cipher_aria_gcm_hw.bc	-	-	0.016
0	null-deref	workspace/openssl-bc/bc/providers/implementations/ciphers/libdefault-lib-cipher_aria_gcm_hw.bc	-	-	0.016
0	leak	workspace/openssl-bc/bc/providers/implementations/ciphers/libdefault-lib-cipher_aria_hw.bc	-	-	0.016
0	dfree	workspace/openssl-bc/bc/providers/implementations/ciphers/libdefault-lib-cipher_aria_hw.bc	-	-	0.016
0	fileck	workspace/openssl-bc/bc/providers/implementations/ciphers/libdefault-lib-cipher_aria_hw.bc	-	-	0.016
0	null-deref	workspace/openssl-bc/bc/providers/implementations/ciphers/libdefault-lib-cipher_aria_hw.bc	-	-	0.016
0	leak	workspace/openssl-bc/bc/providers/implementations/ciphers/libdefault-lib-cipher_camellia.bc	-	outputs/saber/openssl/workspace__openssl-bc__bc__providers__implementations__ciphers__libdefault-lib-cipher_camellia.leak.stderr.txt	0.064
0	dfree	workspace/openssl-bc/bc/providers/implementations/ciphers/libdefault-lib-cipher_camellia.bc	-	-	0.064
0	fileck	workspace/openssl-bc/bc/providers/implementations/ciphers/libdefault-lib-cipher_camellia.bc	-	-	0.032
0	null-deref	workspace/openssl-bc/bc/providers/implementations/ciphers/libdefault-lib-cipher_camellia.bc	-	outputs/saber/openssl/workspace__openssl-bc__bc__providers__implementations__ciphers__libdefault-lib-cipher_camellia.null-deref.stderr.txt	0.032
0	leak	workspace/openssl-bc/bc/providers/implementations/ciphers/libdefault-lib-cipher_camellia_hw.bc	-	-	0.016
0	dfree	workspace/openssl-bc/bc/providers/implementations/ciphers/libdefault-lib-cipher_camellia_hw.bc	-	-	0.016
0	fileck	workspace/openssl-bc/bc/providers/implementations/ciphers/libdefault-lib-cipher_camellia_hw.bc	-	-	0.016
0	null-deref	workspace/openssl-bc/bc/providers/implementations/ciphers/libdefault-lib-cipher_camellia_hw.bc	-	-	0.016
0	leak	workspace/openssl-bc/bc/providers/implementations/ciphers/libdefault-lib-cipher_chacha20.bc	-	-	0.032
0	dfree	workspace/openssl-bc/bc/providers/implementations/ciphers/libdefault-lib-cipher_chacha20.bc	-	-	0.032
0	fileck	workspace/openssl-bc/bc/providers/implementations/ciphers/libdefault-lib-cipher_chacha20.bc	-	-	0.032
0	null-deref	workspace/openssl-bc/bc/providers/implementations/ciphers/libdefault-lib-cipher_chacha20.bc	-	-	0.032
0	leak	workspace/openssl-bc/bc/providers/implementations/ciphers/libdefault-lib-cipher_chacha20_hw.bc	-	-	0.016
0	dfree	workspace/openssl-bc/bc/providers/implementations/ciphers/libdefault-lib-cipher_chacha20_hw.bc	-	-	0.016
0	fileck	workspace/openssl-bc/bc/providers/implementations/ciphers/libdefault-lib-cipher_chacha20_hw.bc	-	-	0.016
0	null-deref	workspace/openssl-bc/bc/providers/implementations/ciphers/libdefault-lib-cipher_chacha20_hw.bc	-	-	0.032
0	leak	workspace/openssl-bc/bc/providers/implementations/ciphers/libdefault-lib-cipher_chacha20_poly1305.bc	-	-	0.032
0	dfree	workspace/openssl-bc/bc/providers/implementations/ciphers/libdefault-lib-cipher_chacha20_poly1305.bc	-	-	0.032
0	fileck	workspace/openssl-bc/bc/providers/implementations/ciphers/libdefault-lib-cipher_chacha20_poly1305.bc	-	-	0.032
0	null-deref	workspace/openssl-bc/bc/providers/implementations/ciphers/libdefault-lib-cipher_chacha20_poly1305.bc	-	-	0.032
0	leak	workspace/openssl-bc/bc/providers/implementations/ciphers/libdefault-lib-cipher_chacha20_poly1305_hw.bc	-	-	0.032
0	dfree	workspace/openssl-bc/bc/providers/implementations/ciphers/libdefault-lib-cipher_chacha20_poly1305_hw.bc	-	-	0.032
0	fileck	workspace/openssl-bc/bc/providers/implementations/ciphers/libdefault-lib-cipher_chacha20_poly1305_hw.bc	-	-	0.032
0	null-deref	workspace/openssl-bc/bc/providers/implementations/ciphers/libdefault-lib-cipher_chacha20_poly1305_hw.bc	-	-	0.032
0	leak	workspace/openssl-bc/bc/providers/implementations/ciphers/libdefault-lib-cipher_cts.bc	-	-	0.032
0	dfree	workspace/openssl-bc/bc/providers/implementations/ciphers/libdefault-lib-cipher_cts.bc	-	-	0.032
0	fileck	workspace/openssl-bc/bc/providers/implementations/ciphers/libdefault-lib-cipher_cts.bc	-	-	0.032
0	null-deref	workspace/openssl-bc/bc/providers/implementations/ciphers/libdefault-lib-cipher_cts.bc	-	-	0.032
0	leak	workspace/openssl-bc/bc/providers/implementations/ciphers/libdefault-lib-cipher_null.bc	-	-	0.032
0	dfree	workspace/openssl-bc/bc/providers/implementations/ciphers/libdefault-lib-cipher_null.bc	-	-	0.032
0	fileck	workspace/openssl-bc/bc/providers/implementations/ciphers/libdefault-lib-cipher_null.bc	-	-	0.032
0	null-deref	workspace/openssl-bc/bc/providers/implementations/ciphers/libdefault-lib-cipher_null.bc	-	-	0.032
0	leak	workspace/openssl-bc/bc/providers/implementations/ciphers/libdefault-lib-cipher_sm4.bc	-	outputs/saber/openssl/workspace__openssl-bc__bc__providers__implementations__ciphers__libdefault-lib-cipher_sm4.leak.stderr.txt	0.032
0	dfree	workspace/openssl-bc/bc/providers/implementations/ciphers/libdefault-lib-cipher_sm4.bc	-	-	0.032
0	fileck	workspace/openssl-bc/bc/providers/implementations/ciphers/libdefault-lib-cipher_sm4.bc	-	-	0.032
0	null-deref	workspace/openssl-bc/bc/providers/implementations/ciphers/libdefault-lib-cipher_sm4.bc	-	outputs/saber/openssl/workspace__openssl-bc__bc__providers__implementations__ciphers__libdefault-lib-cipher_sm4.null-deref.stderr.txt	0.032
0	leak	workspace/openssl-bc/bc/providers/implementations/ciphers/libdefault-lib-cipher_sm4_ccm.bc	-	-	0.015
0	dfree	workspace/openssl-bc/bc/providers/implementations/ciphers/libdefault-lib-cipher_sm4_ccm.bc	-	-	0.016
0	fileck	workspace/openssl-bc/bc/providers/implementations/ciphers/libdefault-lib-cipher_sm4_ccm.bc	-	-	0.016
0	null-deref	workspace/openssl-bc/bc/providers/implementations/ciphers/libdefault-lib-cipher_sm4_ccm.bc	-	-	0.016
0	leak	workspace/openssl-bc/bc/providers/implementations/ciphers/libdefault-lib-cipher_sm4_ccm_hw.bc	-	-	0.016
0	dfree	workspace/openssl-bc/bc/providers/implementations/ciphers/libdefault-lib-cipher_sm4_ccm_hw.bc	-	-	0.016
0	fileck	workspace/openssl-bc/bc/providers/implementations/ciphers/libdefault-lib-cipher_sm4_ccm_hw.bc	-	-	0.016
0	null-deref	workspace/openssl-bc/bc/providers/implementations/ciphers/libdefault-lib-cipher_sm4_ccm_hw.bc	-	-	0.016
0	leak	workspace/openssl-bc/bc/providers/implementations/ciphers/libdefault-lib-cipher_sm4_gcm.bc	-	-	0.016
0	dfree	workspace/openssl-bc/bc/providers/implementations/ciphers/libdefault-lib-cipher_sm4_gcm.bc	-	-	0.016
0	fileck	workspace/openssl-bc/bc/providers/implementations/ciphers/libdefault-lib-cipher_sm4_gcm.bc	-	-	0.016
0	null-deref	workspace/openssl-bc/bc/providers/implementations/ciphers/libdefault-lib-cipher_sm4_gcm.bc	-	-	0.016
0	leak	workspace/openssl-bc/bc/providers/implementations/ciphers/libdefault-lib-cipher_sm4_gcm_hw.bc	-	-	0.016
0	dfree	workspace/openssl-bc/bc/providers/implementations/ciphers/libdefault-lib-cipher_sm4_gcm_hw.bc	-	-	0.016
0	fileck	workspace/openssl-bc/bc/providers/implementations/ciphers/libdefault-lib-cipher_sm4_gcm_hw.bc	-	-	0.016
0	null-deref	workspace/openssl-bc/bc/providers/implementations/ciphers/libdefault-lib-cipher_sm4_gcm_hw.bc	-	-	0.016
0	leak	workspace/openssl-bc/bc/providers/implementations/ciphers/libdefault-lib-cipher_sm4_hw.bc	-	-	0.016
0	dfree	workspace/openssl-bc/bc/providers/implementations/ciphers/libdefault-lib-cipher_sm4_hw.bc	-	-	0.016
0	fileck	workspace/openssl-bc/bc/providers/implementations/ciphers/libdefault-lib-cipher_sm4_hw.bc	-	-	0.016
0	null-deref	workspace/openssl-bc/bc/providers/implementations/ciphers/libdefault-lib-cipher_sm4_hw.bc	-	-	0.016
0	leak	workspace/openssl-bc/bc/providers/implementations/ciphers/libdefault-lib-cipher_sm4_xts.bc	-	outputs/saber/openssl/workspace__openssl-bc__bc__providers__implementations__ciphers__libdefault-lib-cipher_sm4_xts.leak.stderr.txt	0.032
0	dfree	workspace/openssl-bc/bc/providers/implementations/ciphers/libdefault-lib-cipher_sm4_xts.bc	-	-	0.032
0	fileck	workspace/openssl-bc/bc/providers/implementations/ciphers/libdefault-lib-cipher_sm4_xts.bc	-	-	0.032
0	null-deref	workspace/openssl-bc/bc/providers/implementations/ciphers/libdefault-lib-cipher_sm4_xts.bc	-	outputs/saber/openssl/workspace__openssl-bc__bc__providers__implementations__ciphers__libdefault-lib-cipher_sm4_xts.null-deref.stderr.txt	0.032
0	leak	workspace/openssl-bc/bc/providers/implementations/ciphers/libdefault-lib-cipher_sm4_xts_hw.bc	-	-	0.016
0	dfree	workspace/openssl-bc/bc/providers/implementations/ciphers/libdefault-lib-cipher_sm4_xts_hw.bc	-	-	0.016
0	fileck	workspace/openssl-bc/bc/providers/implementations/ciphers/libdefault-lib-cipher_sm4_xts_hw.bc	-	-	0.016
0	null-deref	workspace/openssl-bc/bc/providers/implementations/ciphers/libdefault-lib-cipher_sm4_xts_hw.bc	-	-	0.016
0	leak	workspace/openssl-bc/bc/providers/implementations/ciphers/libdefault-lib-cipher_tdes.bc	-	-	0.016
0	dfree	workspace/openssl-bc/bc/providers/implementations/ciphers/libdefault-lib-cipher_tdes.bc	-	-	0.016
0	fileck	workspace/openssl-bc/bc/providers/implementations/ciphers/libdefault-lib-cipher_tdes.bc	-	-	0.016
0	null-deref	workspace/openssl-bc/bc/providers/implementations/ciphers/libdefault-lib-cipher_tdes.bc	-	-	0.016
0	leak	workspace/openssl-bc/bc/providers/implementations/ciphers/libdefault-lib-cipher_tdes_common.bc	-	-	0.032
0	dfree	workspace/openssl-bc/bc/providers/implementations/ciphers/libdefault-lib-cipher_tdes_common.bc	-	-	0.032
0	fileck	workspace/openssl-bc/bc/providers/implementations/ciphers/libdefault-lib-cipher_tdes_common.bc	-	-	0.032
0	null-deref	workspace/openssl-bc/bc/providers/implementations/ciphers/libdefault-lib-cipher_tdes_common.bc	-	-	0.032
0	leak	workspace/openssl-bc/bc/providers/implementations/ciphers/libdefault-lib-cipher_tdes_default.bc	-	-	0.016
0	dfree	workspace/openssl-bc/bc/providers/implementations/ciphers/libdefault-lib-cipher_tdes_default.bc	-	-	0.016
0	fileck	workspace/openssl-bc/bc/providers/implementations/ciphers/libdefault-lib-cipher_tdes_default.bc	-	-	0.016
0	null-deref	workspace/openssl-bc/bc/providers/implementations/ciphers/libdefault-lib-cipher_tdes_default.bc	-	-	0.016
0	leak	workspace/openssl-bc/bc/providers/implementations/ciphers/libdefault-lib-cipher_tdes_default_hw.bc	-	-	0.032
0	dfree	workspace/openssl-bc/bc/providers/implementations/ciphers/libdefault-lib-cipher_tdes_default_hw.bc	-	-	0.032
0	fileck	workspace/openssl-bc/bc/providers/implementations/ciphers/libdefault-lib-cipher_tdes_default_hw.bc	-	-	0.032
0	null-deref	workspace/openssl-bc/bc/providers/implementations/ciphers/libdefault-lib-cipher_tdes_default_hw.bc	-	-	0.032
0	leak	workspace/openssl-bc/bc/providers/implementations/ciphers/libdefault-lib-cipher_tdes_hw.bc	-	-	0.016
0	dfree	workspace/openssl-bc/bc/providers/implementations/ciphers/libdefault-lib-cipher_tdes_hw.bc	-	-	0.016
0	fileck	workspace/openssl-bc/bc/providers/implementations/ciphers/libdefault-lib-cipher_tdes_hw.bc	-	-	0.016
0	null-deref	workspace/openssl-bc/bc/providers/implementations/ciphers/libdefault-lib-cipher_tdes_hw.bc	-	-	0.016
0	leak	workspace/openssl-bc/bc/providers/implementations/ciphers/libdefault-lib-cipher_tdes_wrap.bc	-	-	0.032
0	dfree	workspace/openssl-bc/bc/providers/implementations/ciphers/libdefault-lib-cipher_tdes_wrap.bc	-	-	0.032
0	fileck	workspace/openssl-bc/bc/providers/implementations/ciphers/libdefault-lib-cipher_tdes_wrap.bc	-	-	0.032
0	null-deref	workspace/openssl-bc/bc/providers/implementations/ciphers/libdefault-lib-cipher_tdes_wrap.bc	-	-	0.032
0	leak	workspace/openssl-bc/bc/providers/implementations/ciphers/libdefault-lib-cipher_tdes_wrap_hw.bc	-	-	0.016
0	dfree	workspace/openssl-bc/bc/providers/implementations/ciphers/libdefault-lib-cipher_tdes_wrap_hw.bc	-	-	0.016
0	fileck	workspace/openssl-bc/bc/providers/implementations/ciphers/libdefault-lib-cipher_tdes_wrap_hw.bc	-	-	0.016
0	null-deref	workspace/openssl-bc/bc/providers/implementations/ciphers/libdefault-lib-cipher_tdes_wrap_hw.bc	-	-	0.016
0	leak	workspace/openssl-bc/bc/providers/implementations/ciphers/liblegacy-lib-cipher_blowfish.bc	-	outputs/saber/openssl/workspace__openssl-bc__bc__providers__implementations__ciphers__liblegacy-lib-cipher_blowfish.leak.stderr.txt	0.032
0	dfree	workspace/openssl-bc/bc/providers/implementations/ciphers/liblegacy-lib-cipher_blowfish.bc	-	-	0.032
0	fileck	workspace/openssl-bc/bc/providers/implementations/ciphers/liblegacy-lib-cipher_blowfish.bc	-	-	0.016
0	null-deref	workspace/openssl-bc/bc/providers/implementations/ciphers/liblegacy-lib-cipher_blowfish.bc	-	outputs/saber/openssl/workspace__openssl-bc__bc__providers__implementations__ciphers__liblegacy-lib-cipher_blowfish.null-deref.stderr.txt	0.032
0	leak	workspace/openssl-bc/bc/providers/implementations/ciphers/liblegacy-lib-cipher_blowfish_hw.bc	-	-	0.016
0	dfree	workspace/openssl-bc/bc/providers/implementations/ciphers/liblegacy-lib-cipher_blowfish_hw.bc	-	-	0.016
0	fileck	workspace/openssl-bc/bc/providers/implementations/ciphers/liblegacy-lib-cipher_blowfish_hw.bc	-	-	0.016
0	null-deref	workspace/openssl-bc/bc/providers/implementations/ciphers/liblegacy-lib-cipher_blowfish_hw.bc	-	-	0.016
0	leak	workspace/openssl-bc/bc/providers/implementations/ciphers/liblegacy-lib-cipher_cast5.bc	-	outputs/saber/openssl/workspace__openssl-bc__bc__providers__implementations__ciphers__liblegacy-lib-cipher_cast5.leak.stderr.txt	0.032
0	dfree	workspace/openssl-bc/bc/providers/implementations/ciphers/liblegacy-lib-cipher_cast5.bc	-	-	0.032
0	fileck	workspace/openssl-bc/bc/providers/implementations/ciphers/liblegacy-lib-cipher_cast5.bc	-	-	0.016
0	null-deref	workspace/openssl-bc/bc/providers/implementations/ciphers/liblegacy-lib-cipher_cast5.bc	-	outputs/saber/openssl/workspace__openssl-bc__bc__providers__implementations__ciphers__liblegacy-lib-cipher_cast5.null-deref.stderr.txt	0.032
0	leak	workspace/openssl-bc/bc/providers/implementations/ciphers/liblegacy-lib-cipher_cast5_hw.bc	-	-	0.016
0	dfree	workspace/openssl-bc/bc/providers/implementations/ciphers/liblegacy-lib-cipher_cast5_hw.bc	-	-	0.016
0	fileck	workspace/openssl-bc/bc/providers/implementations/ciphers/liblegacy-lib-cipher_cast5_hw.bc	-	-	0.032
0	null-deref	workspace/openssl-bc/bc/providers/implementations/ciphers/liblegacy-lib-cipher_cast5_hw.bc	-	-	0.016
0	leak	workspace/openssl-bc/bc/providers/implementations/ciphers/liblegacy-lib-cipher_des.bc	-	outputs/saber/openssl/workspace__openssl-bc__bc__providers__implementations__ciphers__liblegacy-lib-cipher_des.leak.stderr.txt	0.032
0	dfree	workspace/openssl-bc/bc/providers/implementations/ciphers/liblegacy-lib-cipher_des.bc	-	-	0.032
0	fileck	workspace/openssl-bc/bc/providers/implementations/ciphers/liblegacy-lib-cipher_des.bc	-	-	0.032
0	null-deref	workspace/openssl-bc/bc/providers/implementations/ciphers/liblegacy-lib-cipher_des.bc	-	outputs/saber/openssl/workspace__openssl-bc__bc__providers__implementations__ciphers__liblegacy-lib-cipher_des.null-deref.stderr.txt	0.032
0	leak	workspace/openssl-bc/bc/providers/implementations/ciphers/liblegacy-lib-cipher_des_hw.bc	-	-	0.032
0	dfree	workspace/openssl-bc/bc/providers/implementations/ciphers/liblegacy-lib-cipher_des_hw.bc	-	-	0.032
0	fileck	workspace/openssl-bc/bc/providers/implementations/ciphers/liblegacy-lib-cipher_des_hw.bc	-	-	0.032
0	null-deref	workspace/openssl-bc/bc/providers/implementations/ciphers/liblegacy-lib-cipher_des_hw.bc	-	-	0.032
0	leak	workspace/openssl-bc/bc/providers/implementations/ciphers/liblegacy-lib-cipher_desx.bc	-	-	0.016
0	dfree	workspace/openssl-bc/bc/providers/implementations/ciphers/liblegacy-lib-cipher_desx.bc	-	-	0.016
0	fileck	workspace/openssl-bc/bc/providers/implementations/ciphers/liblegacy-lib-cipher_desx.bc	-	-	0.016
0	null-deref	workspace/openssl-bc/bc/providers/implementations/ciphers/liblegacy-lib-cipher_desx.bc	-	-	0.016
0	leak	workspace/openssl-bc/bc/providers/implementations/ciphers/liblegacy-lib-cipher_desx_hw.bc	-	-	0.016
0	dfree	workspace/openssl-bc/bc/providers/implementations/ciphers/liblegacy-lib-cipher_desx_hw.bc	-	-	0.016
0	fileck	workspace/openssl-bc/bc/providers/implementations/ciphers/liblegacy-lib-cipher_desx_hw.bc	-	-	0.016
0	null-deref	workspace/openssl-bc/bc/providers/implementations/ciphers/liblegacy-lib-cipher_desx_hw.bc	-	-	0.016
0	leak	workspace/openssl-bc/bc/providers/implementations/ciphers/liblegacy-lib-cipher_idea.bc	-	outputs/saber/openssl/workspace__openssl-bc__bc__providers__implementations__ciphers__liblegacy-lib-cipher_idea.leak.stderr.txt	0.032
0	dfree	workspace/openssl-bc/bc/providers/implementations/ciphers/liblegacy-lib-cipher_idea.bc	-	-	0.032
0	fileck	workspace/openssl-bc/bc/providers/implementations/ciphers/liblegacy-lib-cipher_idea.bc	-	-	0.032
0	null-deref	workspace/openssl-bc/bc/providers/implementations/ciphers/liblegacy-lib-cipher_idea.bc	-	outputs/saber/openssl/workspace__openssl-bc__bc__providers__implementations__ciphers__liblegacy-lib-cipher_idea.null-deref.stderr.txt	0.032
0	leak	workspace/openssl-bc/bc/providers/implementations/ciphers/liblegacy-lib-cipher_idea_hw.bc	-	-	0.016
0	dfree	workspace/openssl-bc/bc/providers/implementations/ciphers/liblegacy-lib-cipher_idea_hw.bc	-	-	0.016
0	fileck	workspace/openssl-bc/bc/providers/implementations/ciphers/liblegacy-lib-cipher_idea_hw.bc	-	-	0.016
0	null-deref	workspace/openssl-bc/bc/providers/implementations/ciphers/liblegacy-lib-cipher_idea_hw.bc	-	-	0.016
0	leak	workspace/openssl-bc/bc/providers/implementations/ciphers/liblegacy-lib-cipher_rc2.bc	-	outputs/saber/openssl/workspace__openssl-bc__bc__providers__implementations__ciphers__liblegacy-lib-cipher_rc2.leak.stderr.txt	0.032
0	dfree	workspace/openssl-bc/bc/providers/implementations/ciphers/liblegacy-lib-cipher_rc2.bc	-	-	0.032
0	fileck	workspace/openssl-bc/bc/providers/implementations/ciphers/liblegacy-lib-cipher_rc2.bc	-	-	0.032
0	null-deref	workspace/openssl-bc/bc/providers/implementations/ciphers/liblegacy-lib-cipher_rc2.bc	-	outputs/saber/openssl/workspace__openssl-bc__bc__providers__implementations__ciphers__liblegacy-lib-cipher_rc2.null-deref.stderr.txt	0.032
0	leak	workspace/openssl-bc/bc/providers/implementations/ciphers/liblegacy-lib-cipher_rc2_hw.bc	-	-	0.016
0	dfree	workspace/openssl-bc/bc/providers/implementations/ciphers/liblegacy-lib-cipher_rc2_hw.bc	-	-	0.016
0	fileck	workspace/openssl-bc/bc/providers/implementations/ciphers/liblegacy-lib-cipher_rc2_hw.bc	-	-	0.016
0	null-deref	workspace/openssl-bc/bc/providers/implementations/ciphers/liblegacy-lib-cipher_rc2_hw.bc	-	-	0.016
0	leak	workspace/openssl-bc/bc/providers/implementations/ciphers/liblegacy-lib-cipher_rc4.bc	-	outputs/saber/openssl/workspace__openssl-bc__bc__providers__implementations__ciphers__liblegacy-lib-cipher_rc4.leak.stderr.txt	0.032
0	dfree	workspace/openssl-bc/bc/providers/implementations/ciphers/liblegacy-lib-cipher_rc4.bc	-	-	0.032
0	fileck	workspace/openssl-bc/bc/providers/implementations/ciphers/liblegacy-lib-cipher_rc4.bc	-	-	0.016
0	null-deref	workspace/openssl-bc/bc/providers/implementations/ciphers/liblegacy-lib-cipher_rc4.bc	-	outputs/saber/openssl/workspace__openssl-bc__bc__providers__implementations__ciphers__liblegacy-lib-cipher_rc4.null-deref.stderr.txt	0.032
0	leak	workspace/openssl-bc/bc/providers/implementations/ciphers/liblegacy-lib-cipher_rc4_hmac_md5.bc	-	-	0.032
0	dfree	workspace/openssl-bc/bc/providers/implementations/ciphers/liblegacy-lib-cipher_rc4_hmac_md5.bc	-	-	0.032
0	fileck	workspace/openssl-bc/bc/providers/implementations/ciphers/liblegacy-lib-cipher_rc4_hmac_md5.bc	-	-	0.032
0	null-deref	workspace/openssl-bc/bc/providers/implementations/ciphers/liblegacy-lib-cipher_rc4_hmac_md5.bc	-	-	0.032
0	leak	workspace/openssl-bc/bc/providers/implementations/ciphers/liblegacy-lib-cipher_rc4_hmac_md5_hw.bc	-	-	0.032
0	dfree	workspace/openssl-bc/bc/providers/implementations/ciphers/liblegacy-lib-cipher_rc4_hmac_md5_hw.bc	-	-	0.032
0	fileck	workspace/openssl-bc/bc/providers/implementations/ciphers/liblegacy-lib-cipher_rc4_hmac_md5_hw.bc	-	-	0.032
0	null-deref	workspace/openssl-bc/bc/providers/implementations/ciphers/liblegacy-lib-cipher_rc4_hmac_md5_hw.bc	-	-	0.032
0	leak	workspace/openssl-bc/bc/providers/implementations/ciphers/liblegacy-lib-cipher_rc4_hw.bc	-	-	0.016
0	dfree	workspace/openssl-bc/bc/providers/implementations/ciphers/liblegacy-lib-cipher_rc4_hw.bc	-	-	0.016
0	fileck	workspace/openssl-bc/bc/providers/implementations/ciphers/liblegacy-lib-cipher_rc4_hw.bc	-	-	0.016
0	null-deref	workspace/openssl-bc/bc/providers/implementations/ciphers/liblegacy-lib-cipher_rc4_hw.bc	-	-	0.016
0	leak	workspace/openssl-bc/bc/providers/implementations/ciphers/liblegacy-lib-cipher_seed.bc	-	outputs/saber/openssl/workspace__openssl-bc__bc__providers__implementations__ciphers__liblegacy-lib-cipher_seed.leak.stderr.txt	0.032
0	dfree	workspace/openssl-bc/bc/providers/implementations/ciphers/liblegacy-lib-cipher_seed.bc	-	-	0.032
0	fileck	workspace/openssl-bc/bc/providers/implementations/ciphers/liblegacy-lib-cipher_seed.bc	-	-	0.016
0	null-deref	workspace/openssl-bc/bc/providers/implementations/ciphers/liblegacy-lib-cipher_seed.bc	-	outputs/saber/openssl/workspace__openssl-bc__bc__providers__implementations__ciphers__liblegacy-lib-cipher_seed.null-deref.stderr.txt	0.032
0	leak	workspace/openssl-bc/bc/providers/implementations/ciphers/liblegacy-lib-cipher_seed_hw.bc	-	-	0.016
0	dfree	workspace/openssl-bc/bc/providers/implementations/ciphers/liblegacy-lib-cipher_seed_hw.bc	-	-	0.016
0	fileck	workspace/openssl-bc/bc/providers/implementations/ciphers/liblegacy-lib-cipher_seed_hw.bc	-	-	0.016
0	null-deref	workspace/openssl-bc/bc/providers/implementations/ciphers/liblegacy-lib-cipher_seed_hw.bc	-	-	0.016
0	leak	workspace/openssl-bc/bc/providers/implementations/ciphers/liblegacy-lib-cipher_tdes_common.bc	-	-	0.032
0	dfree	workspace/openssl-bc/bc/providers/implementations/ciphers/liblegacy-lib-cipher_tdes_common.bc	-	-	0.032
0	fileck	workspace/openssl-bc/bc/providers/implementations/ciphers/liblegacy-lib-cipher_tdes_common.bc	-	-	0.032
0	null-deref	workspace/openssl-bc/bc/providers/implementations/ciphers/liblegacy-lib-cipher_tdes_common.bc	-	-	0.032
0	leak	workspace/openssl-bc/bc/providers/implementations/digests/libcommon-lib-digestcommon.bc	-	-	0.032
0	dfree	workspace/openssl-bc/bc/providers/implementations/digests/libcommon-lib-digestcommon.bc	-	-	0.016
0	fileck	workspace/openssl-bc/bc/providers/implementations/digests/libcommon-lib-digestcommon.bc	-	-	0.016
0	null-deref	workspace/openssl-bc/bc/providers/implementations/digests/libcommon-lib-digestcommon.bc	-	-	0.032
0	leak	workspace/openssl-bc/bc/providers/implementations/digests/libdefault-lib-blake2_prov.bc	-	outputs/saber/openssl/workspace__openssl-bc__bc__providers__implementations__digests__libdefault-lib-blake2_prov.leak.stderr.txt	0.032
0	dfree	workspace/openssl-bc/bc/providers/implementations/digests/libdefault-lib-blake2_prov.bc	-	-	0.032
0	fileck	workspace/openssl-bc/bc/providers/implementations/digests/libdefault-lib-blake2_prov.bc	-	-	0.032
0	null-deref	workspace/openssl-bc/bc/providers/implementations/digests/libdefault-lib-blake2_prov.bc	-	outputs/saber/openssl/workspace__openssl-bc__bc__providers__implementations__digests__libdefault-lib-blake2_prov.null-deref.stderr.txt	0.032
0	leak	workspace/openssl-bc/bc/providers/implementations/digests/libdefault-lib-blake2b_prov.bc	-	-	0.114
0	dfree	workspace/openssl-bc/bc/providers/implementations/digests/libdefault-lib-blake2b_prov.bc	-	-	0.114
0	fileck	workspace/openssl-bc/bc/providers/implementations/digests/libdefault-lib-blake2b_prov.bc	-	-	0.114
0	null-deref	workspace/openssl-bc/bc/providers/implementations/digests/libdefault-lib-blake2b_prov.bc	-	-	0.114
0	leak	workspace/openssl-bc/bc/providers/implementations/digests/libdefault-lib-blake2s_prov.bc	-	-	0.114
0	dfree	workspace/openssl-bc/bc/providers/implementations/digests/libdefault-lib-blake2s_prov.bc	-	-	0.114
0	fileck	workspace/openssl-bc/bc/providers/implementations/digests/libdefault-lib-blake2s_prov.bc	-	-	0.114
0	null-deref	workspace/openssl-bc/bc/providers/implementations/digests/libdefault-lib-blake2s_prov.bc	-	-	0.114
0	leak	workspace/openssl-bc/bc/providers/implementations/digests/libdefault-lib-cshake_prov.bc	-	-	0.065
0	dfree	workspace/openssl-bc/bc/providers/implementations/digests/libdefault-lib-cshake_prov.bc	-	-	0.064
0	fileck	workspace/openssl-bc/bc/providers/implementations/digests/libdefault-lib-cshake_prov.bc	-	-	0.064
0	null-deref	workspace/openssl-bc/bc/providers/implementations/digests/libdefault-lib-cshake_prov.bc	-	-	0.064
0	leak	workspace/openssl-bc/bc/providers/implementations/digests/libdefault-lib-md5_prov.bc	-	outputs/saber/openssl/workspace__openssl-bc__bc__providers__implementations__digests__libdefault-lib-md5_prov.leak.stderr.txt	0.032
0	dfree	workspace/openssl-bc/bc/providers/implementations/digests/libdefault-lib-md5_prov.bc	-	-	0.032
0	fileck	workspace/openssl-bc/bc/providers/implementations/digests/libdefault-lib-md5_prov.bc	-	-	0.016
0	null-deref	workspace/openssl-bc/bc/providers/implementations/digests/libdefault-lib-md5_prov.bc	-	outputs/saber/openssl/workspace__openssl-bc__bc__providers__implementations__digests__libdefault-lib-md5_prov.null-deref.stderr.txt	0.032
0	leak	workspace/openssl-bc/bc/providers/implementations/digests/libdefault-lib-md5_sha1_prov.bc	-	outputs/saber/openssl/workspace__openssl-bc__bc__providers__implementations__digests__libdefault-lib-md5_sha1_prov.leak.stderr.txt	0.032
0	dfree	workspace/openssl-bc/bc/providers/implementations/digests/libdefault-lib-md5_sha1_prov.bc	-	-	0.032
0	fileck	workspace/openssl-bc/bc/providers/implementations/digests/libdefault-lib-md5_sha1_prov.bc	-	-	0.016
0	null-deref	workspace/openssl-bc/bc/providers/implementations/digests/libdefault-lib-md5_sha1_prov.bc	-	outputs/saber/openssl/workspace__openssl-bc__bc__providers__implementations__digests__libdefault-lib-md5_sha1_prov.null-deref.stderr.txt	0.032
0	leak	workspace/openssl-bc/bc/providers/implementations/digests/libdefault-lib-ml_dsa_mu_prov.bc	-	-	0.064
0	dfree	workspace/openssl-bc/bc/providers/implementations/digests/libdefault-lib-ml_dsa_mu_prov.bc	-	-	0.064
0	fileck	workspace/openssl-bc/bc/providers/implementations/digests/libdefault-lib-ml_dsa_mu_prov.bc	-	-	0.032
0	null-deref	workspace/openssl-bc/bc/providers/implementations/digests/libdefault-lib-ml_dsa_mu_prov.bc	-	-	0.032
0	leak	workspace/openssl-bc/bc/providers/implementations/digests/libdefault-lib-null_prov.bc	-	outputs/saber/openssl/workspace__openssl-bc__bc__providers__implementations__digests__libdefault-lib-null_prov.leak.stderr.txt	0.032
0	dfree	workspace/openssl-bc/bc/providers/implementations/digests/libdefault-lib-null_prov.bc	-	-	0.032
0	fileck	workspace/openssl-bc/bc/providers/implementations/digests/libdefault-lib-null_prov.bc	-	-	0.016
0	null-deref	workspace/openssl-bc/bc/providers/implementations/digests/libdefault-lib-null_prov.bc	-	outputs/saber/openssl/workspace__openssl-bc__bc__providers__implementations__digests__libdefault-lib-null_prov.null-deref.stderr.txt	0.032
0	leak	workspace/openssl-bc/bc/providers/implementations/digests/libdefault-lib-ripemd_prov.bc	-	outputs/saber/openssl/workspace__openssl-bc__bc__providers__implementations__digests__libdefault-lib-ripemd_prov.leak.stderr.txt	0.032
0	dfree	workspace/openssl-bc/bc/providers/implementations/digests/libdefault-lib-ripemd_prov.bc	-	-	0.032
0	fileck	workspace/openssl-bc/bc/providers/implementations/digests/libdefault-lib-ripemd_prov.bc	-	-	0.016
0	null-deref	workspace/openssl-bc/bc/providers/implementations/digests/libdefault-lib-ripemd_prov.bc	-	outputs/saber/openssl/workspace__openssl-bc__bc__providers__implementations__digests__libdefault-lib-ripemd_prov.null-deref.stderr.txt	0.032
0	leak	workspace/openssl-bc/bc/providers/implementations/digests/libdefault-lib-sha2_prov.bc	-	outputs/saber/openssl/workspace__openssl-bc__bc__providers__implementations__digests__libdefault-lib-sha2_prov.leak.stderr.txt	0.064
0	dfree	workspace/openssl-bc/bc/providers/implementations/digests/libdefault-lib-sha2_prov.bc	-	-	0.064
0	fileck	workspace/openssl-bc/bc/providers/implementations/digests/libdefault-lib-sha2_prov.bc	-	-	0.064
0	null-deref	workspace/openssl-bc/bc/providers/implementations/digests/libdefault-lib-sha2_prov.bc	-	outputs/saber/openssl/workspace__openssl-bc__bc__providers__implementations__digests__libdefault-lib-sha2_prov.null-deref.stderr.txt	0.064
0	leak	workspace/openssl-bc/bc/providers/implementations/digests/libdefault-lib-sha3_prov.bc	-	outputs/saber/openssl/workspace__openssl-bc__bc__providers__implementations__digests__libdefault-lib-sha3_prov.leak.stderr.txt	0.064
0	dfree	workspace/openssl-bc/bc/providers/implementations/digests/libdefault-lib-sha3_prov.bc	-	-	0.064
0	fileck	workspace/openssl-bc/bc/providers/implementations/digests/libdefault-lib-sha3_prov.bc	-	-	0.064
0	null-deref	workspace/openssl-bc/bc/providers/implementations/digests/libdefault-lib-sha3_prov.bc	-	outputs/saber/openssl/workspace__openssl-bc__bc__providers__implementations__digests__libdefault-lib-sha3_prov.null-deref.stderr.txt	0.064
0	leak	workspace/openssl-bc/bc/providers/implementations/digests/libdefault-lib-sm3_prov.bc	-	outputs/saber/openssl/workspace__openssl-bc__bc__providers__implementations__digests__libdefault-lib-sm3_prov.leak.stderr.txt	0.032
0	dfree	workspace/openssl-bc/bc/providers/implementations/digests/libdefault-lib-sm3_prov.bc	-	-	0.032
0	fileck	workspace/openssl-bc/bc/providers/implementations/digests/libdefault-lib-sm3_prov.bc	-	-	0.016
0	null-deref	workspace/openssl-bc/bc/providers/implementations/digests/libdefault-lib-sm3_prov.bc	-	outputs/saber/openssl/workspace__openssl-bc__bc__providers__implementations__digests__libdefault-lib-sm3_prov.null-deref.stderr.txt	0.032
0	leak	workspace/openssl-bc/bc/providers/implementations/digests/liblegacy-lib-md4_prov.bc	-	outputs/saber/openssl/workspace__openssl-bc__bc__providers__implementations__digests__liblegacy-lib-md4_prov.leak.stderr.txt	0.032
0	dfree	workspace/openssl-bc/bc/providers/implementations/digests/liblegacy-lib-md4_prov.bc	-	-	0.032
0	fileck	workspace/openssl-bc/bc/providers/implementations/digests/liblegacy-lib-md4_prov.bc	-	-	0.016
0	null-deref	workspace/openssl-bc/bc/providers/implementations/digests/liblegacy-lib-md4_prov.bc	-	outputs/saber/openssl/workspace__openssl-bc__bc__providers__implementations__digests__liblegacy-lib-md4_prov.null-deref.stderr.txt	0.032
0	leak	workspace/openssl-bc/bc/providers/implementations/digests/liblegacy-lib-mdc2_prov.bc	-	outputs/saber/openssl/workspace__openssl-bc__bc__providers__implementations__digests__liblegacy-lib-mdc2_prov.leak.stderr.txt	0.032
0	dfree	workspace/openssl-bc/bc/providers/implementations/digests/liblegacy-lib-mdc2_prov.bc	-	-	0.032
0	fileck	workspace/openssl-bc/bc/providers/implementations/digests/liblegacy-lib-mdc2_prov.bc	-	-	0.032
0	null-deref	workspace/openssl-bc/bc/providers/implementations/digests/liblegacy-lib-mdc2_prov.bc	-	outputs/saber/openssl/workspace__openssl-bc__bc__providers__implementations__digests__liblegacy-lib-mdc2_prov.null-deref.stderr.txt	0.032
0	leak	workspace/openssl-bc/bc/providers/implementations/digests/liblegacy-lib-ripemd_prov.bc	-	outputs/saber/openssl/workspace__openssl-bc__bc__providers__implementations__digests__liblegacy-lib-ripemd_prov.leak.stderr.txt	0.032
0	dfree	workspace/openssl-bc/bc/providers/implementations/digests/liblegacy-lib-ripemd_prov.bc	-	-	0.032
0	fileck	workspace/openssl-bc/bc/providers/implementations/digests/liblegacy-lib-ripemd_prov.bc	-	-	0.016
0	null-deref	workspace/openssl-bc/bc/providers/implementations/digests/liblegacy-lib-ripemd_prov.bc	-	outputs/saber/openssl/workspace__openssl-bc__bc__providers__implementations__digests__liblegacy-lib-ripemd_prov.null-deref.stderr.txt	0.032
0	leak	workspace/openssl-bc/bc/providers/implementations/digests/liblegacy-lib-wp_prov.bc	-	outputs/saber/openssl/workspace__openssl-bc__bc__providers__implementations__digests__liblegacy-lib-wp_prov.leak.stderr.txt	0.032
0	dfree	workspace/openssl-bc/bc/providers/implementations/digests/liblegacy-lib-wp_prov.bc	-	-	0.032
0	fileck	workspace/openssl-bc/bc/providers/implementations/digests/liblegacy-lib-wp_prov.bc	-	-	0.016
0	null-deref	workspace/openssl-bc/bc/providers/implementations/digests/liblegacy-lib-wp_prov.bc	-	outputs/saber/openssl/workspace__openssl-bc__bc__providers__implementations__digests__liblegacy-lib-wp_prov.null-deref.stderr.txt	0.032
0	leak	workspace/openssl-bc/bc/providers/implementations/encode_decode/libdefault-lib-decode_der2key.bc	-	outputs/saber/openssl/workspace__openssl-bc__bc__providers__implementations__encode_decode__libdefault-lib-decode_der2key.leak.stderr.txt	0.114
0	dfree	workspace/openssl-bc/bc/providers/implementations/encode_decode/libdefault-lib-decode_der2key.bc	-	-	0.114
0	fileck	workspace/openssl-bc/bc/providers/implementations/encode_decode/libdefault-lib-decode_der2key.bc	-	-	0.114
0	null-deref	workspace/openssl-bc/bc/providers/implementations/encode_decode/libdefault-lib-decode_der2key.bc	-	outputs/saber/openssl/workspace__openssl-bc__bc__providers__implementations__encode_decode__libdefault-lib-decode_der2key.null-deref.stderr.txt	0.114
0	leak	workspace/openssl-bc/bc/providers/implementations/encode_decode/libdefault-lib-decode_epki2pki.bc	-	-	0.032
0	dfree	workspace/openssl-bc/bc/providers/implementations/encode_decode/libdefault-lib-decode_epki2pki.bc	-	-	0.032
0	fileck	workspace/openssl-bc/bc/providers/implementations/encode_decode/libdefault-lib-decode_epki2pki.bc	-	-	0.032
0	null-deref	workspace/openssl-bc/bc/providers/implementations/encode_decode/libdefault-lib-decode_epki2pki.bc	-	-	0.032
0	leak	workspace/openssl-bc/bc/providers/implementations/encode_decode/libdefault-lib-decode_msblob2key.bc	-	-	0.064
0	dfree	workspace/openssl-bc/bc/providers/implementations/encode_decode/libdefault-lib-decode_msblob2key.bc	-	outputs/saber/openssl/workspace__openssl-bc__bc__providers__implementations__encode_decode__libdefault-lib-decode_msblob2key.dfree.stderr.txt	0.064
0	fileck	workspace/openssl-bc/bc/providers/implementations/encode_decode/libdefault-lib-decode_msblob2key.bc	-	-	0.032
0	null-deref	workspace/openssl-bc/bc/providers/implementations/encode_decode/libdefault-lib-decode_msblob2key.bc	-	-	0.064
0	leak	workspace/openssl-bc/bc/providers/implementations/encode_decode/libdefault-lib-decode_pem2der.bc	-	-	0.032
0	dfree	workspace/openssl-bc/bc/providers/implementations/encode_decode/libdefault-lib-decode_pem2der.bc	-	-	0.032
0	fileck	workspace/openssl-bc/bc/providers/implementations/encode_decode/libdefault-lib-decode_pem2der.bc	-	-	0.032
0	null-deref	workspace/openssl-bc/bc/providers/implementations/encode_decode/libdefault-lib-decode_pem2der.bc	-	-	0.032
0	leak	workspace/openssl-bc/bc/providers/implementations/encode_decode/libdefault-lib-decode_pvk2key.bc	-	-	0.032
0	dfree	workspace/openssl-bc/bc/providers/implementations/encode_decode/libdefault-lib-decode_pvk2key.bc	-	outputs/saber/openssl/workspace__openssl-bc__bc__providers__implementations__encode_decode__libdefault-lib-decode_pvk2key.dfree.stderr.txt	0.032
0	fileck	workspace/openssl-bc/bc/providers/implementations/encode_decode/libdefault-lib-decode_pvk2key.bc	-	-	0.032
0	null-deref	workspace/openssl-bc/bc/providers/implementations/encode_decode/libdefault-lib-decode_pvk2key.bc	-	-	0.032
0	leak	workspace/openssl-bc/bc/providers/implementations/encode_decode/libdefault-lib-decode_spki2typespki.bc	-	-	0.032
0	dfree	workspace/openssl-bc/bc/providers/implementations/encode_decode/libdefault-lib-decode_spki2typespki.bc	-	-	0.032
0	fileck	workspace/openssl-bc/bc/providers/implementations/encode_decode/libdefault-lib-decode_spki2typespki.bc	-	-	0.032
0	null-deref	workspace/openssl-bc/bc/providers/implementations/encode_decode/libdefault-lib-decode_spki2typespki.bc	-	-	0.032
0	leak	workspace/openssl-bc/bc/providers/implementations/encode_decode/libdefault-lib-encode_key2any.bc	-	-	0.515
0	dfree	workspace/openssl-bc/bc/providers/implementations/encode_decode/libdefault-lib-encode_key2any.bc	-	-	0.565
0	fileck	workspace/openssl-bc/bc/providers/implementations/encode_decode/libdefault-lib-encode_key2any.bc	-	-	0.515
0	null-deref	workspace/openssl-bc/bc/providers/implementations/encode_decode/libdefault-lib-encode_key2any.bc	-	-	0.516
0	leak	workspace/openssl-bc/bc/providers/implementations/encode_decode/libdefault-lib-encode_key2blob.bc	-	-	0.032
0	dfree	workspace/openssl-bc/bc/providers/implementations/encode_decode/libdefault-lib-encode_key2blob.bc	-	-	0.032
0	fileck	workspace/openssl-bc/bc/providers/implementations/encode_decode/libdefault-lib-encode_key2blob.bc	-	-	0.016
0	null-deref	workspace/openssl-bc/bc/providers/implementations/encode_decode/libdefault-lib-encode_key2blob.bc	-	-	0.032
0	leak	workspace/openssl-bc/bc/providers/implementations/encode_decode/libdefault-lib-encode_key2ms.bc	-	-	0.032
0	dfree	workspace/openssl-bc/bc/providers/implementations/encode_decode/libdefault-lib-encode_key2ms.bc	-	-	0.032
0	fileck	workspace/openssl-bc/bc/providers/implementations/encode_decode/libdefault-lib-encode_key2ms.bc	-	-	0.032
0	null-deref	workspace/openssl-bc/bc/providers/implementations/encode_decode/libdefault-lib-encode_key2ms.bc	-	-	0.032
0	leak	workspace/openssl-bc/bc/providers/implementations/encode_decode/libdefault-lib-encode_key2text.bc	-	-	0.114
0	dfree	workspace/openssl-bc/bc/providers/implementations/encode_decode/libdefault-lib-encode_key2text.bc	-	-	0.114
0	fileck	workspace/openssl-bc/bc/providers/implementations/encode_decode/libdefault-lib-encode_key2text.bc	-	-	0.114
0	null-deref	workspace/openssl-bc/bc/providers/implementations/encode_decode/libdefault-lib-encode_key2text.bc	-	-	0.114
0	leak	workspace/openssl-bc/bc/providers/implementations/encode_decode/libdefault-lib-endecoder_common.bc	-	-	0.016
0	dfree	workspace/openssl-bc/bc/providers/implementations/encode_decode/libdefault-lib-endecoder_common.bc	-	-	0.016
0	fileck	workspace/openssl-bc/bc/providers/implementations/encode_decode/libdefault-lib-endecoder_common.bc	-	-	0.016
0	null-deref	workspace/openssl-bc/bc/providers/implementations/encode_decode/libdefault-lib-endecoder_common.bc	-	-	0.016
0	leak	workspace/openssl-bc/bc/providers/implementations/encode_decode/libdefault-lib-ml_common_codecs.bc	-	-	0.016
0	dfree	workspace/openssl-bc/bc/providers/implementations/encode_decode/libdefault-lib-ml_common_codecs.bc	-	-	0.016
0	fileck	workspace/openssl-bc/bc/providers/implementations/encode_decode/libdefault-lib-ml_common_codecs.bc	-	-	0.016
0	null-deref	workspace/openssl-bc/bc/providers/implementations/encode_decode/libdefault-lib-ml_common_codecs.bc	-	-	0.016
0	leak	workspace/openssl-bc/bc/providers/implementations/encode_decode/libdefault-lib-ml_dsa_codecs.bc	-	-	0.032
0	dfree	workspace/openssl-bc/bc/providers/implementations/encode_decode/libdefault-lib-ml_dsa_codecs.bc	-	-	0.032
0	fileck	workspace/openssl-bc/bc/providers/implementations/encode_decode/libdefault-lib-ml_dsa_codecs.bc	-	-	0.032
0	null-deref	workspace/openssl-bc/bc/providers/implementations/encode_decode/libdefault-lib-ml_dsa_codecs.bc	-	-	0.032
0	leak	workspace/openssl-bc/bc/providers/implementations/encode_decode/libdefault-lib-ml_kem_codecs.bc	-	-	0.064
0	dfree	workspace/openssl-bc/bc/providers/implementations/encode_decode/libdefault-lib-ml_kem_codecs.bc	-	-	0.064
0	fileck	workspace/openssl-bc/bc/providers/implementations/encode_decode/libdefault-lib-ml_kem_codecs.bc	-	-	0.032
0	null-deref	workspace/openssl-bc/bc/providers/implementations/encode_decode/libdefault-lib-ml_kem_codecs.bc	-	-	0.032
0	leak	workspace/openssl-bc/bc/providers/implementations/exchange/libdefault-lib-dh_exch.bc	-	outputs/saber/openssl/workspace__openssl-bc__bc__providers__implementations__exchange__libdefault-lib-dh_exch.leak.stderr.txt	0.064
0	dfree	workspace/openssl-bc/bc/providers/implementations/exchange/libdefault-lib-dh_exch.bc	-	-	0.064
0	fileck	workspace/openssl-bc/bc/providers/implementations/exchange/libdefault-lib-dh_exch.bc	-	-	0.038
0	null-deref	workspace/openssl-bc/bc/providers/implementations/exchange/libdefault-lib-dh_exch.bc	-	outputs/saber/openssl/workspace__openssl-bc__bc__providers__implementations__exchange__libdefault-lib-dh_exch.null-deref.stderr.txt	0.064
0	leak	workspace/openssl-bc/bc/providers/implementations/exchange/libdefault-lib-ecdh_exch.bc	-	outputs/saber/openssl/workspace__openssl-bc__bc__providers__implementations__exchange__libdefault-lib-ecdh_exch.leak.stderr.txt	0.064
0	dfree	workspace/openssl-bc/bc/providers/implementations/exchange/libdefault-lib-ecdh_exch.bc	-	-	0.064
0	fileck	workspace/openssl-bc/bc/providers/implementations/exchange/libdefault-lib-ecdh_exch.bc	-	-	0.064
0	null-deref	workspace/openssl-bc/bc/providers/implementations/exchange/libdefault-lib-ecdh_exch.bc	-	outputs/saber/openssl/workspace__openssl-bc__bc__providers__implementations__exchange__libdefault-lib-ecdh_exch.null-deref.stderr.txt	0.064
0	leak	workspace/openssl-bc/bc/providers/implementations/exchange/libdefault-lib-ecx_exch.bc	-	-	0.017
0	dfree	workspace/openssl-bc/bc/providers/implementations/exchange/libdefault-lib-ecx_exch.bc	-	-	0.032
0	fileck	workspace/openssl-bc/bc/providers/implementations/exchange/libdefault-lib-ecx_exch.bc	-	-	0.032
0	null-deref	workspace/openssl-bc/bc/providers/implementations/exchange/libdefault-lib-ecx_exch.bc	-	-	0.032
0	leak	workspace/openssl-bc/bc/providers/implementations/exchange/libdefault-lib-kdf_exch.bc	-	-	0.032
0	dfree	workspace/openssl-bc/bc/providers/implementations/exchange/libdefault-lib-kdf_exch.bc	-	-	0.032
0	fileck	workspace/openssl-bc/bc/providers/implementations/exchange/libdefault-lib-kdf_exch.bc	-	-	0.032
0	null-deref	workspace/openssl-bc/bc/providers/implementations/exchange/libdefault-lib-kdf_exch.bc	-	-	0.032
0	leak	workspace/openssl-bc/bc/providers/implementations/kdfs/libdefault-lib-argon2.bc	-	-	0.114
0	dfree	workspace/openssl-bc/bc/providers/implementations/kdfs/libdefault-lib-argon2.bc	-	-	0.115
0	fileck	workspace/openssl-bc/bc/providers/implementations/kdfs/libdefault-lib-argon2.bc	-	-	0.114
0	null-deref	workspace/openssl-bc/bc/providers/implementations/kdfs/libdefault-lib-argon2.bc	-	-	0.114
0	leak	workspace/openssl-bc/bc/providers/implementations/kdfs/libdefault-lib-hkdf.bc	-	-	0.064
0	dfree	workspace/openssl-bc/bc/providers/implementations/kdfs/libdefault-lib-hkdf.bc	-	-	0.064
0	fileck	workspace/openssl-bc/bc/providers/implementations/kdfs/libdefault-lib-hkdf.bc	-	-	0.064
0	null-deref	workspace/openssl-bc/bc/providers/implementations/kdfs/libdefault-lib-hkdf.bc	-	-	0.064
0	leak	workspace/openssl-bc/bc/providers/implementations/kdfs/libdefault-lib-hmacdrbg_kdf.bc	-	-	0.032
0	dfree	workspace/openssl-bc/bc/providers/implementations/kdfs/libdefault-lib-hmacdrbg_kdf.bc	-	-	0.032
0	fileck	workspace/openssl-bc/bc/providers/implementations/kdfs/libdefault-lib-hmacdrbg_kdf.bc	-	-	0.032
0	null-deref	workspace/openssl-bc/bc/providers/implementations/kdfs/libdefault-lib-hmacdrbg_kdf.bc	-	-	0.032
0	leak	workspace/openssl-bc/bc/providers/implementations/kdfs/libdefault-lib-kbkdf.bc	-	-	0.064
0	dfree	workspace/openssl-bc/bc/providers/implementations/kdfs/libdefault-lib-kbkdf.bc	-	-	0.064
0	fileck	workspace/openssl-bc/bc/providers/implementations/kdfs/libdefault-lib-kbkdf.bc	-	-	0.064
0	null-deref	workspace/openssl-bc/bc/providers/implementations/kdfs/libdefault-lib-kbkdf.bc	-	-	0.064
0	leak	workspace/openssl-bc/bc/providers/implementations/kdfs/libdefault-lib-krb5kdf.bc	-	-	0.032
0	dfree	workspace/openssl-bc/bc/providers/implementations/kdfs/libdefault-lib-krb5kdf.bc	-	-	0.032
0	fileck	workspace/openssl-bc/bc/providers/implementations/kdfs/libdefault-lib-krb5kdf.bc	-	-	0.032
0	null-deref	workspace/openssl-bc/bc/providers/implementations/kdfs/libdefault-lib-krb5kdf.bc	-	-	0.032
0	leak	workspace/openssl-bc/bc/providers/implementations/kdfs/libdefault-lib-pbkdf2.bc	-	outputs/saber/openssl/workspace__openssl-bc__bc__providers__implementations__kdfs__libdefault-lib-pbkdf2.leak.stderr.txt	0.064
0	dfree	workspace/openssl-bc/bc/providers/implementations/kdfs/libdefault-lib-pbkdf2.bc	-	-	0.064
0	fileck	workspace/openssl-bc/bc/providers/implementations/kdfs/libdefault-lib-pbkdf2.bc	-	-	0.032
0	null-deref	workspace/openssl-bc/bc/providers/implementations/kdfs/libdefault-lib-pbkdf2.bc	-	outputs/saber/openssl/workspace__openssl-bc__bc__providers__implementations__kdfs__libdefault-lib-pbkdf2.null-deref.stderr.txt	0.064
0	leak	workspace/openssl-bc/bc/providers/implementations/kdfs/libdefault-lib-pkcs12kdf.bc	-	outputs/saber/openssl/workspace__openssl-bc__bc__providers__implementations__kdfs__libdefault-lib-pkcs12kdf.leak.stderr.txt	0.064
0	dfree	workspace/openssl-bc/bc/providers/implementations/kdfs/libdefault-lib-pkcs12kdf.bc	-	-	0.064
0	fileck	workspace/openssl-bc/bc/providers/implementations/kdfs/libdefault-lib-pkcs12kdf.bc	-	-	0.032
0	null-deref	workspace/openssl-bc/bc/providers/implementations/kdfs/libdefault-lib-pkcs12kdf.bc	-	outputs/saber/openssl/workspace__openssl-bc__bc__providers__implementations__kdfs__libdefault-lib-pkcs12kdf.null-deref.stderr.txt	0.064
0	leak	workspace/openssl-bc/bc/providers/implementations/kdfs/libdefault-lib-scrypt.bc	-	outputs/saber/openssl/workspace__openssl-bc__bc__providers__implementations__kdfs__libdefault-lib-scrypt.leak.stderr.txt	0.064
0	dfree	workspace/openssl-bc/bc/providers/implementations/kdfs/libdefault-lib-scrypt.bc	-	-	0.064
0	fileck	workspace/openssl-bc/bc/providers/implementations/kdfs/libdefault-lib-scrypt.bc	-	-	0.064
0	null-deref	workspace/openssl-bc/bc/providers/implementations/kdfs/libdefault-lib-scrypt.bc	-	outputs/saber/openssl/workspace__openssl-bc__bc__providers__implementations__kdfs__libdefault-lib-scrypt.null-deref.stderr.txt	0.066
0	leak	workspace/openssl-bc/bc/providers/implementations/kdfs/libdefault-lib-snmpkdf.bc	-	-	0.034
0	dfree	workspace/openssl-bc/bc/providers/implementations/kdfs/libdefault-lib-snmpkdf.bc	-	-	0.032
0	fileck	workspace/openssl-bc/bc/providers/implementations/kdfs/libdefault-lib-snmpkdf.bc	-	-	0.032
0	null-deref	workspace/openssl-bc/bc/providers/implementations/kdfs/libdefault-lib-snmpkdf.bc	-	-	0.032
0	leak	workspace/openssl-bc/bc/providers/implementations/kdfs/libdefault-lib-srtpkdf.bc	-	-	0.032
0	dfree	workspace/openssl-bc/bc/providers/implementations/kdfs/libdefault-lib-srtpkdf.bc	-	-	0.032
0	fileck	workspace/openssl-bc/bc/providers/implementations/kdfs/libdefault-lib-srtpkdf.bc	-	-	0.032
0	null-deref	workspace/openssl-bc/bc/providers/implementations/kdfs/libdefault-lib-srtpkdf.bc	-	-	0.032
0	leak	workspace/openssl-bc/bc/providers/implementations/kdfs/libdefault-lib-sshkdf.bc	-	-	0.032
0	dfree	workspace/openssl-bc/bc/providers/implementations/kdfs/libdefault-lib-sshkdf.bc	-	-	0.032
0	fileck	workspace/openssl-bc/bc/providers/implementations/kdfs/libdefault-lib-sshkdf.bc	-	-	0.032
0	null-deref	workspace/openssl-bc/bc/providers/implementations/kdfs/libdefault-lib-sshkdf.bc	-	-	0.032
0	leak	workspace/openssl-bc/bc/providers/implementations/kdfs/libdefault-lib-sskdf.bc	-	-	0.064
0	dfree	workspace/openssl-bc/bc/providers/implementations/kdfs/libdefault-lib-sskdf.bc	-	-	0.064
0	fileck	workspace/openssl-bc/bc/providers/implementations/kdfs/libdefault-lib-sskdf.bc	-	-	0.064
0	null-deref	workspace/openssl-bc/bc/providers/implementations/kdfs/libdefault-lib-sskdf.bc	-	-	0.064
0	leak	workspace/openssl-bc/bc/providers/implementations/kdfs/libdefault-lib-tls1_prf.bc	-	outputs/saber/openssl/workspace__openssl-bc__bc__providers__implementations__kdfs__libdefault-lib-tls1_prf.leak.stderr.txt	0.064
0	dfree	workspace/openssl-bc/bc/providers/implementations/kdfs/libdefault-lib-tls1_prf.bc	-	-	0.064
0	fileck	workspace/openssl-bc/bc/providers/implementations/kdfs/libdefault-lib-tls1_prf.bc	-	-	0.032
0	null-deref	workspace/openssl-bc/bc/providers/implementations/kdfs/libdefault-lib-tls1_prf.bc	-	outputs/saber/openssl/workspace__openssl-bc__bc__providers__implementations__kdfs__libdefault-lib-tls1_prf.null-deref.stderr.txt	0.064
0	leak	workspace/openssl-bc/bc/providers/implementations/kdfs/libdefault-lib-x942kdf.bc	-	-	0.064
0	dfree	workspace/openssl-bc/bc/providers/implementations/kdfs/libdefault-lib-x942kdf.bc	-	-	0.064
0	fileck	workspace/openssl-bc/bc/providers/implementations/kdfs/libdefault-lib-x942kdf.bc	-	-	0.064
0	null-deref	workspace/openssl-bc/bc/providers/implementations/kdfs/libdefault-lib-x942kdf.bc	-	-	0.066
0	leak	workspace/openssl-bc/bc/providers/implementations/kdfs/liblegacy-lib-pbkdf1.bc	-	outputs/saber/openssl/workspace__openssl-bc__bc__providers__implementations__kdfs__liblegacy-lib-pbkdf1.leak.stderr.txt	0.032
0	dfree	workspace/openssl-bc/bc/providers/implementations/kdfs/liblegacy-lib-pbkdf1.bc	-	-	0.032
0	fileck	workspace/openssl-bc/bc/providers/implementations/kdfs/liblegacy-lib-pbkdf1.bc	-	-	0.032
0	null-deref	workspace/openssl-bc/bc/providers/implementations/kdfs/liblegacy-lib-pbkdf1.bc	-	outputs/saber/openssl/workspace__openssl-bc__bc__providers__implementations__kdfs__liblegacy-lib-pbkdf1.null-deref.stderr.txt	0.032
0	leak	workspace/openssl-bc/bc/providers/implementations/kdfs/liblegacy-lib-pvkkdf.bc	-	outputs/saber/openssl/workspace__openssl-bc__bc__providers__implementations__kdfs__liblegacy-lib-pvkkdf.leak.stderr.txt	0.032
0	dfree	workspace/openssl-bc/bc/providers/implementations/kdfs/liblegacy-lib-pvkkdf.bc	-	-	0.032
0	fileck	workspace/openssl-bc/bc/providers/implementations/kdfs/liblegacy-lib-pvkkdf.bc	-	-	0.032
0	null-deref	workspace/openssl-bc/bc/providers/implementations/kdfs/liblegacy-lib-pvkkdf.bc	-	outputs/saber/openssl/workspace__openssl-bc__bc__providers__implementations__kdfs__liblegacy-lib-pvkkdf.null-deref.stderr.txt	0.032
0	leak	workspace/openssl-bc/bc/providers/implementations/kem/libdefault-lib-ec_kem.bc	-	-	0.064
0	dfree	workspace/openssl-bc/bc/providers/implementations/kem/libdefault-lib-ec_kem.bc	-	-	0.064
0	fileck	workspace/openssl-bc/bc/providers/implementations/kem/libdefault-lib-ec_kem.bc	-	-	0.064
0	null-deref	workspace/openssl-bc/bc/providers/implementations/kem/libdefault-lib-ec_kem.bc	-	-	0.064
0	leak	workspace/openssl-bc/bc/providers/implementations/kem/libdefault-lib-ecx_kem.bc	-	-	0.064
0	dfree	workspace/openssl-bc/bc/providers/implementations/kem/libdefault-lib-ecx_kem.bc	-	-	0.064
0	fileck	workspace/openssl-bc/bc/providers/implementations/kem/libdefault-lib-ecx_kem.bc	-	-	0.064
0	null-deref	workspace/openssl-bc/bc/providers/implementations/kem/libdefault-lib-ecx_kem.bc	-	-	0.064
0	leak	workspace/openssl-bc/bc/providers/implementations/kem/libdefault-lib-kem_util.bc	-	-	0.016
0	dfree	workspace/openssl-bc/bc/providers/implementations/kem/libdefault-lib-kem_util.bc	-	-	0.016
0	fileck	workspace/openssl-bc/bc/providers/implementations/kem/libdefault-lib-kem_util.bc	-	-	0.016
0	null-deref	workspace/openssl-bc/bc/providers/implementations/kem/libdefault-lib-kem_util.bc	-	-	0.016
0	leak	workspace/openssl-bc/bc/providers/implementations/kem/libdefault-lib-ml_kem_kem.bc	-	outputs/saber/openssl/workspace__openssl-bc__bc__providers__implementations__kem__libdefault-lib-ml_kem_kem.leak.stderr.txt	0.032
0	dfree	workspace/openssl-bc/bc/providers/implementations/kem/libdefault-lib-ml_kem_kem.bc	-	-	0.032
0	fileck	workspace/openssl-bc/bc/providers/implementations/kem/libdefault-lib-ml_kem_kem.bc	-	-	0.032
0	null-deref	workspace/openssl-bc/bc/providers/implementations/kem/libdefault-lib-ml_kem_kem.bc	-	outputs/saber/openssl/workspace__openssl-bc__bc__providers__implementations__kem__libdefault-lib-ml_kem_kem.null-deref.stderr.txt	0.032
0	leak	workspace/openssl-bc/bc/providers/implementations/kem/libdefault-lib-mlx_kem.bc	-	outputs/saber/openssl/workspace__openssl-bc__bc__providers__implementations__kem__libdefault-lib-mlx_kem.leak.stderr.txt	0.032
0	dfree	workspace/openssl-bc/bc/providers/implementations/kem/libdefault-lib-mlx_kem.bc	-	outputs/saber/openssl/workspace__openssl-bc__bc__providers__implementations__kem__libdefault-lib-mlx_kem.dfree.stderr.txt	0.032
0	fileck	workspace/openssl-bc/bc/providers/implementations/kem/libdefault-lib-mlx_kem.bc	-	-	0.032
0	null-deref	workspace/openssl-bc/bc/providers/implementations/kem/libdefault-lib-mlx_kem.bc	-	outputs/saber/openssl/workspace__openssl-bc__bc__providers__implementations__kem__libdefault-lib-mlx_kem.null-deref.stderr.txt	0.032
0	leak	workspace/openssl-bc/bc/providers/implementations/kem/libdefault-lib-rsa_kem.bc	-	-	0.032
0	dfree	workspace/openssl-bc/bc/providers/implementations/kem/libdefault-lib-rsa_kem.bc	-	-	0.032
0	fileck	workspace/openssl-bc/bc/providers/implementations/kem/libdefault-lib-rsa_kem.bc	-	-	0.032
0	null-deref	workspace/openssl-bc/bc/providers/implementations/kem/libdefault-lib-rsa_kem.bc	-	-	0.032
0	leak	workspace/openssl-bc/bc/providers/implementations/kem/libtemplate-lib-template_kem.bc	-	-	0.032
0	dfree	workspace/openssl-bc/bc/providers/implementations/kem/libtemplate-lib-template_kem.bc	-	-	0.016
0	fileck	workspace/openssl-bc/bc/providers/implementations/kem/libtemplate-lib-template_kem.bc	-	-	0.016
0	null-deref	workspace/openssl-bc/bc/providers/implementations/kem/libtemplate-lib-template_kem.bc	-	-	0.032
0	leak	workspace/openssl-bc/bc/providers/implementations/keymgmt/libdefault-lib-dh_kmgmt.bc	-	outputs/saber/openssl/workspace__openssl-bc__bc__providers__implementations__keymgmt__libdefault-lib-dh_kmgmt.leak.stderr.txt	0.114
0	dfree	workspace/openssl-bc/bc/providers/implementations/keymgmt/libdefault-lib-dh_kmgmt.bc	-	-	0.114
0	fileck	workspace/openssl-bc/bc/providers/implementations/keymgmt/libdefault-lib-dh_kmgmt.bc	-	-	0.114
0	null-deref	workspace/openssl-bc/bc/providers/implementations/keymgmt/libdefault-lib-dh_kmgmt.bc	-	outputs/saber/openssl/workspace__openssl-bc__bc__providers__implementations__keymgmt__libdefault-lib-dh_kmgmt.null-deref.stderr.txt	0.121
0	leak	workspace/openssl-bc/bc/providers/implementations/keymgmt/libdefault-lib-dsa_kmgmt.bc	-	outputs/saber/openssl/workspace__openssl-bc__bc__providers__implementations__keymgmt__libdefault-lib-dsa_kmgmt.leak.stderr.txt	0.064
0	dfree	workspace/openssl-bc/bc/providers/implementations/keymgmt/libdefault-lib-dsa_kmgmt.bc	-	-	0.064
0	fileck	workspace/openssl-bc/bc/providers/implementations/keymgmt/libdefault-lib-dsa_kmgmt.bc	-	-	0.064
0	null-deref	workspace/openssl-bc/bc/providers/implementations/keymgmt/libdefault-lib-dsa_kmgmt.bc	-	outputs/saber/openssl/workspace__openssl-bc__bc__providers__implementations__keymgmt__libdefault-lib-dsa_kmgmt.null-deref.stderr.txt	0.064
0	leak	workspace/openssl-bc/bc/providers/implementations/keymgmt/libdefault-lib-ec_kmgmt.bc	-	outputs/saber/openssl/workspace__openssl-bc__bc__providers__implementations__keymgmt__libdefault-lib-ec_kmgmt.leak.stderr.txt	0.114
0	dfree	workspace/openssl-bc/bc/providers/implementations/keymgmt/libdefault-lib-ec_kmgmt.bc	-	-	0.114
0	fileck	workspace/openssl-bc/bc/providers/implementations/keymgmt/libdefault-lib-ec_kmgmt.bc	-	-	0.064
0	null-deref	workspace/openssl-bc/bc/providers/implementations/keymgmt/libdefault-lib-ec_kmgmt.bc	-	outputs/saber/openssl/workspace__openssl-bc__bc__providers__implementations__keymgmt__libdefault-lib-ec_kmgmt.null-deref.stderr.txt	0.114
0	leak	workspace/openssl-bc/bc/providers/implementations/keymgmt/libdefault-lib-ecx_kmgmt.bc	-	-	0.064
0	dfree	workspace/openssl-bc/bc/providers/implementations/keymgmt/libdefault-lib-ecx_kmgmt.bc	-	-	0.064
0	fileck	workspace/openssl-bc/bc/providers/implementations/keymgmt/libdefault-lib-ecx_kmgmt.bc	-	-	0.064
0	null-deref	workspace/openssl-bc/bc/providers/implementations/keymgmt/libdefault-lib-ecx_kmgmt.bc	-	-	0.064
0	leak	workspace/openssl-bc/bc/providers/implementations/keymgmt/libdefault-lib-kdf_legacy_kmgmt.bc	-	-	0.016
0	dfree	workspace/openssl-bc/bc/providers/implementations/keymgmt/libdefault-lib-kdf_legacy_kmgmt.bc	-	-	0.016
0	fileck	workspace/openssl-bc/bc/providers/implementations/keymgmt/libdefault-lib-kdf_legacy_kmgmt.bc	-	-	0.016
0	null-deref	workspace/openssl-bc/bc/providers/implementations/keymgmt/libdefault-lib-kdf_legacy_kmgmt.bc	-	-	0.016
0	leak	workspace/openssl-bc/bc/providers/implementations/keymgmt/libdefault-lib-mac_legacy_kmgmt.bc	-	outputs/saber/openssl/workspace__openssl-bc__bc__providers__implementations__keymgmt__libdefault-lib-mac_legacy_kmgmt.leak.stderr.txt	0.064
0	dfree	workspace/openssl-bc/bc/providers/implementations/keymgmt/libdefault-lib-mac_legacy_kmgmt.bc	-	-	0.064
0	fileck	workspace/openssl-bc/bc/providers/implementations/keymgmt/libdefault-lib-mac_legacy_kmgmt.bc	-	-	0.064
0	null-deref	workspace/openssl-bc/bc/providers/implementations/keymgmt/libdefault-lib-mac_legacy_kmgmt.bc	-	outputs/saber/openssl/workspace__openssl-bc__bc__providers__implementations__keymgmt__libdefault-lib-mac_legacy_kmgmt.null-deref.stderr.txt	0.064
0	leak	workspace/openssl-bc/bc/providers/implementations/keymgmt/libdefault-lib-ml_dsa_kmgmt.bc	-	outputs/saber/openssl/workspace__openssl-bc__bc__providers__implementations__keymgmt__libdefault-lib-ml_dsa_kmgmt.leak.stderr.txt	0.065
0	dfree	workspace/openssl-bc/bc/providers/implementations/keymgmt/libdefault-lib-ml_dsa_kmgmt.bc	-	-	0.064
0	fileck	workspace/openssl-bc/bc/providers/implementations/keymgmt/libdefault-lib-ml_dsa_kmgmt.bc	-	-	0.064
0	null-deref	workspace/openssl-bc/bc/providers/implementations/keymgmt/libdefault-lib-ml_dsa_kmgmt.bc	-	outputs/saber/openssl/workspace__openssl-bc__bc__providers__implementations__keymgmt__libdefault-lib-ml_dsa_kmgmt.null-deref.stderr.txt	0.064
0	leak	workspace/openssl-bc/bc/providers/implementations/keymgmt/libdefault-lib-ml_kem_kmgmt.bc	-	-	0.064
0	dfree	workspace/openssl-bc/bc/providers/implementations/keymgmt/libdefault-lib-ml_kem_kmgmt.bc	-	-	0.064
0	fileck	workspace/openssl-bc/bc/providers/implementations/keymgmt/libdefault-lib-ml_kem_kmgmt.bc	-	-	0.064
0	null-deref	workspace/openssl-bc/bc/providers/implementations/keymgmt/libdefault-lib-ml_kem_kmgmt.bc	-	-	0.064
0	leak	workspace/openssl-bc/bc/providers/implementations/keymgmt/libdefault-lib-mlx_kmgmt.bc	-	outputs/saber/openssl/workspace__openssl-bc__bc__providers__implementations__keymgmt__libdefault-lib-mlx_kmgmt.leak.stderr.txt	0.064
0	dfree	workspace/openssl-bc/bc/providers/implementations/keymgmt/libdefault-lib-mlx_kmgmt.bc	-	outputs/saber/openssl/workspace__openssl-bc__bc__providers__implementations__keymgmt__libdefault-lib-mlx_kmgmt.dfree.stderr.txt	0.064
0	fileck	workspace/openssl-bc/bc/providers/implementations/keymgmt/libdefault-lib-mlx_kmgmt.bc	-	-	0.064
0	null-deref	workspace/openssl-bc/bc/providers/implementations/keymgmt/libdefault-lib-mlx_kmgmt.bc	-	outputs/saber/openssl/workspace__openssl-bc__bc__providers__implementations__keymgmt__libdefault-lib-mlx_kmgmt.null-deref.stderr.txt	0.114
0	leak	workspace/openssl-bc/bc/providers/implementations/keymgmt/libdefault-lib-rsa_kmgmt.bc	-	outputs/saber/openssl/workspace__openssl-bc__bc__providers__implementations__keymgmt__libdefault-lib-rsa_kmgmt.leak.stderr.txt	0.064
0	dfree	workspace/openssl-bc/bc/providers/implementations/keymgmt/libdefault-lib-rsa_kmgmt.bc	-	-	0.064
0	fileck	workspace/openssl-bc/bc/providers/implementations/keymgmt/libdefault-lib-rsa_kmgmt.bc	-	-	0.064
0	null-deref	workspace/openssl-bc/bc/providers/implementations/keymgmt/libdefault-lib-rsa_kmgmt.bc	-	outputs/saber/openssl/workspace__openssl-bc__bc__providers__implementations__keymgmt__libdefault-lib-rsa_kmgmt.null-deref.stderr.txt	0.064
0	leak	workspace/openssl-bc/bc/providers/implementations/keymgmt/libdefault-lib-slh_dsa_kmgmt.bc	-	outputs/saber/openssl/workspace__openssl-bc__bc__providers__implementations__keymgmt__libdefault-lib-slh_dsa_kmgmt.leak.stderr.txt	0.064
0	dfree	workspace/openssl-bc/bc/providers/implementations/keymgmt/libdefault-lib-slh_dsa_kmgmt.bc	-	-	0.064
0	fileck	workspace/openssl-bc/bc/providers/implementations/keymgmt/libdefault-lib-slh_dsa_kmgmt.bc	-	-	0.068
0	null-deref	workspace/openssl-bc/bc/providers/implementations/keymgmt/libdefault-lib-slh_dsa_kmgmt.bc	-	outputs/saber/openssl/workspace__openssl-bc__bc__providers__implementations__keymgmt__libdefault-lib-slh_dsa_kmgmt.null-deref.stderr.txt	0.064
0	leak	workspace/openssl-bc/bc/providers/implementations/keymgmt/libtemplate-lib-template_kmgmt.bc	-	-	0.032
0	dfree	workspace/openssl-bc/bc/providers/implementations/keymgmt/libtemplate-lib-template_kmgmt.bc	-	-	0.032
0	fileck	workspace/openssl-bc/bc/providers/implementations/keymgmt/libtemplate-lib-template_kmgmt.bc	-	-	0.032
0	null-deref	workspace/openssl-bc/bc/providers/implementations/keymgmt/libtemplate-lib-template_kmgmt.bc	-	-	0.032
0	leak	workspace/openssl-bc/bc/providers/implementations/macs/libdefault-lib-blake2b_mac.bc	-	-	0.032
0	dfree	workspace/openssl-bc/bc/providers/implementations/macs/libdefault-lib-blake2b_mac.bc	-	-	0.032
0	fileck	workspace/openssl-bc/bc/providers/implementations/macs/libdefault-lib-blake2b_mac.bc	-	-	0.032
0	null-deref	workspace/openssl-bc/bc/providers/implementations/macs/libdefault-lib-blake2b_mac.bc	-	-	0.032
0	leak	workspace/openssl-bc/bc/providers/implementations/macs/libdefault-lib-blake2s_mac.bc	-	-	0.032
0	dfree	workspace/openssl-bc/bc/providers/implementations/macs/libdefault-lib-blake2s_mac.bc	-	-	0.032
0	fileck	workspace/openssl-bc/bc/providers/implementations/macs/libdefault-lib-blake2s_mac.bc	-	-	0.032
0	null-deref	workspace/openssl-bc/bc/providers/implementations/macs/libdefault-lib-blake2s_mac.bc	-	-	0.032
0	leak	workspace/openssl-bc/bc/providers/implementations/macs/libdefault-lib-cmac_prov.bc	-	-	0.032
0	dfree	workspace/openssl-bc/bc/providers/implementations/macs/libdefault-lib-cmac_prov.bc	-	-	0.032
0	fileck	workspace/openssl-bc/bc/providers/implementations/macs/libdefault-lib-cmac_prov.bc	-	-	0.032
0	null-deref	workspace/openssl-bc/bc/providers/implementations/macs/libdefault-lib-cmac_prov.bc	-	-	0.032
0	leak	workspace/openssl-bc/bc/providers/implementations/macs/libdefault-lib-gmac_prov.bc	-	-	0.032
0	dfree	workspace/openssl-bc/bc/providers/implementations/macs/libdefault-lib-gmac_prov.bc	-	-	0.032
0	fileck	workspace/openssl-bc/bc/providers/implementations/macs/libdefault-lib-gmac_prov.bc	-	-	0.032
0	null-deref	workspace/openssl-bc/bc/providers/implementations/macs/libdefault-lib-gmac_prov.bc	-	-	0.032
0	leak	workspace/openssl-bc/bc/providers/implementations/macs/libdefault-lib-hmac_prov.bc	-	outputs/saber/openssl/workspace__openssl-bc__bc__providers__implementations__macs__libdefault-lib-hmac_prov.leak.stderr.txt	0.032
0	dfree	workspace/openssl-bc/bc/providers/implementations/macs/libdefault-lib-hmac_prov.bc	-	-	0.032
0	fileck	workspace/openssl-bc/bc/providers/implementations/macs/libdefault-lib-hmac_prov.bc	-	-	0.032
0	null-deref	workspace/openssl-bc/bc/providers/implementations/macs/libdefault-lib-hmac_prov.bc	-	outputs/saber/openssl/workspace__openssl-bc__bc__providers__implementations__macs__libdefault-lib-hmac_prov.null-deref.stderr.txt	0.032
0	leak	workspace/openssl-bc/bc/providers/implementations/macs/libdefault-lib-kmac_prov.bc	-	-	0.064
0	dfree	workspace/openssl-bc/bc/providers/implementations/macs/libdefault-lib-kmac_prov.bc	-	-	0.064
0	fileck	workspace/openssl-bc/bc/providers/implementations/macs/libdefault-lib-kmac_prov.bc	-	-	0.044
0	null-deref	workspace/openssl-bc/bc/providers/implementations/macs/libdefault-lib-kmac_prov.bc	-	-	0.064
0	leak	workspace/openssl-bc/bc/providers/implementations/macs/libdefault-lib-poly1305_prov.bc	-	outputs/saber/openssl/workspace__openssl-bc__bc__providers__implementations__macs__libdefault-lib-poly1305_prov.leak.stderr.txt	0.032
0	dfree	workspace/openssl-bc/bc/providers/implementations/macs/libdefault-lib-poly1305_prov.bc	-	-	0.032
0	fileck	workspace/openssl-bc/bc/providers/implementations/macs/libdefault-lib-poly1305_prov.bc	-	-	0.032
0	null-deref	workspace/openssl-bc/bc/providers/implementations/macs/libdefault-lib-poly1305_prov.bc	-	outputs/saber/openssl/workspace__openssl-bc__bc__providers__implementations__macs__libdefault-lib-poly1305_prov.null-deref.stderr.txt	0.032
0	leak	workspace/openssl-bc/bc/providers/implementations/macs/libdefault-lib-siphash_prov.bc	-	outputs/saber/openssl/workspace__openssl-bc__bc__providers__implementations__macs__libdefault-lib-siphash_prov.leak.stderr.txt	0.032
0	dfree	workspace/openssl-bc/bc/providers/implementations/macs/libdefault-lib-siphash_prov.bc	-	-	0.032
0	fileck	workspace/openssl-bc/bc/providers/implementations/macs/libdefault-lib-siphash_prov.bc	-	-	0.032
0	null-deref	workspace/openssl-bc/bc/providers/implementations/macs/libdefault-lib-siphash_prov.bc	-	outputs/saber/openssl/workspace__openssl-bc__bc__providers__implementations__macs__libdefault-lib-siphash_prov.null-deref.stderr.txt	0.032
0	leak	workspace/openssl-bc/bc/providers/implementations/rands/libdefault-lib-drbg.bc	-	outputs/saber/openssl/workspace__openssl-bc__bc__providers__implementations__rands__libdefault-lib-drbg.leak.stderr.txt	0.064
0	dfree	workspace/openssl-bc/bc/providers/implementations/rands/libdefault-lib-drbg.bc	-	-	0.076
0	fileck	workspace/openssl-bc/bc/providers/implementations/rands/libdefault-lib-drbg.bc	-	-	0.064
0	null-deref	workspace/openssl-bc/bc/providers/implementations/rands/libdefault-lib-drbg.bc	-	outputs/saber/openssl/workspace__openssl-bc__bc__providers__implementations__rands__libdefault-lib-drbg.null-deref.stderr.txt	0.064
0	leak	workspace/openssl-bc/bc/providers/implementations/rands/libdefault-lib-drbg_ctr.bc	-	-	0.064
0	dfree	workspace/openssl-bc/bc/providers/implementations/rands/libdefault-lib-drbg_ctr.bc	-	-	0.064
0	fileck	workspace/openssl-bc/bc/providers/implementations/rands/libdefault-lib-drbg_ctr.bc	-	-	0.114
0	null-deref	workspace/openssl-bc/bc/providers/implementations/rands/libdefault-lib-drbg_ctr.bc	-	-	0.064
0	leak	workspace/openssl-bc/bc/providers/implementations/rands/libdefault-lib-drbg_hash.bc	-	-	0.064
0	dfree	workspace/openssl-bc/bc/providers/implementations/rands/libdefault-lib-drbg_hash.bc	-	-	0.064
0	fileck	workspace/openssl-bc/bc/providers/implementations/rands/libdefault-lib-drbg_hash.bc	-	-	0.064
0	null-deref	workspace/openssl-bc/bc/providers/implementations/rands/libdefault-lib-drbg_hash.bc	-	-	0.064
0	leak	workspace/openssl-bc/bc/providers/implementations/rands/libdefault-lib-drbg_hmac.bc	-	-	0.064
0	dfree	workspace/openssl-bc/bc/providers/implementations/rands/libdefault-lib-drbg_hmac.bc	-	-	0.064
0	fileck	workspace/openssl-bc/bc/providers/implementations/rands/libdefault-lib-drbg_hmac.bc	-	-	0.064
0	null-deref	workspace/openssl-bc/bc/providers/implementations/rands/libdefault-lib-drbg_hmac.bc	-	-	0.064
0	leak	workspace/openssl-bc/bc/providers/implementations/rands/libdefault-lib-seed_src.bc	-	-	0.032
0	dfree	workspace/openssl-bc/bc/providers/implementations/rands/libdefault-lib-seed_src.bc	-	-	0.032
0	fileck	workspace/openssl-bc/bc/providers/implementations/rands/libdefault-lib-seed_src.bc	-	-	0.032
0	null-deref	workspace/openssl-bc/bc/providers/implementations/rands/libdefault-lib-seed_src.bc	-	-	0.032
0	leak	workspace/openssl-bc/bc/providers/implementations/rands/libdefault-lib-seed_src_jitter.bc	-	-	0.016
0	dfree	workspace/openssl-bc/bc/providers/implementations/rands/libdefault-lib-seed_src_jitter.bc	-	-	0.016
0	fileck	workspace/openssl-bc/bc/providers/implementations/rands/libdefault-lib-seed_src_jitter.bc	-	-	0.016
0	null-deref	workspace/openssl-bc/bc/providers/implementations/rands/libdefault-lib-seed_src_jitter.bc	-	-	0.016
0	leak	workspace/openssl-bc/bc/providers/implementations/rands/libdefault-lib-test_rng.bc	-	-	0.032
0	dfree	workspace/openssl-bc/bc/providers/implementations/rands/libdefault-lib-test_rng.bc	-	-	0.032
0	fileck	workspace/openssl-bc/bc/providers/implementations/rands/libdefault-lib-test_rng.bc	-	-	0.032
0	null-deref	workspace/openssl-bc/bc/providers/implementations/rands/libdefault-lib-test_rng.bc	-	-	0.032
0	leak	workspace/openssl-bc/bc/providers/implementations/rands/seeding/libdefault-lib-rand_cpu_x86.bc	-	-	0.016
0	dfree	workspace/openssl-bc/bc/providers/implementations/rands/seeding/libdefault-lib-rand_cpu_x86.bc	-	-	0.016
0	fileck	workspace/openssl-bc/bc/providers/implementations/rands/seeding/libdefault-lib-rand_cpu_x86.bc	-	-	0.016
0	null-deref	workspace/openssl-bc/bc/providers/implementations/rands/seeding/libdefault-lib-rand_cpu_x86.bc	-	-	0.016
0	leak	workspace/openssl-bc/bc/providers/implementations/rands/seeding/libdefault-lib-rand_tsc.bc	-	-	0.016
0	dfree	workspace/openssl-bc/bc/providers/implementations/rands/seeding/libdefault-lib-rand_tsc.bc	-	-	0.016
0	fileck	workspace/openssl-bc/bc/providers/implementations/rands/seeding/libdefault-lib-rand_tsc.bc	-	-	0.016
0	null-deref	workspace/openssl-bc/bc/providers/implementations/rands/seeding/libdefault-lib-rand_tsc.bc	-	-	0.016
0	leak	workspace/openssl-bc/bc/providers/implementations/rands/seeding/libdefault-lib-rand_unix.bc	-	-	0.032
0	dfree	workspace/openssl-bc/bc/providers/implementations/rands/seeding/libdefault-lib-rand_unix.bc	-	-	0.032
0	fileck	workspace/openssl-bc/bc/providers/implementations/rands/seeding/libdefault-lib-rand_unix.bc	-	-	0.032
0	null-deref	workspace/openssl-bc/bc/providers/implementations/rands/seeding/libdefault-lib-rand_unix.bc	-	-	0.032
0	leak	workspace/openssl-bc/bc/providers/implementations/rands/seeding/libdefault-lib-rand_win.bc	-	-	0.016
0	dfree	workspace/openssl-bc/bc/providers/implementations/rands/seeding/libdefault-lib-rand_win.bc	-	-	0.016
0	fileck	workspace/openssl-bc/bc/providers/implementations/rands/seeding/libdefault-lib-rand_win.bc	-	-	0.016
0	null-deref	workspace/openssl-bc/bc/providers/implementations/rands/seeding/libdefault-lib-rand_win.bc	-	-	0.016
0	leak	workspace/openssl-bc/bc/providers/implementations/signature/libdefault-lib-dsa_sig.bc	-	-	0.064
0	dfree	workspace/openssl-bc/bc/providers/implementations/signature/libdefault-lib-dsa_sig.bc	-	-	0.064
0	fileck	workspace/openssl-bc/bc/providers/implementations/signature/libdefault-lib-dsa_sig.bc	-	-	0.064
0	null-deref	workspace/openssl-bc/bc/providers/implementations/signature/libdefault-lib-dsa_sig.bc	-	-	0.064
0	leak	workspace/openssl-bc/bc/providers/implementations/signature/libdefault-lib-ecdsa_sig.bc	-	-	0.064
0	dfree	workspace/openssl-bc/bc/providers/implementations/signature/libdefault-lib-ecdsa_sig.bc	-	-	0.064
0	fileck	workspace/openssl-bc/bc/providers/implementations/signature/libdefault-lib-ecdsa_sig.bc	-	-	0.064
0	null-deref	workspace/openssl-bc/bc/providers/implementations/signature/libdefault-lib-ecdsa_sig.bc	-	-	0.114
0	leak	workspace/openssl-bc/bc/providers/implementations/signature/libdefault-lib-eddsa_sig.bc	-	-	0.064
0	dfree	workspace/openssl-bc/bc/providers/implementations/signature/libdefault-lib-eddsa_sig.bc	-	-	0.064
0	fileck	workspace/openssl-bc/bc/providers/implementations/signature/libdefault-lib-eddsa_sig.bc	-	-	0.074
0	null-deref	workspace/openssl-bc/bc/providers/implementations/signature/libdefault-lib-eddsa_sig.bc	-	-	0.065
0	leak	workspace/openssl-bc/bc/providers/implementations/signature/libdefault-lib-mac_legacy_sig.bc	-	-	0.032
0	dfree	workspace/openssl-bc/bc/providers/implementations/signature/libdefault-lib-mac_legacy_sig.bc	-	-	0.032
0	fileck	workspace/openssl-bc/bc/providers/implementations/signature/libdefault-lib-mac_legacy_sig.bc	-	-	0.032
0	null-deref	workspace/openssl-bc/bc/providers/implementations/signature/libdefault-lib-mac_legacy_sig.bc	-	-	0.032
0	leak	workspace/openssl-bc/bc/providers/implementations/signature/libdefault-lib-ml_dsa_sig.bc	-	-	0.064
0	dfree	workspace/openssl-bc/bc/providers/implementations/signature/libdefault-lib-ml_dsa_sig.bc	-	-	0.064
0	fileck	workspace/openssl-bc/bc/providers/implementations/signature/libdefault-lib-ml_dsa_sig.bc	-	-	0.064
0	null-deref	workspace/openssl-bc/bc/providers/implementations/signature/libdefault-lib-ml_dsa_sig.bc	-	-	0.035
0	leak	workspace/openssl-bc/bc/providers/implementations/signature/libdefault-lib-rsa_sig.bc	-	outputs/saber/openssl/workspace__openssl-bc__bc__providers__implementations__signature__libdefault-lib-rsa_sig.leak.stderr.txt	0.164
0	dfree	workspace/openssl-bc/bc/providers/implementations/signature/libdefault-lib-rsa_sig.bc	-	-	0.170
0	fileck	workspace/openssl-bc/bc/providers/implementations/signature/libdefault-lib-rsa_sig.bc	-	-	0.164
0	null-deref	workspace/openssl-bc/bc/providers/implementations/signature/libdefault-lib-rsa_sig.bc	-	outputs/saber/openssl/workspace__openssl-bc__bc__providers__implementations__signature__libdefault-lib-rsa_sig.null-deref.stderr.txt	0.164
0	leak	workspace/openssl-bc/bc/providers/implementations/signature/libdefault-lib-slh_dsa_sig.bc	-	outputs/saber/openssl/workspace__openssl-bc__bc__providers__implementations__signature__libdefault-lib-slh_dsa_sig.leak.stderr.txt	0.036
0	dfree	workspace/openssl-bc/bc/providers/implementations/signature/libdefault-lib-slh_dsa_sig.bc	-	-	0.064
0	fileck	workspace/openssl-bc/bc/providers/implementations/signature/libdefault-lib-slh_dsa_sig.bc	-	-	0.039
0	null-deref	workspace/openssl-bc/bc/providers/implementations/signature/libdefault-lib-slh_dsa_sig.bc	-	outputs/saber/openssl/workspace__openssl-bc__bc__providers__implementations__signature__libdefault-lib-slh_dsa_sig.null-deref.stderr.txt	0.064
0	leak	workspace/openssl-bc/bc/providers/implementations/signature/libdefault-lib-sm2_sig.bc	-	outputs/saber/openssl/workspace__openssl-bc__bc__providers__implementations__signature__libdefault-lib-sm2_sig.leak.stderr.txt	0.064
0	dfree	workspace/openssl-bc/bc/providers/implementations/signature/libdefault-lib-sm2_sig.bc	-	-	0.064
0	fileck	workspace/openssl-bc/bc/providers/implementations/signature/libdefault-lib-sm2_sig.bc	-	-	0.064
0	null-deref	workspace/openssl-bc/bc/providers/implementations/signature/libdefault-lib-sm2_sig.bc	-	outputs/saber/openssl/workspace__openssl-bc__bc__providers__implementations__signature__libdefault-lib-sm2_sig.null-deref.stderr.txt	0.064
0	leak	workspace/openssl-bc/bc/providers/implementations/skeymgmt/libdefault-lib-aes_skmgmt.bc	-	-	0.016
0	dfree	workspace/openssl-bc/bc/providers/implementations/skeymgmt/libdefault-lib-aes_skmgmt.bc	-	-	0.016
0	fileck	workspace/openssl-bc/bc/providers/implementations/skeymgmt/libdefault-lib-aes_skmgmt.bc	-	-	0.016
0	null-deref	workspace/openssl-bc/bc/providers/implementations/skeymgmt/libdefault-lib-aes_skmgmt.bc	-	-	0.016
0	leak	workspace/openssl-bc/bc/providers/implementations/skeymgmt/libdefault-lib-generic.bc	-	-	0.032
0	dfree	workspace/openssl-bc/bc/providers/implementations/skeymgmt/libdefault-lib-generic.bc	-	-	0.032
0	fileck	workspace/openssl-bc/bc/providers/implementations/skeymgmt/libdefault-lib-generic.bc	-	-	0.032
0	null-deref	workspace/openssl-bc/bc/providers/implementations/skeymgmt/libdefault-lib-generic.bc	-	-	0.032
0	leak	workspace/openssl-bc/bc/providers/implementations/skeymgmt/liblegacy-lib-generic.bc	-	-	0.016
0	dfree	workspace/openssl-bc/bc/providers/implementations/skeymgmt/liblegacy-lib-generic.bc	-	-	0.032
0	fileck	workspace/openssl-bc/bc/providers/implementations/skeymgmt/liblegacy-lib-generic.bc	-	-	0.032
0	null-deref	workspace/openssl-bc/bc/providers/implementations/skeymgmt/liblegacy-lib-generic.bc	-	-	0.032
0	leak	workspace/openssl-bc/bc/providers/implementations/storemgmt/libdefault-lib-file_store.bc	-	outputs/saber/openssl/workspace__openssl-bc__bc__providers__implementations__storemgmt__libdefault-lib-file_store.leak.stderr.txt	0.064
0	dfree	workspace/openssl-bc/bc/providers/implementations/storemgmt/libdefault-lib-file_store.bc	-	outputs/saber/openssl/workspace__openssl-bc__bc__providers__implementations__storemgmt__libdefault-lib-file_store.dfree.stderr.txt	0.064
0	fileck	workspace/openssl-bc/bc/providers/implementations/storemgmt/libdefault-lib-file_store.bc	-	-	0.068
0	null-deref	workspace/openssl-bc/bc/providers/implementations/storemgmt/libdefault-lib-file_store.bc	-	outputs/saber/openssl/workspace__openssl-bc__bc__providers__implementations__storemgmt__libdefault-lib-file_store.null-deref.stderr.txt	0.064
0	leak	workspace/openssl-bc/bc/providers/implementations/storemgmt/libdefault-lib-file_store_any2obj.bc	-	-	0.064
0	dfree	workspace/openssl-bc/bc/providers/implementations/storemgmt/libdefault-lib-file_store_any2obj.bc	-	-	0.038
0	fileck	workspace/openssl-bc/bc/providers/implementations/storemgmt/libdefault-lib-file_store_any2obj.bc	-	-	0.032
0	null-deref	workspace/openssl-bc/bc/providers/implementations/storemgmt/libdefault-lib-file_store_any2obj.bc	-	-	0.064
0	leak	workspace/openssl-bc/bc/providers/legacy-dso-legacyprov.bc	-	-	0.032
0	dfree	workspace/openssl-bc/bc/providers/legacy-dso-legacyprov.bc	-	-	0.032
0	fileck	workspace/openssl-bc/bc/providers/legacy-dso-legacyprov.bc	-	-	0.032
0	null-deref	workspace/openssl-bc/bc/providers/legacy-dso-legacyprov.bc	-	-	0.032
0	leak	workspace/openssl-bc/bc/providers/libcrypto-lib-baseprov.bc	-	-	0.064
0	dfree	workspace/openssl-bc/bc/providers/libcrypto-lib-baseprov.bc	-	-	0.064
0	fileck	workspace/openssl-bc/bc/providers/libcrypto-lib-baseprov.bc	-	-	0.064
0	null-deref	workspace/openssl-bc/bc/providers/libcrypto-lib-baseprov.bc	-	-	0.036
0	leak	workspace/openssl-bc/bc/providers/libcrypto-lib-defltprov.bc	-	-	0.114
0	dfree	workspace/openssl-bc/bc/providers/libcrypto-lib-defltprov.bc	-	-	0.116
0	fileck	workspace/openssl-bc/bc/providers/libcrypto-lib-defltprov.bc	-	-	0.114
0	null-deref	workspace/openssl-bc/bc/providers/libcrypto-lib-defltprov.bc	-	-	0.114
0	leak	workspace/openssl-bc/bc/providers/libcrypto-lib-nullprov.bc	-	-	0.032
0	dfree	workspace/openssl-bc/bc/providers/libcrypto-lib-nullprov.bc	-	-	0.016
0	fileck	workspace/openssl-bc/bc/providers/libcrypto-lib-nullprov.bc	-	-	0.016
0	null-deref	workspace/openssl-bc/bc/providers/libcrypto-lib-nullprov.bc	-	-	0.016
0	leak	workspace/openssl-bc/bc/providers/libcrypto-lib-prov_running.bc	-	-	0.016
0	dfree	workspace/openssl-bc/bc/providers/libcrypto-lib-prov_running.bc	-	-	0.016
0	fileck	workspace/openssl-bc/bc/providers/libcrypto-lib-prov_running.bc	-	-	0.016
0	null-deref	workspace/openssl-bc/bc/providers/libcrypto-lib-prov_running.bc	-	-	0.016
0	leak	workspace/openssl-bc/bc/providers/liblegacy-lib-prov_running.bc	-	-	0.016
0	dfree	workspace/openssl-bc/bc/providers/liblegacy-lib-prov_running.bc	-	-	0.016
0	fileck	workspace/openssl-bc/bc/providers/liblegacy-lib-prov_running.bc	-	-	0.016
0	null-deref	workspace/openssl-bc/bc/providers/liblegacy-lib-prov_running.bc	-	-	0.016
0	leak	workspace/openssl-bc/bc/ssl/ech/libssl-lib-ech_helper.bc	-	-	0.032
0	dfree	workspace/openssl-bc/bc/ssl/ech/libssl-lib-ech_helper.bc	-	-	0.032
0	fileck	workspace/openssl-bc/bc/ssl/ech/libssl-lib-ech_helper.bc	-	-	0.032
0	null-deref	workspace/openssl-bc/bc/ssl/ech/libssl-lib-ech_helper.bc	-	-	0.032
0	leak	workspace/openssl-bc/bc/ssl/ech/libssl-lib-ech_internal.bc	-	outputs/saber/openssl/workspace__openssl-bc__bc__ssl__ech__libssl-lib-ech_internal.leak.stderr.txt	0.214
0	dfree	workspace/openssl-bc/bc/ssl/ech/libssl-lib-ech_internal.bc	-	outputs/saber/openssl/workspace__openssl-bc__bc__ssl__ech__libssl-lib-ech_internal.dfree.stderr.txt	0.174
0	fileck	workspace/openssl-bc/bc/ssl/ech/libssl-lib-ech_internal.bc	-	-	0.164
0	null-deref	workspace/openssl-bc/bc/ssl/ech/libssl-lib-ech_internal.bc	-	outputs/saber/openssl/workspace__openssl-bc__bc__ssl__ech__libssl-lib-ech_internal.null-deref.stderr.txt	0.214
0	leak	workspace/openssl-bc/bc/ssl/ech/libssl-lib-ech_ssl_apis.bc	-	-	0.064
0	dfree	workspace/openssl-bc/bc/ssl/ech/libssl-lib-ech_ssl_apis.bc	-	-	0.064
0	fileck	workspace/openssl-bc/bc/ssl/ech/libssl-lib-ech_ssl_apis.bc	-	-	0.064
0	null-deref	workspace/openssl-bc/bc/ssl/ech/libssl-lib-ech_ssl_apis.bc	-	-	0.064
0	leak	workspace/openssl-bc/bc/ssl/ech/libssl-lib-ech_store.bc	-	outputs/saber/openssl/workspace__openssl-bc__bc__ssl__ech__libssl-lib-ech_store.leak.stderr.txt	0.114
0	dfree	workspace/openssl-bc/bc/ssl/ech/libssl-lib-ech_store.bc	-	outputs/saber/openssl/workspace__openssl-bc__bc__ssl__ech__libssl-lib-ech_store.dfree.stderr.txt	0.114
0	fileck	workspace/openssl-bc/bc/ssl/ech/libssl-lib-ech_store.bc	-	-	0.114
0	null-deref	workspace/openssl-bc/bc/ssl/ech/libssl-lib-ech_store.bc	-	outputs/saber/openssl/workspace__openssl-bc__bc__ssl__ech__libssl-lib-ech_store.null-deref.stderr.txt	0.114
0	leak	workspace/openssl-bc/bc/ssl/libssl-lib-bio_ssl.bc	-	outputs/saber/openssl/workspace__openssl-bc__bc__ssl__libssl-lib-bio_ssl.leak.stderr.txt	0.064
0	dfree	workspace/openssl-bc/bc/ssl/libssl-lib-bio_ssl.bc	-	-	0.064
0	fileck	workspace/openssl-bc/bc/ssl/libssl-lib-bio_ssl.bc	-	-	0.032
0	null-deref	workspace/openssl-bc/bc/ssl/libssl-lib-bio_ssl.bc	-	outputs/saber/openssl/workspace__openssl-bc__bc__ssl__libssl-lib-bio_ssl.null-deref.stderr.txt	0.064
0	leak	workspace/openssl-bc/bc/ssl/libssl-lib-d1_lib.bc	-	-	0.064
0	dfree	workspace/openssl-bc/bc/ssl/libssl-lib-d1_lib.bc	-	-	0.064
0	fileck	workspace/openssl-bc/bc/ssl/libssl-lib-d1_lib.bc	-	-	0.064
0	null-deref	workspace/openssl-bc/bc/ssl/libssl-lib-d1_lib.bc	-	-	0.064
0	leak	workspace/openssl-bc/bc/ssl/libssl-lib-d1_msg.bc	-	-	0.032
0	dfree	workspace/openssl-bc/bc/ssl/libssl-lib-d1_msg.bc	-	-	0.032
0	fileck	workspace/openssl-bc/bc/ssl/libssl-lib-d1_msg.bc	-	-	0.032
0	null-deref	workspace/openssl-bc/bc/ssl/libssl-lib-d1_msg.bc	-	-	0.024
0	leak	workspace/openssl-bc/bc/ssl/libssl-lib-d1_srtp.bc	-	-	0.032
0	dfree	workspace/openssl-bc/bc/ssl/libssl-lib-d1_srtp.bc	-	-	0.032
0	fileck	workspace/openssl-bc/bc/ssl/libssl-lib-d1_srtp.bc	-	-	0.032
0	null-deref	workspace/openssl-bc/bc/ssl/libssl-lib-d1_srtp.bc	-	-	0.032
0	leak	workspace/openssl-bc/bc/ssl/libssl-lib-methods.bc	-	-	0.032
0	dfree	workspace/openssl-bc/bc/ssl/libssl-lib-methods.bc	-	-	0.032
0	fileck	workspace/openssl-bc/bc/ssl/libssl-lib-methods.bc	-	-	0.032
0	null-deref	workspace/openssl-bc/bc/ssl/libssl-lib-methods.bc	-	-	0.032
0	leak	workspace/openssl-bc/bc/ssl/libssl-lib-pqueue.bc	-	-	0.016
0	dfree	workspace/openssl-bc/bc/ssl/libssl-lib-pqueue.bc	-	-	0.016
0	fileck	workspace/openssl-bc/bc/ssl/libssl-lib-pqueue.bc	-	-	0.016
0	null-deref	workspace/openssl-bc/bc/ssl/libssl-lib-pqueue.bc	-	-	0.016
0	leak	workspace/openssl-bc/bc/ssl/libssl-lib-priority_queue.bc	-	outputs/saber/openssl/workspace__openssl-bc__bc__ssl__libssl-lib-priority_queue.leak.stderr.txt	0.064
0	dfree	workspace/openssl-bc/bc/ssl/libssl-lib-priority_queue.bc	-	-	0.064
0	fileck	workspace/openssl-bc/bc/ssl/libssl-lib-priority_queue.bc	-	-	0.032
0	null-deref	workspace/openssl-bc/bc/ssl/libssl-lib-priority_queue.bc	-	outputs/saber/openssl/workspace__openssl-bc__bc__ssl__libssl-lib-priority_queue.null-deref.stderr.txt	0.064
0	leak	workspace/openssl-bc/bc/ssl/libssl-lib-s3_enc.bc	-	-	0.032
0	dfree	workspace/openssl-bc/bc/ssl/libssl-lib-s3_enc.bc	-	-	0.032
0	fileck	workspace/openssl-bc/bc/ssl/libssl-lib-s3_enc.bc	-	-	0.032
0	null-deref	workspace/openssl-bc/bc/ssl/libssl-lib-s3_enc.bc	-	-	0.032
0	leak	workspace/openssl-bc/bc/ssl/libssl-lib-s3_lib.bc	-	-	0.164
0	dfree	workspace/openssl-bc/bc/ssl/libssl-lib-s3_lib.bc	-	-	0.215
0	fileck	workspace/openssl-bc/bc/ssl/libssl-lib-s3_lib.bc	-	-	0.164
0	null-deref	workspace/openssl-bc/bc/ssl/libssl-lib-s3_lib.bc	-	-	0.164
0	leak	workspace/openssl-bc/bc/ssl/libssl-lib-s3_msg.bc	-	-	0.032
0	dfree	workspace/openssl-bc/bc/ssl/libssl-lib-s3_msg.bc	-	-	0.032
0	fileck	workspace/openssl-bc/bc/ssl/libssl-lib-s3_msg.bc	-	-	0.032
0	null-deref	workspace/openssl-bc/bc/ssl/libssl-lib-s3_msg.bc	-	-	0.032
0	leak	workspace/openssl-bc/bc/ssl/libssl-lib-ssl_asn1.bc	-	-	0.032
0	dfree	workspace/openssl-bc/bc/ssl/libssl-lib-ssl_asn1.bc	-	-	0.064
0	fileck	workspace/openssl-bc/bc/ssl/libssl-lib-ssl_asn1.bc	-	-	0.032
0	null-deref	workspace/openssl-bc/bc/ssl/libssl-lib-ssl_asn1.bc	-	-	0.064
0	leak	workspace/openssl-bc/bc/ssl/libssl-lib-ssl_cert.bc	-	outputs/saber/openssl/workspace__openssl-bc__bc__ssl__libssl-lib-ssl_cert.leak.stderr.txt	0.114
0	dfree	workspace/openssl-bc/bc/ssl/libssl-lib-ssl_cert.bc	-	-	0.114
0	fileck	workspace/openssl-bc/bc/ssl/libssl-lib-ssl_cert.bc	-	-	0.114
0	null-deref	workspace/openssl-bc/bc/ssl/libssl-lib-ssl_cert.bc	-	outputs/saber/openssl/workspace__openssl-bc__bc__ssl__libssl-lib-ssl_cert.null-deref.stderr.txt	0.114
0	leak	workspace/openssl-bc/bc/ssl/libssl-lib-ssl_cert_comp.bc	-	-	0.016
0	dfree	workspace/openssl-bc/bc/ssl/libssl-lib-ssl_cert_comp.bc	-	-	0.016
0	fileck	workspace/openssl-bc/bc/ssl/libssl-lib-ssl_cert_comp.bc	-	-	0.016
0	null-deref	workspace/openssl-bc/bc/ssl/libssl-lib-ssl_cert_comp.bc	-	-	0.016
0	leak	workspace/openssl-bc/bc/ssl/libssl-lib-ssl_ciph.bc	-	-	0.114
0	dfree	workspace/openssl-bc/bc/ssl/libssl-lib-ssl_ciph.bc	-	-	0.114
0	fileck	workspace/openssl-bc/bc/ssl/libssl-lib-ssl_ciph.bc	-	-	0.114
0	null-deref	workspace/openssl-bc/bc/ssl/libssl-lib-ssl_ciph.bc	-	-	0.114
0	leak	workspace/openssl-bc/bc/ssl/libssl-lib-ssl_conf.bc	-	outputs/saber/openssl/workspace__openssl-bc__bc__ssl__libssl-lib-ssl_conf.leak.stderr.txt	0.114
0	dfree	workspace/openssl-bc/bc/ssl/libssl-lib-ssl_conf.bc	-	-	0.114
0	fileck	workspace/openssl-bc/bc/ssl/libssl-lib-ssl_conf.bc	-	-	0.064
0	null-deref	workspace/openssl-bc/bc/ssl/libssl-lib-ssl_conf.bc	-	outputs/saber/openssl/workspace__openssl-bc__bc__ssl__libssl-lib-ssl_conf.null-deref.stderr.txt	0.114
0	leak	workspace/openssl-bc/bc/ssl/libssl-lib-ssl_err_legacy.bc	-	-	0.016
0	dfree	workspace/openssl-bc/bc/ssl/libssl-lib-ssl_err_legacy.bc	-	-	0.016
0	fileck	workspace/openssl-bc/bc/ssl/libssl-lib-ssl_err_legacy.bc	-	-	0.016
0	null-deref	workspace/openssl-bc/bc/ssl/libssl-lib-ssl_err_legacy.bc	-	-	0.016
0	leak	workspace/openssl-bc/bc/ssl/libssl-lib-ssl_init.bc	-	-	0.016
0	dfree	workspace/openssl-bc/bc/ssl/libssl-lib-ssl_init.bc	-	-	0.016
0	fileck	workspace/openssl-bc/bc/ssl/libssl-lib-ssl_init.bc	-	-	0.016
0	null-deref	workspace/openssl-bc/bc/ssl/libssl-lib-ssl_init.bc	-	-	0.016
0	leak	workspace/openssl-bc/bc/ssl/libssl-lib-ssl_lib.bc	-	outputs/saber/openssl/workspace__openssl-bc__bc__ssl__libssl-lib-ssl_lib.leak.stderr.txt	0.565
0	dfree	workspace/openssl-bc/bc/ssl/libssl-lib-ssl_lib.bc	-	-	0.565
0	fileck	workspace/openssl-bc/bc/ssl/libssl-lib-ssl_lib.bc	-	-	0.565
0	null-deref	workspace/openssl-bc/bc/ssl/libssl-lib-ssl_lib.bc	-	outputs/saber/openssl/workspace__openssl-bc__bc__ssl__libssl-lib-ssl_lib.null-deref.stderr.txt	0.565
0	leak	workspace/openssl-bc/bc/ssl/libssl-lib-ssl_mcnf.bc	-	-	0.032
0	dfree	workspace/openssl-bc/bc/ssl/libssl-lib-ssl_mcnf.bc	-	-	0.032
0	fileck	workspace/openssl-bc/bc/ssl/libssl-lib-ssl_mcnf.bc	-	-	0.032
0	null-deref	workspace/openssl-bc/bc/ssl/libssl-lib-ssl_mcnf.bc	-	-	0.032
0	leak	workspace/openssl-bc/bc/ssl/libssl-lib-ssl_rsa.bc	-	outputs/saber/openssl/workspace__openssl-bc__bc__ssl__libssl-lib-ssl_rsa.leak.stderr.txt	0.064
0	dfree	workspace/openssl-bc/bc/ssl/libssl-lib-ssl_rsa.bc	-	-	0.064
0	fileck	workspace/openssl-bc/bc/ssl/libssl-lib-ssl_rsa.bc	-	-	0.064
0	null-deref	workspace/openssl-bc/bc/ssl/libssl-lib-ssl_rsa.bc	-	outputs/saber/openssl/workspace__openssl-bc__bc__ssl__libssl-lib-ssl_rsa.null-deref.stderr.txt	0.064
0	leak	workspace/openssl-bc/bc/ssl/libssl-lib-ssl_rsa_legacy.bc	-	-	0.032
0	dfree	workspace/openssl-bc/bc/ssl/libssl-lib-ssl_rsa_legacy.bc	-	-	0.032
0	fileck	workspace/openssl-bc/bc/ssl/libssl-lib-ssl_rsa_legacy.bc	-	-	0.032
0	null-deref	workspace/openssl-bc/bc/ssl/libssl-lib-ssl_rsa_legacy.bc	-	-	0.032
0	leak	workspace/openssl-bc/bc/ssl/libssl-lib-ssl_sess.bc	-	-	0.114
0	dfree	workspace/openssl-bc/bc/ssl/libssl-lib-ssl_sess.bc	-	outputs/saber/openssl/workspace__openssl-bc__bc__ssl__libssl-lib-ssl_sess.dfree.stderr.txt	0.114
0	fileck	workspace/openssl-bc/bc/ssl/libssl-lib-ssl_sess.bc	-	-	0.114
0	null-deref	workspace/openssl-bc/bc/ssl/libssl-lib-ssl_sess.bc	-	-	0.122
0	leak	workspace/openssl-bc/bc/ssl/libssl-lib-ssl_stat.bc	-	-	0.038
0	dfree	workspace/openssl-bc/bc/ssl/libssl-lib-ssl_stat.bc	-	-	0.064
0	fileck	workspace/openssl-bc/bc/ssl/libssl-lib-ssl_stat.bc	-	-	0.064
0	null-deref	workspace/openssl-bc/bc/ssl/libssl-lib-ssl_stat.bc	-	-	0.064
0	leak	workspace/openssl-bc/bc/ssl/libssl-lib-ssl_txt.bc	-	-	0.037
0	dfree	workspace/openssl-bc/bc/ssl/libssl-lib-ssl_txt.bc	-	-	0.032
0	fileck	workspace/openssl-bc/bc/ssl/libssl-lib-ssl_txt.bc	-	-	0.032
0	null-deref	workspace/openssl-bc/bc/ssl/libssl-lib-ssl_txt.bc	-	-	0.032
0	leak	workspace/openssl-bc/bc/ssl/libssl-lib-ssl_utst.bc	-	-	0.016
0	dfree	workspace/openssl-bc/bc/ssl/libssl-lib-ssl_utst.bc	-	-	0.016
0	fileck	workspace/openssl-bc/bc/ssl/libssl-lib-ssl_utst.bc	-	-	0.016
0	null-deref	workspace/openssl-bc/bc/ssl/libssl-lib-ssl_utst.bc	-	-	0.016
0	leak	workspace/openssl-bc/bc/ssl/libssl-lib-t1_enc.bc	-	-	0.064
0	dfree	workspace/openssl-bc/bc/ssl/libssl-lib-t1_enc.bc	-	-	0.036
0	fileck	workspace/openssl-bc/bc/ssl/libssl-lib-t1_enc.bc	-	-	0.064
0	null-deref	workspace/openssl-bc/bc/ssl/libssl-lib-t1_enc.bc	-	-	0.064
0	leak	workspace/openssl-bc/bc/ssl/libssl-lib-t1_lib.bc	-	outputs/saber/openssl/workspace__openssl-bc__bc__ssl__libssl-lib-t1_lib.leak.stderr.txt	0.315
0	dfree	workspace/openssl-bc/bc/ssl/libssl-lib-t1_lib.bc	-	outputs/saber/openssl/workspace__openssl-bc__bc__ssl__libssl-lib-t1_lib.dfree.stderr.txt	0.317
0	fileck	workspace/openssl-bc/bc/ssl/libssl-lib-t1_lib.bc	-	-	0.265
0	null-deref	workspace/openssl-bc/bc/ssl/libssl-lib-t1_lib.bc	-	outputs/saber/openssl/workspace__openssl-bc__bc__ssl__libssl-lib-t1_lib.null-deref.stderr.txt	0.315
0	leak	workspace/openssl-bc/bc/ssl/libssl-lib-t1_trce.bc	-	outputs/saber/openssl/workspace__openssl-bc__bc__ssl__libssl-lib-t1_trce.leak.stderr.txt	0.165
0	dfree	workspace/openssl-bc/bc/ssl/libssl-lib-t1_trce.bc	-	-	0.170
0	fileck	workspace/openssl-bc/bc/ssl/libssl-lib-t1_trce.bc	-	-	0.164
0	null-deref	workspace/openssl-bc/bc/ssl/libssl-lib-t1_trce.bc	-	outputs/saber/openssl/workspace__openssl-bc__bc__ssl__libssl-lib-t1_trce.null-deref.stderr.txt	0.164
0	leak	workspace/openssl-bc/bc/ssl/libssl-lib-tls13_enc.bc	-	-	0.064
0	dfree	workspace/openssl-bc/bc/ssl/libssl-lib-tls13_enc.bc	-	outputs/saber/openssl/workspace__openssl-bc__bc__ssl__libssl-lib-tls13_enc.dfree.stderr.txt	0.064
0	fileck	workspace/openssl-bc/bc/ssl/libssl-lib-tls13_enc.bc	-	-	0.064
0	null-deref	workspace/openssl-bc/bc/ssl/libssl-lib-tls13_enc.bc	-	-	0.064
0	leak	workspace/openssl-bc/bc/ssl/libssl-lib-tls_depr.bc	-	-	0.016
0	dfree	workspace/openssl-bc/bc/ssl/libssl-lib-tls_depr.bc	-	-	0.032
0	fileck	workspace/openssl-bc/bc/ssl/libssl-lib-tls_depr.bc	-	-	0.032
0	null-deref	workspace/openssl-bc/bc/ssl/libssl-lib-tls_depr.bc	-	-	0.032
0	leak	workspace/openssl-bc/bc/ssl/libssl-lib-tls_srp.bc	-	-	0.064
0	dfree	workspace/openssl-bc/bc/ssl/libssl-lib-tls_srp.bc	-	-	0.064
0	fileck	workspace/openssl-bc/bc/ssl/libssl-lib-tls_srp.bc	-	-	0.064
0	null-deref	workspace/openssl-bc/bc/ssl/libssl-lib-tls_srp.bc	-	-	0.064
0	leak	workspace/openssl-bc/bc/ssl/quic/libssl-lib-cc_newreno.bc	-	-	0.032
0	dfree	workspace/openssl-bc/bc/ssl/quic/libssl-lib-cc_newreno.bc	-	-	0.032
0	fileck	workspace/openssl-bc/bc/ssl/quic/libssl-lib-cc_newreno.bc	-	-	0.032
0	null-deref	workspace/openssl-bc/bc/ssl/quic/libssl-lib-cc_newreno.bc	-	-	0.032
0	leak	workspace/openssl-bc/bc/ssl/quic/libssl-lib-json_enc.bc	-	outputs/saber/openssl/workspace__openssl-bc__bc__ssl__quic__libssl-lib-json_enc.leak.stderr.txt	0.064
0	dfree	workspace/openssl-bc/bc/ssl/quic/libssl-lib-json_enc.bc	-	-	0.064
0	fileck	workspace/openssl-bc/bc/ssl/quic/libssl-lib-json_enc.bc	-	-	0.064
0	null-deref	workspace/openssl-bc/bc/ssl/quic/libssl-lib-json_enc.bc	-	outputs/saber/openssl/workspace__openssl-bc__bc__ssl__quic__libssl-lib-json_enc.null-deref.stderr.txt	0.064
0	leak	workspace/openssl-bc/bc/ssl/quic/libssl-lib-qlog.bc	-	outputs/saber/openssl/workspace__openssl-bc__bc__ssl__quic__libssl-lib-qlog.leak.stderr.txt	0.064
0	dfree	workspace/openssl-bc/bc/ssl/quic/libssl-lib-qlog.bc	-	-	0.064
0	fileck	workspace/openssl-bc/bc/ssl/quic/libssl-lib-qlog.bc	-	-	0.064
0	null-deref	workspace/openssl-bc/bc/ssl/quic/libssl-lib-qlog.bc	-	outputs/saber/openssl/workspace__openssl-bc__bc__ssl__quic__libssl-lib-qlog.null-deref.stderr.txt	0.064
0	leak	workspace/openssl-bc/bc/ssl/quic/libssl-lib-qlog_event_helpers.bc	-	-	0.064
0	dfree	workspace/openssl-bc/bc/ssl/quic/libssl-lib-qlog_event_helpers.bc	-	-	0.064
0	fileck	workspace/openssl-bc/bc/ssl/quic/libssl-lib-qlog_event_helpers.bc	-	-	0.064
0	null-deref	workspace/openssl-bc/bc/ssl/quic/libssl-lib-qlog_event_helpers.bc	-	-	0.065
0	leak	workspace/openssl-bc/bc/ssl/quic/libssl-lib-quic_ackm.bc	-	-	0.119
0	dfree	workspace/openssl-bc/bc/ssl/quic/libssl-lib-quic_ackm.bc	-	-	0.115
0	fileck	workspace/openssl-bc/bc/ssl/quic/libssl-lib-quic_ackm.bc	-	-	0.114
0	null-deref	workspace/openssl-bc/bc/ssl/quic/libssl-lib-quic_ackm.bc	-	-	0.114
0	leak	workspace/openssl-bc/bc/ssl/quic/libssl-lib-quic_cfq.bc	-	-	0.035
0	dfree	workspace/openssl-bc/bc/ssl/quic/libssl-lib-quic_cfq.bc	-	-	0.032
0	fileck	workspace/openssl-bc/bc/ssl/quic/libssl-lib-quic_cfq.bc	-	-	0.032
0	null-deref	workspace/openssl-bc/bc/ssl/quic/libssl-lib-quic_cfq.bc	-	-	0.032
0	leak	workspace/openssl-bc/bc/ssl/quic/libssl-lib-quic_channel.bc	-	outputs/saber/openssl/workspace__openssl-bc__bc__ssl__quic__libssl-lib-quic_channel.leak.stderr.txt	0.214
0	dfree	workspace/openssl-bc/bc/ssl/quic/libssl-lib-quic_channel.bc	-	-	0.214
0	fileck	workspace/openssl-bc/bc/ssl/quic/libssl-lib-quic_channel.bc	-	-	0.214
0	null-deref	workspace/openssl-bc/bc/ssl/quic/libssl-lib-quic_channel.bc	-	outputs/saber/openssl/workspace__openssl-bc__bc__ssl__quic__libssl-lib-quic_channel.null-deref.stderr.txt	0.220
0	leak	workspace/openssl-bc/bc/ssl/quic/libssl-lib-quic_demux.bc	-	outputs/saber/openssl/workspace__openssl-bc__bc__ssl__quic__libssl-lib-quic_demux.leak.stderr.txt	0.064
0	dfree	workspace/openssl-bc/bc/ssl/quic/libssl-lib-quic_demux.bc	-	-	0.064
0	fileck	workspace/openssl-bc/bc/ssl/quic/libssl-lib-quic_demux.bc	-	-	0.064
0	null-deref	workspace/openssl-bc/bc/ssl/quic/libssl-lib-quic_demux.bc	-	outputs/saber/openssl/workspace__openssl-bc__bc__ssl__quic__libssl-lib-quic_demux.null-deref.stderr.txt	0.064
0	leak	workspace/openssl-bc/bc/ssl/quic/libssl-lib-quic_engine.bc	-	-	0.032
0	dfree	workspace/openssl-bc/bc/ssl/quic/libssl-lib-quic_engine.bc	-	-	0.032
0	fileck	workspace/openssl-bc/bc/ssl/quic/libssl-lib-quic_engine.bc	-	-	0.032
0	null-deref	workspace/openssl-bc/bc/ssl/quic/libssl-lib-quic_engine.bc	-	-	0.032
0	leak	workspace/openssl-bc/bc/ssl/quic/libssl-lib-quic_fc.bc	-	-	0.032
0	dfree	workspace/openssl-bc/bc/ssl/quic/libssl-lib-quic_fc.bc	-	-	0.032
0	fileck	workspace/openssl-bc/bc/ssl/quic/libssl-lib-quic_fc.bc	-	-	0.032
0	null-deref	workspace/openssl-bc/bc/ssl/quic/libssl-lib-quic_fc.bc	-	-	0.032
0	leak	workspace/openssl-bc/bc/ssl/quic/libssl-lib-quic_fifd.bc	-	-	0.032
0	dfree	workspace/openssl-bc/bc/ssl/quic/libssl-lib-quic_fifd.bc	-	-	0.032
0	fileck	workspace/openssl-bc/bc/ssl/quic/libssl-lib-quic_fifd.bc	-	-	0.032
0	null-deref	workspace/openssl-bc/bc/ssl/quic/libssl-lib-quic_fifd.bc	-	-	0.032
0	leak	workspace/openssl-bc/bc/ssl/quic/libssl-lib-quic_impl.bc	-	-	0.265
0	dfree	workspace/openssl-bc/bc/ssl/quic/libssl-lib-quic_impl.bc	-	-	0.265
0	fileck	workspace/openssl-bc/bc/ssl/quic/libssl-lib-quic_impl.bc	-	-	0.265
0	null-deref	workspace/openssl-bc/bc/ssl/quic/libssl-lib-quic_impl.bc	-	-	0.265
0	leak	workspace/openssl-bc/bc/ssl/quic/libssl-lib-quic_lcidm.bc	-	-	0.064
0	dfree	workspace/openssl-bc/bc/ssl/quic/libssl-lib-quic_lcidm.bc	-	-	0.064
0	fileck	workspace/openssl-bc/bc/ssl/quic/libssl-lib-quic_lcidm.bc	-	-	0.064
0	null-deref	workspace/openssl-bc/bc/ssl/quic/libssl-lib-quic_lcidm.bc	-	-	0.041
0	leak	workspace/openssl-bc/bc/ssl/quic/libssl-lib-quic_method.bc	-	-	0.016
0	dfree	workspace/openssl-bc/bc/ssl/quic/libssl-lib-quic_method.bc	-	-	0.016
0	fileck	workspace/openssl-bc/bc/ssl/quic/libssl-lib-quic_method.bc	-	-	0.016
0	null-deref	workspace/openssl-bc/bc/ssl/quic/libssl-lib-quic_method.bc	-	-	0.016
0	leak	workspace/openssl-bc/bc/ssl/quic/libssl-lib-quic_obj.bc	-	-	0.032
0	dfree	workspace/openssl-bc/bc/ssl/quic/libssl-lib-quic_obj.bc	-	-	0.032
0	fileck	workspace/openssl-bc/bc/ssl/quic/libssl-lib-quic_obj.bc	-	-	0.032
0	null-deref	workspace/openssl-bc/bc/ssl/quic/libssl-lib-quic_obj.bc	-	-	0.032
0	leak	workspace/openssl-bc/bc/ssl/quic/libssl-lib-quic_port.bc	-	outputs/saber/openssl/workspace__openssl-bc__bc__ssl__quic__libssl-lib-quic_port.leak.stderr.txt	0.114
0	dfree	workspace/openssl-bc/bc/ssl/quic/libssl-lib-quic_port.bc	-	-	0.114
0	fileck	workspace/openssl-bc/bc/ssl/quic/libssl-lib-quic_port.bc	-	-	0.114
0	null-deref	workspace/openssl-bc/bc/ssl/quic/libssl-lib-quic_port.bc	-	outputs/saber/openssl/workspace__openssl-bc__bc__ssl__quic__libssl-lib-quic_port.null-deref.stderr.txt	0.125
0	leak	workspace/openssl-bc/bc/ssl/quic/libssl-lib-quic_rcidm.bc	-	-	0.065
0	dfree	workspace/openssl-bc/bc/ssl/quic/libssl-lib-quic_rcidm.bc	-	-	0.035
0	fileck	workspace/openssl-bc/bc/ssl/quic/libssl-lib-quic_rcidm.bc	-	-	0.064
0	null-deref	workspace/openssl-bc/bc/ssl/quic/libssl-lib-quic_rcidm.bc	-	-	0.064
0	leak	workspace/openssl-bc/bc/ssl/quic/libssl-lib-quic_reactor.bc	-	-	0.032
0	dfree	workspace/openssl-bc/bc/ssl/quic/libssl-lib-quic_reactor.bc	-	-	0.032
0	fileck	workspace/openssl-bc/bc/ssl/quic/libssl-lib-quic_reactor.bc	-	-	0.032
0	null-deref	workspace/openssl-bc/bc/ssl/quic/libssl-lib-quic_reactor.bc	-	-	0.032
0	leak	workspace/openssl-bc/bc/ssl/quic/libssl-lib-quic_reactor_wait_ctx.bc	-	-	0.032
0	dfree	workspace/openssl-bc/bc/ssl/quic/libssl-lib-quic_reactor_wait_ctx.bc	-	-	0.032
0	fileck	workspace/openssl-bc/bc/ssl/quic/libssl-lib-quic_reactor_wait_ctx.bc	-	-	0.032
0	null-deref	workspace/openssl-bc/bc/ssl/quic/libssl-lib-quic_reactor_wait_ctx.bc	-	-	0.032
0	leak	workspace/openssl-bc/bc/ssl/quic/libssl-lib-quic_record_rx.bc	-	outputs/saber/openssl/workspace__openssl-bc__bc__ssl__quic__libssl-lib-quic_record_rx.leak.stderr.txt	0.114
0	dfree	workspace/openssl-bc/bc/ssl/quic/libssl-lib-quic_record_rx.bc	-	-	0.114
0	fileck	workspace/openssl-bc/bc/ssl/quic/libssl-lib-quic_record_rx.bc	-	-	0.114
0	null-deref	workspace/openssl-bc/bc/ssl/quic/libssl-lib-quic_record_rx.bc	-	outputs/saber/openssl/workspace__openssl-bc__bc__ssl__quic__libssl-lib-quic_record_rx.null-deref.stderr.txt	0.114
0	leak	workspace/openssl-bc/bc/ssl/quic/libssl-lib-quic_record_shared.bc	-	-	0.032
0	dfree	workspace/openssl-bc/bc/ssl/quic/libssl-lib-quic_record_shared.bc	-	-	0.032
0	fileck	workspace/openssl-bc/bc/ssl/quic/libssl-lib-quic_record_shared.bc	-	-	0.032
0	null-deref	workspace/openssl-bc/bc/ssl/quic/libssl-lib-quic_record_shared.bc	-	-	0.032
0	leak	workspace/openssl-bc/bc/ssl/quic/libssl-lib-quic_record_tx.bc	-	outputs/saber/openssl/workspace__openssl-bc__bc__ssl__quic__libssl-lib-quic_record_tx.leak.stderr.txt	0.064
0	dfree	workspace/openssl-bc/bc/ssl/quic/libssl-lib-quic_record_tx.bc	-	-	0.064
0	fileck	workspace/openssl-bc/bc/ssl/quic/libssl-lib-quic_record_tx.bc	-	-	0.064
0	null-deref	workspace/openssl-bc/bc/ssl/quic/libssl-lib-quic_record_tx.bc	-	outputs/saber/openssl/workspace__openssl-bc__bc__ssl__quic__libssl-lib-quic_record_tx.null-deref.stderr.txt	0.064
0	leak	workspace/openssl-bc/bc/ssl/quic/libssl-lib-quic_record_util.bc	-	-	0.032
0	dfree	workspace/openssl-bc/bc/ssl/quic/libssl-lib-quic_record_util.bc	-	-	0.032
0	fileck	workspace/openssl-bc/bc/ssl/quic/libssl-lib-quic_record_util.bc	-	-	0.032
0	null-deref	workspace/openssl-bc/bc/ssl/quic/libssl-lib-quic_record_util.bc	-	-	0.032
0	leak	workspace/openssl-bc/bc/ssl/quic/libssl-lib-quic_rstream.bc	-	outputs/saber/openssl/workspace__openssl-bc__bc__ssl__quic__libssl-lib-quic_rstream.leak.stderr.txt	0.064
0	dfree	workspace/openssl-bc/bc/ssl/quic/libssl-lib-quic_rstream.bc	-	-	0.064
0	fileck	workspace/openssl-bc/bc/ssl/quic/libssl-lib-quic_rstream.bc	-	-	0.032
0	null-deref	workspace/openssl-bc/bc/ssl/quic/libssl-lib-quic_rstream.bc	-	outputs/saber/openssl/workspace__openssl-bc__bc__ssl__quic__libssl-lib-quic_rstream.null-deref.stderr.txt	0.064
0	leak	workspace/openssl-bc/bc/ssl/quic/libssl-lib-quic_rx_depack.bc	-	outputs/saber/openssl/workspace__openssl-bc__bc__ssl__quic__libssl-lib-quic_rx_depack.leak.stderr.txt	0.064
0	dfree	workspace/openssl-bc/bc/ssl/quic/libssl-lib-quic_rx_depack.bc	-	-	0.064
0	fileck	workspace/openssl-bc/bc/ssl/quic/libssl-lib-quic_rx_depack.bc	-	-	0.064
0	null-deref	workspace/openssl-bc/bc/ssl/quic/libssl-lib-quic_rx_depack.bc	-	outputs/saber/openssl/workspace__openssl-bc__bc__ssl__quic__libssl-lib-quic_rx_depack.null-deref.stderr.txt	0.064
0	leak	workspace/openssl-bc/bc/ssl/quic/libssl-lib-quic_sf_list.bc	-	-	0.032
0	dfree	workspace/openssl-bc/bc/ssl/quic/libssl-lib-quic_sf_list.bc	-	-	0.032
0	fileck	workspace/openssl-bc/bc/ssl/quic/libssl-lib-quic_sf_list.bc	-	-	0.032
0	null-deref	workspace/openssl-bc/bc/ssl/quic/libssl-lib-quic_sf_list.bc	-	-	0.032
0	leak	workspace/openssl-bc/bc/ssl/quic/libssl-lib-quic_srt_gen.bc	-	-	0.016
0	dfree	workspace/openssl-bc/bc/ssl/quic/libssl-lib-quic_srt_gen.bc	-	-	0.016
0	fileck	workspace/openssl-bc/bc/ssl/quic/libssl-lib-quic_srt_gen.bc	-	-	0.016
0	null-deref	workspace/openssl-bc/bc/ssl/quic/libssl-lib-quic_srt_gen.bc	-	-	0.016
0	leak	workspace/openssl-bc/bc/ssl/quic/libssl-lib-quic_srtm.bc	-	-	0.032
0	dfree	workspace/openssl-bc/bc/ssl/quic/libssl-lib-quic_srtm.bc	-	-	0.032
0	fileck	workspace/openssl-bc/bc/ssl/quic/libssl-lib-quic_srtm.bc	-	-	0.032
0	null-deref	workspace/openssl-bc/bc/ssl/quic/libssl-lib-quic_srtm.bc	-	-	0.032
0	leak	workspace/openssl-bc/bc/ssl/quic/libssl-lib-quic_sstream.bc	-	outputs/saber/openssl/workspace__openssl-bc__bc__ssl__quic__libssl-lib-quic_sstream.leak.stderr.txt	0.064
0	dfree	workspace/openssl-bc/bc/ssl/quic/libssl-lib-quic_sstream.bc	-	-	0.064
0	fileck	workspace/openssl-bc/bc/ssl/quic/libssl-lib-quic_sstream.bc	-	-	0.032
0	null-deref	workspace/openssl-bc/bc/ssl/quic/libssl-lib-quic_sstream.bc	-	outputs/saber/openssl/workspace__openssl-bc__bc__ssl__quic__libssl-lib-quic_sstream.null-deref.stderr.txt	0.064
0	leak	workspace/openssl-bc/bc/ssl/quic/libssl-lib-quic_statm.bc	-	-	0.025
0	dfree	workspace/openssl-bc/bc/ssl/quic/libssl-lib-quic_statm.bc	-	-	0.032
0	fileck	workspace/openssl-bc/bc/ssl/quic/libssl-lib-quic_statm.bc	-	-	0.032
0	null-deref	workspace/openssl-bc/bc/ssl/quic/libssl-lib-quic_statm.bc	-	-	0.032
0	leak	workspace/openssl-bc/bc/ssl/quic/libssl-lib-quic_stream_map.bc	-	-	0.064
0	dfree	workspace/openssl-bc/bc/ssl/quic/libssl-lib-quic_stream_map.bc	-	-	0.064
0	fileck	workspace/openssl-bc/bc/ssl/quic/libssl-lib-quic_stream_map.bc	-	-	0.071
0	null-deref	workspace/openssl-bc/bc/ssl/quic/libssl-lib-quic_stream_map.bc	-	-	0.071
0	leak	workspace/openssl-bc/bc/ssl/quic/libssl-lib-quic_thread_assist.bc	-	-	0.032
0	dfree	workspace/openssl-bc/bc/ssl/quic/libssl-lib-quic_thread_assist.bc	-	-	0.032
0	fileck	workspace/openssl-bc/bc/ssl/quic/libssl-lib-quic_thread_assist.bc	-	-	0.032
0	null-deref	workspace/openssl-bc/bc/ssl/quic/libssl-lib-quic_thread_assist.bc	-	-	0.032
0	leak	workspace/openssl-bc/bc/ssl/quic/libssl-lib-quic_tls.bc	-	outputs/saber/openssl/workspace__openssl-bc__bc__ssl__quic__libssl-lib-quic_tls.leak.stderr.txt	0.064
0	dfree	workspace/openssl-bc/bc/ssl/quic/libssl-lib-quic_tls.bc	-	-	0.064
0	fileck	workspace/openssl-bc/bc/ssl/quic/libssl-lib-quic_tls.bc	-	-	0.064
0	null-deref	workspace/openssl-bc/bc/ssl/quic/libssl-lib-quic_tls.bc	-	outputs/saber/openssl/workspace__openssl-bc__bc__ssl__quic__libssl-lib-quic_tls.null-deref.stderr.txt	0.064
0	leak	workspace/openssl-bc/bc/ssl/quic/libssl-lib-quic_tls_api.bc	-	-	0.032
0	dfree	workspace/openssl-bc/bc/ssl/quic/libssl-lib-quic_tls_api.bc	-	-	0.032
0	fileck	workspace/openssl-bc/bc/ssl/quic/libssl-lib-quic_tls_api.bc	-	-	0.032
0	null-deref	workspace/openssl-bc/bc/ssl/quic/libssl-lib-quic_tls_api.bc	-	-	0.032
0	leak	workspace/openssl-bc/bc/ssl/quic/libssl-lib-quic_trace.bc	-	-	0.064
0	dfree	workspace/openssl-bc/bc/ssl/quic/libssl-lib-quic_trace.bc	-	-	0.039
0	fileck	workspace/openssl-bc/bc/ssl/quic/libssl-lib-quic_trace.bc	-	-	0.064
0	null-deref	workspace/openssl-bc/bc/ssl/quic/libssl-lib-quic_trace.bc	-	-	0.064
0	leak	workspace/openssl-bc/bc/ssl/quic/libssl-lib-quic_tserver.bc	-	-	0.064
0	dfree	workspace/openssl-bc/bc/ssl/quic/libssl-lib-quic_tserver.bc	-	-	0.064
0	fileck	workspace/openssl-bc/bc/ssl/quic/libssl-lib-quic_tserver.bc	-	-	0.064
0	null-deref	workspace/openssl-bc/bc/ssl/quic/libssl-lib-quic_tserver.bc	-	-	0.064
0	leak	workspace/openssl-bc/bc/ssl/quic/libssl-lib-quic_txp.bc	-	outputs/saber/openssl/workspace__openssl-bc__bc__ssl__quic__libssl-lib-quic_txp.leak.stderr.txt	0.164
0	dfree	workspace/openssl-bc/bc/ssl/quic/libssl-lib-quic_txp.bc	-	-	0.164
0	fileck	workspace/openssl-bc/bc/ssl/quic/libssl-lib-quic_txp.bc	-	-	0.119
0	null-deref	workspace/openssl-bc/bc/ssl/quic/libssl-lib-quic_txp.bc	-	outputs/saber/openssl/workspace__openssl-bc__bc__ssl__quic__libssl-lib-quic_txp.null-deref.stderr.txt	0.165
0	leak	workspace/openssl-bc/bc/ssl/quic/libssl-lib-quic_txpim.bc	-	-	0.020
0	dfree	workspace/openssl-bc/bc/ssl/quic/libssl-lib-quic_txpim.bc	-	-	0.032
0	fileck	workspace/openssl-bc/bc/ssl/quic/libssl-lib-quic_txpim.bc	-	-	0.032
0	null-deref	workspace/openssl-bc/bc/ssl/quic/libssl-lib-quic_txpim.bc	-	-	0.032
0	leak	workspace/openssl-bc/bc/ssl/quic/libssl-lib-quic_types.bc	-	-	0.016
0	dfree	workspace/openssl-bc/bc/ssl/quic/libssl-lib-quic_types.bc	-	-	0.016
0	fileck	workspace/openssl-bc/bc/ssl/quic/libssl-lib-quic_types.bc	-	-	0.016
0	null-deref	workspace/openssl-bc/bc/ssl/quic/libssl-lib-quic_types.bc	-	-	0.016
0	leak	workspace/openssl-bc/bc/ssl/quic/libssl-lib-quic_wire.bc	-	-	0.114
0	dfree	workspace/openssl-bc/bc/ssl/quic/libssl-lib-quic_wire.bc	-	-	0.114
0	fileck	workspace/openssl-bc/bc/ssl/quic/libssl-lib-quic_wire.bc	-	-	0.074
0	null-deref	workspace/openssl-bc/bc/ssl/quic/libssl-lib-quic_wire.bc	-	-	0.114
0	leak	workspace/openssl-bc/bc/ssl/quic/libssl-lib-quic_wire_pkt.bc	-	-	0.064
0	dfree	workspace/openssl-bc/bc/ssl/quic/libssl-lib-quic_wire_pkt.bc	-	-	0.064
0	fileck	workspace/openssl-bc/bc/ssl/quic/libssl-lib-quic_wire_pkt.bc	-	-	0.064
0	null-deref	workspace/openssl-bc/bc/ssl/quic/libssl-lib-quic_wire_pkt.bc	-	-	0.064
0	leak	workspace/openssl-bc/bc/ssl/quic/libssl-lib-uint_set.bc	-	outputs/saber/openssl/workspace__openssl-bc__bc__ssl__quic__libssl-lib-uint_set.leak.stderr.txt	0.032
0	dfree	workspace/openssl-bc/bc/ssl/quic/libssl-lib-uint_set.bc	-	-	0.032
0	fileck	workspace/openssl-bc/bc/ssl/quic/libssl-lib-uint_set.bc	-	-	0.032
0	null-deref	workspace/openssl-bc/bc/ssl/quic/libssl-lib-uint_set.bc	-	outputs/saber/openssl/workspace__openssl-bc__bc__ssl__quic__libssl-lib-uint_set.null-deref.stderr.txt	0.032
0	leak	workspace/openssl-bc/bc/ssl/record/libssl-lib-rec_layer_d1.bc	-	outputs/saber/openssl/workspace__openssl-bc__bc__ssl__record__libssl-lib-rec_layer_d1.leak.stderr.txt	0.064
0	dfree	workspace/openssl-bc/bc/ssl/record/libssl-lib-rec_layer_d1.bc	-	-	0.064
0	fileck	workspace/openssl-bc/bc/ssl/record/libssl-lib-rec_layer_d1.bc	-	-	0.064
0	null-deref	workspace/openssl-bc/bc/ssl/record/libssl-lib-rec_layer_d1.bc	-	outputs/saber/openssl/workspace__openssl-bc__bc__ssl__record__libssl-lib-rec_layer_d1.null-deref.stderr.txt	0.064
0	leak	workspace/openssl-bc/bc/ssl/record/libssl-lib-rec_layer_s3.bc	-	outputs/saber/openssl/workspace__openssl-bc__bc__ssl__record__libssl-lib-rec_layer_s3.leak.stderr.txt	0.114
0	dfree	workspace/openssl-bc/bc/ssl/record/libssl-lib-rec_layer_s3.bc	-	-	0.114
0	fileck	workspace/openssl-bc/bc/ssl/record/libssl-lib-rec_layer_s3.bc	-	-	0.114
0	null-deref	workspace/openssl-bc/bc/ssl/record/libssl-lib-rec_layer_s3.bc	-	outputs/saber/openssl/workspace__openssl-bc__bc__ssl__record__libssl-lib-rec_layer_s3.null-deref.stderr.txt	0.119
0	leak	workspace/openssl-bc/bc/ssl/record/methods/libcommon-lib-tls_pad.bc	-	outputs/saber/openssl/workspace__openssl-bc__bc__ssl__record__methods__libcommon-lib-tls_pad.leak.stderr.txt	0.032
0	dfree	workspace/openssl-bc/bc/ssl/record/methods/libcommon-lib-tls_pad.bc	-	-	0.033
0	fileck	workspace/openssl-bc/bc/ssl/record/methods/libcommon-lib-tls_pad.bc	-	-	0.032
0	null-deref	workspace/openssl-bc/bc/ssl/record/methods/libcommon-lib-tls_pad.bc	-	outputs/saber/openssl/workspace__openssl-bc__bc__ssl__record__methods__libcommon-lib-tls_pad.null-deref.stderr.txt	0.032
0	leak	workspace/openssl-bc/bc/ssl/record/methods/libdefault-lib-ssl3_cbc.bc	-	-	0.032
0	dfree	workspace/openssl-bc/bc/ssl/record/methods/libdefault-lib-ssl3_cbc.bc	-	-	0.032
0	fileck	workspace/openssl-bc/bc/ssl/record/methods/libdefault-lib-ssl3_cbc.bc	-	-	0.032
0	null-deref	workspace/openssl-bc/bc/ssl/record/methods/libdefault-lib-ssl3_cbc.bc	-	-	0.032
0	leak	workspace/openssl-bc/bc/ssl/record/methods/libssl-lib-dtls_meth.bc	-	outputs/saber/openssl/workspace__openssl-bc__bc__ssl__record__methods__libssl-lib-dtls_meth.leak.stderr.txt	0.064
0	dfree	workspace/openssl-bc/bc/ssl/record/methods/libssl-lib-dtls_meth.bc	-	-	0.072
0	fileck	workspace/openssl-bc/bc/ssl/record/methods/libssl-lib-dtls_meth.bc	-	-	0.064
0	null-deref	workspace/openssl-bc/bc/ssl/record/methods/libssl-lib-dtls_meth.bc	-	outputs/saber/openssl/workspace__openssl-bc__bc__ssl__record__methods__libssl-lib-dtls_meth.null-deref.stderr.txt	0.064
0	leak	workspace/openssl-bc/bc/ssl/record/methods/libssl-lib-tls13_meth.bc	-	outputs/saber/openssl/workspace__openssl-bc__bc__ssl__record__methods__libssl-lib-tls13_meth.leak.stderr.txt	0.032
0	dfree	workspace/openssl-bc/bc/ssl/record/methods/libssl-lib-tls13_meth.bc	-	-	0.032
0	fileck	workspace/openssl-bc/bc/ssl/record/methods/libssl-lib-tls13_meth.bc	-	-	0.032
0	null-deref	workspace/openssl-bc/bc/ssl/record/methods/libssl-lib-tls13_meth.bc	-	outputs/saber/openssl/workspace__openssl-bc__bc__ssl__record__methods__libssl-lib-tls13_meth.null-deref.stderr.txt	0.032
0	leak	workspace/openssl-bc/bc/ssl/record/methods/libssl-lib-tls1_meth.bc	-	-	0.064
0	dfree	workspace/openssl-bc/bc/ssl/record/methods/libssl-lib-tls1_meth.bc	-	-	0.064
0	fileck	workspace/openssl-bc/bc/ssl/record/methods/libssl-lib-tls1_meth.bc	-	-	0.064
0	null-deref	workspace/openssl-bc/bc/ssl/record/methods/libssl-lib-tls1_meth.bc	-	-	0.065
0	leak	workspace/openssl-bc/bc/ssl/record/methods/libssl-lib-tls_common.bc	-	outputs/saber/openssl/workspace__openssl-bc__bc__ssl__record__methods__libssl-lib-tls_common.leak.stderr.txt	0.114
0	dfree	workspace/openssl-bc/bc/ssl/record/methods/libssl-lib-tls_common.bc	-	-	0.114
0	fileck	workspace/openssl-bc/bc/ssl/record/methods/libssl-lib-tls_common.bc	-	-	0.114
0	null-deref	workspace/openssl-bc/bc/ssl/record/methods/libssl-lib-tls_common.bc	-	outputs/saber/openssl/workspace__openssl-bc__bc__ssl__record__methods__libssl-lib-tls_common.null-deref.stderr.txt	0.114
0	leak	workspace/openssl-bc/bc/ssl/record/methods/libssl-lib-tls_multib.bc	-	-	0.014
0	dfree	workspace/openssl-bc/bc/ssl/record/methods/libssl-lib-tls_multib.bc	-	-	0.016
0	fileck	workspace/openssl-bc/bc/ssl/record/methods/libssl-lib-tls_multib.bc	-	-	0.016
0	null-deref	workspace/openssl-bc/bc/ssl/record/methods/libssl-lib-tls_multib.bc	-	-	0.016
0	leak	workspace/openssl-bc/bc/ssl/record/methods/libssl-lib-tlsany_meth.bc	-	-	0.032
0	dfree	workspace/openssl-bc/bc/ssl/record/methods/libssl-lib-tlsany_meth.bc	-	-	0.032
0	fileck	workspace/openssl-bc/bc/ssl/record/methods/libssl-lib-tlsany_meth.bc	-	-	0.032
0	null-deref	workspace/openssl-bc/bc/ssl/record/methods/libssl-lib-tlsany_meth.bc	-	-	0.032
0	leak	workspace/openssl-bc/bc/ssl/rio/libssl-lib-poll_builder.bc	-	outputs/saber/openssl/workspace__openssl-bc__bc__ssl__rio__libssl-lib-poll_builder.leak.stderr.txt	0.032
0	dfree	workspace/openssl-bc/bc/ssl/rio/libssl-lib-poll_builder.bc	-	-	0.032
0	fileck	workspace/openssl-bc/bc/ssl/rio/libssl-lib-poll_builder.bc	-	-	0.032
0	null-deref	workspace/openssl-bc/bc/ssl/rio/libssl-lib-poll_builder.bc	-	outputs/saber/openssl/workspace__openssl-bc__bc__ssl__rio__libssl-lib-poll_builder.null-deref.stderr.txt	0.032
0	leak	workspace/openssl-bc/bc/ssl/rio/libssl-lib-poll_immediate.bc	-	-	0.032
0	dfree	workspace/openssl-bc/bc/ssl/rio/libssl-lib-poll_immediate.bc	-	-	0.032
0	fileck	workspace/openssl-bc/bc/ssl/rio/libssl-lib-poll_immediate.bc	-	-	0.032
0	null-deref	workspace/openssl-bc/bc/ssl/rio/libssl-lib-poll_immediate.bc	-	-	0.032
0	leak	workspace/openssl-bc/bc/ssl/rio/libssl-lib-rio_notifier.bc	-	-	0.016
0	dfree	workspace/openssl-bc/bc/ssl/rio/libssl-lib-rio_notifier.bc	-	-	0.016
0	fileck	workspace/openssl-bc/bc/ssl/rio/libssl-lib-rio_notifier.bc	-	-	0.016
0	null-deref	workspace/openssl-bc/bc/ssl/rio/libssl-lib-rio_notifier.bc	-	-	0.016
0	leak	workspace/openssl-bc/bc/ssl/statem/libssl-lib-extensions.bc	-	-	0.114
0	dfree	workspace/openssl-bc/bc/ssl/statem/libssl-lib-extensions.bc	-	-	0.114
0	fileck	workspace/openssl-bc/bc/ssl/statem/libssl-lib-extensions.bc	-	-	0.114
0	null-deref	workspace/openssl-bc/bc/ssl/statem/libssl-lib-extensions.bc	-	-	0.114
0	leak	workspace/openssl-bc/bc/ssl/statem/libssl-lib-extensions_clnt.bc	-	-	0.165
0	dfree	workspace/openssl-bc/bc/ssl/statem/libssl-lib-extensions_clnt.bc	-	-	0.165
0	fileck	workspace/openssl-bc/bc/ssl/statem/libssl-lib-extensions_clnt.bc	-	-	0.165
0	null-deref	workspace/openssl-bc/bc/ssl/statem/libssl-lib-extensions_clnt.bc	-	-	0.214
0	leak	workspace/openssl-bc/bc/ssl/statem/libssl-lib-extensions_cust.bc	-	outputs/saber/openssl/workspace__openssl-bc__bc__ssl__statem__libssl-lib-extensions_cust.leak.stderr.txt	0.068
0	dfree	workspace/openssl-bc/bc/ssl/statem/libssl-lib-extensions_cust.bc	-	-	0.064
0	fileck	workspace/openssl-bc/bc/ssl/statem/libssl-lib-extensions_cust.bc	-	-	0.064
0	null-deref	workspace/openssl-bc/bc/ssl/statem/libssl-lib-extensions_cust.bc	-	outputs/saber/openssl/workspace__openssl-bc__bc__ssl__statem__libssl-lib-extensions_cust.null-deref.stderr.txt	0.071
0	leak	workspace/openssl-bc/bc/ssl/statem/libssl-lib-extensions_srvr.bc	-	-	0.164
0	dfree	workspace/openssl-bc/bc/ssl/statem/libssl-lib-extensions_srvr.bc	-	outputs/saber/openssl/workspace__openssl-bc__bc__ssl__statem__libssl-lib-extensions_srvr.dfree.stderr.txt	0.164
0	fileck	workspace/openssl-bc/bc/ssl/statem/libssl-lib-extensions_srvr.bc	-	-	0.164
0	null-deref	workspace/openssl-bc/bc/ssl/statem/libssl-lib-extensions_srvr.bc	-	-	0.165
0	leak	workspace/openssl-bc/bc/ssl/statem/libssl-lib-statem.bc	-	-	0.064
0	dfree	workspace/openssl-bc/bc/ssl/statem/libssl-lib-statem.bc	-	-	0.071
0	fileck	workspace/openssl-bc/bc/ssl/statem/libssl-lib-statem.bc	-	-	0.064
0	null-deref	workspace/openssl-bc/bc/ssl/statem/libssl-lib-statem.bc	-	-	0.064
0	leak	workspace/openssl-bc/bc/ssl/statem/libssl-lib-statem_clnt.bc	-	outputs/saber/openssl/workspace__openssl-bc__bc__ssl__statem__libssl-lib-statem_clnt.leak.stderr.txt	0.265
0	dfree	workspace/openssl-bc/bc/ssl/statem/libssl-lib-statem_clnt.bc	-	outputs/saber/openssl/workspace__openssl-bc__bc__ssl__statem__libssl-lib-statem_clnt.dfree.stderr.txt	0.265
0	fileck	workspace/openssl-bc/bc/ssl/statem/libssl-lib-statem_clnt.bc	-	-	0.221
0	null-deref	workspace/openssl-bc/bc/ssl/statem/libssl-lib-statem_clnt.bc	-	outputs/saber/openssl/workspace__openssl-bc__bc__ssl__statem__libssl-lib-statem_clnt.null-deref.stderr.txt	0.265
0	leak	workspace/openssl-bc/bc/ssl/statem/libssl-lib-statem_dtls.bc	-	outputs/saber/openssl/workspace__openssl-bc__bc__ssl__statem__libssl-lib-statem_dtls.leak.stderr.txt	0.067
0	dfree	workspace/openssl-bc/bc/ssl/statem/libssl-lib-statem_dtls.bc	-	-	0.064
0	fileck	workspace/openssl-bc/bc/ssl/statem/libssl-lib-statem_dtls.bc	-	-	0.064
0	null-deref	workspace/openssl-bc/bc/ssl/statem/libssl-lib-statem_dtls.bc	-	outputs/saber/openssl/workspace__openssl-bc__bc__ssl__statem__libssl-lib-statem_dtls.null-deref.stderr.txt	0.114
0	leak	workspace/openssl-bc/bc/ssl/statem/libssl-lib-statem_lib.bc	-	-	0.169
0	dfree	workspace/openssl-bc/bc/ssl/statem/libssl-lib-statem_lib.bc	-	-	0.165
0	fileck	workspace/openssl-bc/bc/ssl/statem/libssl-lib-statem_lib.bc	-	-	0.164
0	null-deref	workspace/openssl-bc/bc/ssl/statem/libssl-lib-statem_lib.bc	-	-	0.164
0	leak	workspace/openssl-bc/bc/ssl/statem/libssl-lib-statem_srvr.bc	-	outputs/saber/openssl/workspace__openssl-bc__bc__ssl__statem__libssl-lib-statem_srvr.leak.stderr.txt	0.264
0	dfree	workspace/openssl-bc/bc/ssl/statem/libssl-lib-statem_srvr.bc	-	outputs/saber/openssl/workspace__openssl-bc__bc__ssl__statem__libssl-lib-statem_srvr.dfree.stderr.txt	0.265
0	fileck	workspace/openssl-bc/bc/ssl/statem/libssl-lib-statem_srvr.bc	-	-	0.222
0	null-deref	workspace/openssl-bc/bc/ssl/statem/libssl-lib-statem_srvr.bc	-	outputs/saber/openssl/workspace__openssl-bc__bc__ssl__statem__libssl-lib-statem_srvr.null-deref.stderr.txt	0.265
